Jednostka terytorialna;Kod;2011M01;2011M02;2011M03;2011M04;2011M05;2011M06;2011M07;2011M08;2011M09;2011M10;2011M11;2011M12;2012M01;2012M02;2012M03;2012M04;2012M05;2012M06;2012M07;2012M08;2012M09;2012M10;2012M11;2012M12;2013M01;2013M02;2013M03;2013M04;2013M05;2013M06;2013M07;2013M08;2013M09;2013M10;2013M11;2013M12;2014M01;2014M02;2014M03;2014M04;2014M05;2014M06;2014M07;2014M08;2014M09;2014M10;2014M11;2014M12;2015M01;2015M02;2015M03;2015M04;2015M05;2015M06;2015M07;2015M08;2015M09;2015M10;2015M11;2015M12;2016M01;2016M02;2016M03;2016M04;2016M05;2016M06;2016M07;2016M08;2016M09;2016M10;2016M11;2016M12;2017M01;2017M02;2017M03;2017M04;2017M05;2017M06;2017M07;2017M08;2017M09;2017M10;2017M11;2017M12;2018M01;2018M02;2018M03;2018M04;2018M05;2018M06;2018M07;2018M08;2018M09;2018M10;2018M11;2018M12;2019M01;2019M02;2019M03;2019M04;2019M05;2019M06;2019M07;2019M08;2019M09;2019M10;2019M11;2019M12;2020M01;2020M02;2020M03;2020M04;2020M05;2020M06;2020M07;2020M08;2020M09;2020M10;2020M11;2020M12;2021M01;2021M02;2021M03;2021M04;2021M05;2021M06;2021M07;2021M08;2021M09;2021M10;2021M11;2021M12;2022M01;2022M02;2022M03;2022M04;2022M05;2022M06;2022M07;2022M08;2022M09;2022M10;2022M11;2022M12;2023M01;2023M02;2023M03;2023M04;2023M05;2023M06;2023M07;2023M08;2023M09;2023M10;2023M11;2023M12;2024M01;2024M02;2024M03;2024M04;2024M05;2024M06;2024M07;2024M08;2024M09;2024M10;2024M11;2024M12;2025M01;2025M02;2025M03;2025M04;2025M05;2025M06;2025M07;2025M08;2025M09;2025M10;2025M11;2025M12;2026M01;2026M02;2026M03;2026M04
Powiat bocheński;011212001000;9,3;9,7;9,9;9,6;9,5;9,0;8,9;8,9;9,0;9,2;9,3;9,7;10,3;10,7;10,7;10,6;10,5;10,3;10,2;10,2;10,5;10,6;11,0;11,2;12,0;12,3;12,3;12,1;11,6;11,0;10,8;10,7;10,8;10,8;11,1;11,0;11,5;11,6;11,5;11,0;10,4;9,8;9,9;9,7;9,6;9,6;9,6;9,2;9,5;9,6;9,3;8,6;8,1;7,6;7,3;7,1;7,2;7,0;7,1;7,0;7,3;7,4;7,2;6,7;6,5;6,3;6,2;6,2;6,1;6,1;6,0;6,1;6,2;6,3;6,1;5,8;5,5;5,4;5,3;5,4;5,4;5,2;5,1;5,2;5,3;5,4;5,2;4,9;4,7;4,5;4,6;4,5;4,5;4,4;4,5;4,5;4,6;4,6;4,4;4,2;4,0;3,7;3,2;3,0;2,8;2,5;2,6;2,6;2,7;2,8;3,0;3,3;3,6;3,7;3,8;3,9;4,0;4,1;4,1;4,1;4,3;4,4;4,3;4,3;4,2;4,0;4,0;4,0;3,9;3,8;3,7;4,4;4,6;4,6;4,4;4,2;4,1;4,0;3,9;3,7;3,6;3,4;3,4;3,0;3,1;3,3;3,1;2,9;2,8;2,8;2,7;2,5;2,5;2,5;2,4;2,3;2,5;2,6;2,6;2,5;2,6;2,5;2,4;2,5;2,4;2,4;2,4;2,4;2,6;2,7;2,7;2,6;2,5;2,6;2,7;2,9;3,0;3,0;3,0;3,0;3,3;3,5;3,5;3,5
Powiat krakowski;011212006000;12,0;12,2;12,2;12,0;11,6;11,0;10,8;10,5;10,4;10,2;10,4;10,2;10,7;10,9;10,8;10,7;10,3;9,8;9,8;9,7;9,6;9,6;10,1;10,5;11,3;11,5;11,4;11,1;10,7;10,4;10,2;10,0;10,1;10,2;10,3;10,3;10,7;10,7;10,4;9,8;9,4;8,9;8,7;8,6;8,1;8,0;8,1;8,3;8,7;8,7;8,5;8,0;7,5;6,9;6,7;6,7;6,5;6,4;6,4;6,5;6,7;6,8;6,5;6,3;6,1;5,9;5,7;5,6;5,4;5,4;5,5;5,7;5,8;5,8;5,7;5,4;5,3;5,0;5,0;5,0;4,9;4,7;4,7;4,6;4,7;4,7;4,7;4,5;4,2;4,1;4,1;4,1;4,0;4,0;4,0;4,3;4,4;4,4;4,3;4,1;3,9;3,8;3,8;3,7;3,7;3,6;3,7;3,7;3,8;3,8;3,8;4,2;4,6;4,8;4,8;4,9;5,1;5,1;5,2;5,3;5,5;5,5;5,5;5,4;5,4;5,2;5,1;5,0;4,9;4,8;4,7;5,5;5,5;5,5;5,4;5,4;5,2;5,1;5,0;4,9;4,7;4,6;4,6;4,6;4,8;4,8;4,7;4,6;4,5;4,4;4,5;4,5;4,4;4,2;4,2;4,3;4,5;4,5;4,4;4,4;4,2;4,2;4,3;4,3;4,2;4,2;4,2;4,2;4,4;4,3;4,3;4,2;4,1;4,1;4,2;4,4;4,4;4,2;4,3;4,4;4,7;4,7;4,7;4,7
Powiat miechowski;011212008000;10,5;11,6;11,5;10,7;10,6;10,3;10,7;10,8;10,9;10,8;10,9;11,3;11,9;12,1;11,8;11,3;11,1;11,0;11,0;11,3;11,0;10,9;11,3;11,3;12,0;12,2;12,1;11,7;11,4;11,1;11,1;11,1;11,3;11,4;11,7;11,7;12,0;11,8;11,2;10,9;10,5;10,0;9,9;10,0;9,7;9,2;9,2;9,4;10,1;10,2;9,8;9,4;9,2;8,9;9,0;9,0;8,8;8,7;8,8;8,8;9,1;9,2;8,9;8,3;8,2;8,0;7,7;7,8;7,3;7,1;6,6;6,5;6,8;6,7;6,5;6,2;6,1;5,9;5,7;5,9;5,7;5,6;5,5;5,4;5,8;5,6;5,4;5,2;5,1;4,9;5,0;4,8;4,6;4,5;4,4;4,4;4,8;4,7;4,5;4,4;4,2;4,1;4,0;4,1;4,0;3,8;3,9;3,8;4,1;4,2;4,2;4,5;4,6;4,8;5,0;5,0;5,0;4,8;4,9;4,9;5,2;5,2;5,0;5,0;4,9;4,6;4,4;4,3;4,2;4,2;4,2;5,3;5,6;5,5;5,3;5,2;5,1;4,8;4,9;5,1;5,0;4,8;4,7;5,0;5,5;5,5;5,4;5,3;5,4;5,3;5,3;5,4;5,5;5,3;5,2;5,2;5,6;5,5;5,3;5,2;5,3;5,2;5,0;5,1;5,1;5,0;5,1;5,2;5,6;5,5;5,4;5,2;5,2;5,4;5,6;5,8;5,8;5,8;5,9;6,0;6,3;6,4;6,4;6,3
Powiat myślenicki;011212009000;13,8;14,0;14,0;13,6;13,0;12,9;13,0;12,7;12,8;12,8;12,8;13,2;14,0;14,1;14,1;13,9;13,5;13,3;13,3;13,2;13,2;13,1;13,4;14,0;14,8;15,0;15,0;14,8;14,3;14,0;13,7;13,5;13,5;13,3;13,5;13,5;14,0;13,9;13,2;12,7;12,0;11,6;11,4;11,1;10,9;10,5;10,5;10,4;11,0;11,1;10,7;10,3;9,6;8,9;8,5;8,4;8,4;7,9;7,8;7,5;8,0;8,2;7,9;7,3;6,5;5,9;5,4;5,1;5,0;4,8;4,8;4,9;5,4;5,3;5,0;4,6;4,3;3,9;3,7;3,6;3,5;3,2;3,1;3,0;3,4;3,3;3,1;2,8;2,8;2,7;2,8;2,8;2,7;2,7;2,7;2,7;3,0;3,0;2,9;2,8;2,5;2,4;2,4;2,4;2,3;2,3;2,3;2,4;2,8;2,9;2,9;3,4;3,7;3,9;4,1;4,0;3,9;3,7;3,9;3,8;4,0;4,1;4,1;3,9;3,8;3,5;3,4;3,3;3,2;2,9;2,7;3,2;3,6;3,7;3,8;3,7;3,6;3,3;3,4;3,5;3,4;3,5;3,6;3,3;3,7;3,8;3,7;3,5;3,3;3,2;3,2;3,3;3,2;3,0;3,0;3,0;3,5;3,6;3,5;3,5;3,4;3,2;3,2;3,2;3,2;3,2;3,1;3,1;3,5;3,6;3,5;3,4;3,3;3,4;3,6;3,6;3,9;3,8;3,8;3,8;4,3;4,3;4,3;4,3
Powiat proszowicki;011212014000;12,3;12,6;12,2;11,5;11,0;10,8;10,8;10,7;11,0;10,9;11,3;11,5;12,2;12,3;12,1;11,9;11,8;11,9;12,1;12,4;12,5;12,2;12,2;12,6;13,2;13,1;13,0;13,0;13,0;12,9;12,6;12,6;12,8;12,8;13,0;12,9;13,3;13,1;12,7;12,4;12,2;11,8;11,6;11,3;11,1;10,7;10,4;11,2;11,3;11,3;10,8;10,7;10,3;9,6;9,4;9,0;8,8;8,7;8,8;9,4;9,6;9,2;9,1;8,7;8,8;8,6;8,4;8,2;8,1;8,0;7,9;7,9;7,9;7,7;7,2;7,2;7,1;7,0;7,1;7,1;7,3;7,0;7,1;7,0;7,2;7,1;7,0;6,7;6,7;6,7;6,5;6,3;6,3;6,0;6,0;6,1;6,2;6,1;6,0;5,6;5,3;5,1;4,9;4,9;4,6;4,4;4,2;4,5;4,5;4,4;4,5;5,0;5,1;5,3;5,4;5,4;5,5;5,4;5,3;5,4;5,5;5,4;5,2;5,3;5,2;5,0;5,0;5,0;4,9;4,7;4,5;6,3;6,5;6,3;6,4;6,3;6,2;6,1;6,1;6,2;6,2;6,4;6,2;6,1;6,4;6,2;6,2;5,9;5,8;5,8;5,9;5,9;5,9;5,8;5,9;6,3;6,2;5,8;5,6;5,3;5,4;5,2;5,5;5,7;5,5;5,3;5,3;5,4;5,7;5,8;5,6;5,3;5,4;5,9;6,3;6,3;6,5;6,4;6,3;6,8;7,1;7,1;6,8;7,0
Powiat wielicki;011212019000;11,5;12,0;12,0;11,6;11,3;10,8;10,5;10,6;10,9;10,9;11,2;11,2;11,8;12,1;12,1;11,7;11,3;11,1;11,1;11,1;11,1;11,2;11,5;12,1;13,0;13,7;13,6;13,2;12,8;12,4;12,4;12,3;12,3;12,2;12,5;12,4;12,9;13,1;12,9;12,0;11,7;11,1;10,7;10,1;9,8;9,5;9,6;9,3;10,0;10,2;9,9;9,3;8,8;8,2;7,9;7,9;7,8;7,6;7,7;7,6;8,2;8,3;8,0;7,6;7,2;6,8;6,5;6,6;6,6;6,5;6,6;6,4;6,7;6,7;6,4;6,0;5,8;5,5;5,5;5,5;5,6;5,2;5,2;4,9;5,1;5,3;5,1;4,9;4,7;4,6;4,6;4,6;4,7;4,7;4,8;4,6;4,8;4,8;4,7;4,5;4,3;4,2;4,1;4,2;4,2;4,1;4,1;4,0;4,2;4,3;4,4;4,7;5,0;5,2;5,3;5,5;5,6;5,6;5,5;5,2;5,4;5,6;5,5;5,3;5,2;5,0;4,9;4,8;4,6;4,5;4,4;4,5;4,5;4,5;4,4;4,4;4,2;3,9;3,9;3,8;3,8;3,8;3,8;3,5;3,8;3,9;3,9;3,8;3,6;3,5;3,6;3,5;3,5;3,5;3,3;3,2;3,4;3,5;3,5;3,5;3,4;3,4;3,5;3,4;3,4;3,5;3,5;3,4;3,7;3,8;3,8;3,6;3,5;3,6;3,8;3,8;3,9;4,0;4,0;4,2;4,4;4,5;4,5;4,5
Powiat m. Kraków;011212161000;4,9;5,1;5,1;5,1;4,9;4,7;4,6;4,6;4,6;4,6;4,7;4,8;5,1;5,4;5,5;5,4;5,3;5,3;5,4;5,4;5,4;5,6;5,8;5,8;6,1;6,3;6,4;6,4;6,3;6,2;6,2;6,1;6,0;6,0;6,0;5,8;6,0;6,1;6,0;5,9;5,7;5,6;5,5;5,4;5,3;5,2;5,2;5,1;5,2;5,2;5,2;5,0;4,9;4,8;4,7;4,6;4,6;4,5;4,5;4,4;4,5;4,5;4,4;4,4;4,2;4,1;3,9;3,9;3,8;3,7;3,7;3,5;3,5;3,5;3,4;3,3;3,2;3,1;3,0;3,0;3,0;2,8;2,8;2,7;2,7;2,7;2,7;2,6;2,6;2,5;2,5;2,5;2,4;2,4;2,4;2,3;2,4;2,4;2,3;2,3;2,3;2,2;2,2;2,2;2,1;2,0;2,0;2,0;2,0;2,0;2,0;2,2;2,5;2,7;2,7;2,7;2,8;2,9;3,0;3,1;3,2;3,3;3,3;3,3;3,3;3,2;3,2;3,2;3,1;3,0;3,0;2,8;2,8;2,7;2,7;2,6;2,5;2,5;2,5;2,5;2,5;2,4;2,3;2,3;2,3;2,3;2,3;2,2;2,1;2,1;2,1;2,0;2,0;1,9;1,9;1,9;2,0;2,1;2,2;2,1;2,1;2,1;2,0;2,0;2,0;2,0;2,0;2,0;2,1;2,2;2,2;2,2;2,2;2,2;2,3;2,4;2,4;2,5;2,4;2,5;2,6;2,7;2,7;2,8
Powiat gorlicki;011212205000;14,7;15,1;14,8;14,3;13,3;12,7;12,4;12,3;12,3;12,3;12,4;12,6;13,6;13,8;13,6;13,0;12,4;12,0;11,9;12,0;12,2;12,4;12,9;13,4;14,7;15,0;14,9;14,4;13,7;13,3;13,6;13,5;13,5;13,7;13,9;14,7;15,7;15,8;15,3;14,5;13,8;13,0;12,7;12,6;12,3;12,2;12,4;12,4;13,2;13,1;12,6;12,0;11,4;10,9;10,6;10,5;10,6;10,8;11,1;11,3;11,9;12,0;11,5;10,8;10,4;9,9;9,6;9,4;9,1;8,8;8,6;8,5;9,1;8,9;8,4;7,7;7,4;7,0;6,8;6,6;6,6;6,4;6,4;6,3;6,8;6,6;6,5;6,0;5,7;5,3;5,4;5,3;5,3;5,3;5,4;5,3;5,7;5,7;5,5;5,1;4,8;4,7;4,7;4,7;4,6;4,5;4,5;4,6;5,0;5,0;5,0;5,5;5,9;6,0;6,0;6,0;6,0;5,8;5,8;6,1;6,4;6,4;6,2;6,1;5,9;5,7;5,4;5,4;5,3;5,3;5,2;7,0;7,3;7,4;7,2;6,8;6,6;6,0;5,9;5,9;5,8;6,0;6,1;6,1;6,7;6,7;6,6;6,5;6,2;6,1;6,0;5,9;5,8;5,9;5,9;6,1;6,7;6,8;6,6;6,4;6,2;6,1;6,0;6,1;6,1;6,0;6,1;6,3;6,9;6,9;6,5;6,4;6,1;6,2;6,6;7,0;7,1;7,0;7,1;7,3;7,7;7,9;8,0;7,9
Powiat limanowski;011212207000;17,8;18,0;18,0;17,4;16,8;16,4;16,4;16,5;16,8;16,7;17,0;18,2;18,8;19,0;18,7;18,1;17,5;17,4;17,7;17,7;17,8;17,7;18,1;18,7;19,6;19,8;19,6;18,9;18,4;17,9;18,3;18,3;18,3;18,3;18,5;18,6;19,1;19,1;18,6;17,7;17,0;16,5;16,4;16,4;16,2;15,8;15,7;15,8;16,4;16,5;15,9;15,3;14,6;14,0;14,0;13,8;13,8;13,5;13,3;13,5;14,2;14,3;13,7;12,8;12,2;11,2;10,7;10,1;10,2;10,0;9,9;9,9;10,5;10,4;9,8;9,4;9,0;8,9;8,7;8,8;8,8;8,4;8,3;8,4;8,9;8,9;8,6;8,0;7,8;7,5;7,7;7,6;7,7;7,4;7,6;7,5;7,9;7,8;7,4;7,0;6,7;6,4;6,5;6,6;6,6;6,4;6,6;6,8;7,3;7,1;6,9;7,4;7,6;7,6;7,8;7,8;7,7;7,6;7,5;7,6;8,0;8,0;7,6;7,2;7,0;6,7;6,4;6,4;6,3;6,1;6,0;8,1;8,7;8,4;8,2;8,0;7,7;7,5;7,7;7,8;8,0;7,9;8,1;7,3;8,0;8,1;7,6;7,1;6,9;6,8;7,0;7,1;7,2;7,2;7,3;7,2;7,8;7,7;7,3;7,0;6,8;6,7;6,9;7,0;6,9;6,8;6,8;7,0;7,4;7,4;7,1;6,7;6,5;6,8;7,3;7,4;7,5;7,3;7,5;7,7;7,9;7,8;8,0;7,8
Powiat nowosądecki;011212210000;18,4;18,6;18,4;17,4;16,5;15,9;15,9;16,0;16,1;16,1;16,8;17,3;18,2;18,5;18,3;17,7;17,0;16,6;16,7;16,7;16,9;16,7;17,3;18,0;19,0;19,3;19,2;18,6;17,9;17,2;17,1;17,0;17,1;16,8;17,2;17,6;18,3;18,2;17,9;16,8;16,0;15,4;14,9;14,6;14,4;14,1;14,5;14,6;15,2;15,2;14,9;14,1;13,4;12,9;12,9;12,8;12,9;12,9;13,1;13,6;14,2;14,2;13,6;12,7;12,0;11,1;10,4;10,1;10,2;10,1;10,2;10,2;10,6;10,4;9,9;9,3;9,1;8,8;8,7;8,7;8,7;8,5;8,6;8,6;9,1;9,0;8,8;8,4;8,0;7,8;7,9;7,9;7,9;7,9;8,0;8,1;8,4;8,4;8,0;7,7;7,5;7,3;7,4;7,4;7,6;7,6;7,6;7,8;8,2;8,1;8,1;8,8;9,1;9,1;9,0;8,9;8,9;8,9;9,0;9,0;9,5;9,4;9,1;8,6;8,3;8,0;7,9;7,9;7,7;7,7;7,7;9,6;10,0;9,9;9,7;9,6;9,4;9,1;9,2;9,3;9,5;9,6;9,6;8,7;9,6;9,6;9,3;9,1;8,8;8,8;8,6;8,7;8,8;8,7;8,6;8,7;9,2;9,1;8,8;8,4;8,0;7,8;7,8;7,8;7,8;7,7;7,7;7,7;8,3;8,3;8,1;7,8;7,7;7,5;7,6;7,7;7,9;7,8;7,9;8,2;8,6;8,7;8,6;8,3
Powiat m. Nowy Sącz;011212262000;10,5;10,7;10,5;10,6;10,0;9,6;9,5;9,8;9,7;9,4;9,7;10,1;10,8;11,0;10,9;10,7;10,5;10,4;10,3;10,4;10,5;10,4;10,7;11,0;11,7;12,1;12,0;11,9;11,6;11,2;11,2;11,1;10,8;10,5;10,8;10,7;11,3;11,4;11,1;10,8;10,2;9,7;9,8;9,7;9,4;9,1;9,1;8,9;9,4;9,4;9,4;9,0;8,5;8,0;7,8;7,8;7,7;7,6;7,5;7,6;8,1;8,3;7,9;7,4;6,9;6,5;6,4;6,2;6,3;6,3;6,3;6,2;6,4;6,1;5,7;5,1;4,8;4,5;4,4;4,5;4,4;4,2;4,1;4,1;4,4;4,2;4,1;3,8;3,6;3,2;3,0;3,2;3,2;3,2;3,2;3,2;3,6;3,4;3,3;3,0;2,9;2,7;2,7;2,7;2,6;2,5;2,6;2,7;3,0;3,1;3,2;3,6;3,9;4,1;4,1;4,0;3,8;3,7;3,8;3,9;4,2;4,3;4,2;4,1;3,8;3,5;3,5;3,4;3,2;3,1;3,1;3,1;3,3;3,3;3,2;3,0;2,9;2,8;2,9;2,9;3,0;3,0;3,2;3,3;3,7;3,8;3,7;3,7;3,5;3,4;3,5;3,6;3,4;3,4;3,5;3,6;3,9;3,9;3,7;3,6;3,5;3,4;3,4;3,4;3,4;3,4;3,5;3,5;3,8;3,8;3,9;3,7;3,5;3,7;3,9;4,0;4,1;4,1;4,1;4,2;4,4;4,5;4,6;4,5
Powiat chrzanowski;011212303000;14,9;15,3;15,1;14,6;13,8;13,1;12,8;12,8;12,8;12,9;13,1;13,5;14,7;15,1;15,2;14,8;14,3;14,0;14,0;14,2;14,4;14,5;15,1;15,6;17,1;17,4;17,5;16,9;16,4;16,1;15,9;15,7;15,9;15,9;15,9;16,4;17,2;17,2;16,9;16,1;15,1;14,5;14,2;13,9;13,7;13,6;13,6;13,6;14,4;14,5;14,4;13,9;13,5;13,1;12,4;12,0;11,9;11,4;11,6;11,9;12,6;12,8;12,7;12,1;11,7;11,2;11,0;10,8;10,4;10,4;10,4;10,4;10,8;10,8;10,6;10,0;9,6;9,3;9,3;9,3;9,1;8,8;8,6;8,8;9,2;9,1;8,9;8,5;8,3;8,1;8,0;8,1;8,0;8,0;8,1;8,0;8,3;8,2;8,0;7,4;7,2;6,9;6,9;6,8;6,4;6,3;6,4;6,3;6,8;6,8;6,7;7,0;7,4;7,5;7,7;7,7;7,7;7,7;7,7;7,8;8,2;8,3;8,2;8,0;7,9;7,6;7,5;7,3;7,1;6,9;7,0;7,4;7,6;7,6;7,6;7,4;7,0;6,6;6,4;6,2;6,2;6,3;6,3;6,3;6,9;7,1;7,0;6,6;6,5;6,4;6,4;6,3;6,2;5,9;6,0;6,1;6,6;6,7;6,5;6,2;6,1;6,0;6,0;6,2;6,0;6,0;6,1;6,3;6,5;6,8;6,6;6,4;6,3;6,3;6,6;6,8;6,8;6,9;6,9;7,0;7,4;7,7;7,7;7,5
Powiat olkuski;011212312000;15,0;15,3;15,1;14,6;14,3;14,0;13,6;13,7;14,0;14,2;14,6;14,7;15,5;15,6;15,4;15,3;15,0;14,8;14,8;15,0;15,1;15,0;15,2;16,1;16,9;17,1;17,0;16,8;16,1;15,6;15,1;15,1;15,1;14,9;15,2;15,1;15,9;15,9;15,5;15,0;14,6;14,4;14,0;13,6;13,5;13,4;13,7;13,6;14,3;14,2;13,7;13,3;13,0;12,7;12,5;12,4;12,4;12,0;12,1;12,3;12,8;13,0;12,3;11,8;11,2;10,4;9,6;9,1;9,0;8,9;9,0;8,9;9,3;9,3;8,9;8,7;8,6;8,3;8,4;8,5;8,3;8,1;8,0;8,2;8,5;8,4;8,1;7,6;7,5;7,3;7,4;7,3;7,3;7,1;7,2;7,3;7,6;7,6;7,4;7,1;6,8;6,6;6,6;6,7;6,6;6,7;6,7;6,9;7,3;7,5;7,4;7,8;8,1;7,9;7,6;7,4;7,5;7,4;7,4;7,5;7,9;8,0;7,7;7,6;7,3;7,0;6,8;6,8;6,7;6,6;6,7;7,5;7,9;7,9;7,8;7,6;7,4;7,2;7,1;7,2;7,3;7,1;7,0;7,5;8,1;8,3;8,0;7,7;7,4;7,3;7,3;7,1;7,0;6,8;6,7;6,7;7,1;7,4;7,3;6,9;6,7;6,6;6,8;7,0;7,0;7,0;6,8;6,7;7,1;7,3;7,1;6,8;6,5;6,5;6,7;6,9;7,0;7,0;6,9;7,0;7,3;7,4;7,4;7,4
Powiat oświęcimski;011212313000;13,1;13,3;13,4;12,6;12,1;11,7;11,5;11,5;11,6;11,9;12,1;12,6;13,3;13,6;13,4;13,1;12,6;12,3;12,2;12,3;12,3;12,3;12,8;13,7;14,7;15,1;14,9;14,5;13,9;13,5;13,5;13,3;13,2;13,0;13,4;13,9;14,5;14,3;13,6;12,8;12,2;11,8;11,5;11,4;11,3;11,3;11,3;11,4;11,8;11,7;11,4;10,8;10,3;9,8;9,7;9,7;9,4;9,1;9,3;9,5;10,1;10,0;9,6;9,0;8,7;8,4;8,3;8,1;7,9;7,8;7,8;7,7;7,9;8,0;7,6;7,2;6,9;6,6;6,5;6,4;6,3;6,1;6,1;6,2;6,4;6,4;6,3;5,9;5,7;5,4;5,5;5,5;5,4;5,4;5,5;5,6;5,8;5,8;5,6;5,4;5,3;5,1;5,2;5,2;5,1;5,0;5,1;5,1;5,5;5,6;5,6;6,2;6,7;6,8;6,8;6,8;6,8;6,6;6,7;6,7;7,1;7,1;6,9;6,8;6,6;6,3;6,3;6,2;6,0;5,8;5,6;6,0;6,2;6,2;6,1;6,0;5,8;5,6;5,5;5,6;5,5;5,6;5,6;5,5;5,9;5,8;5,7;5,5;5,1;5,3;5,2;5,1;5,0;4,9;4,9;4,9;5,3;5,4;5,2;5,0;4,8;4,7;4,6;4,7;4,7;4,5;4,6;4,7;5,1;5,2;5,0;4,8;4,7;4,8;5,0;5,2;5,2;5,3;5,4;5,5;6,0;6,1;6,1;6,1
Powiat wadowicki;011212318000;12,8;13,0;13,0;12,1;11,7;11,3;11,3;11,2;11,2;11,3;11,7;12,5;13,4;13,6;13,5;12,8;12,4;12,1;12,2;12,2;12,5;12,6;13,2;13,6;14,6;14,9;14,7;14,3;13,7;13,4;13,2;13,1;12,9;12,9;13,1;13,3;13,9;13,6;13,1;12,3;11,7;11,5;11,5;11,3;11,1;10,9;11,0;10,9;11,4;11,5;11,3;10,7;10,0;9,5;9,2;8,9;8,8;8,6;8,7;8,7;9,1;9,1;8,9;8,3;7,8;7,0;6,6;6,1;6,1;6,0;6,0;6,0;6,3;6,3;6,1;5,6;5,5;5,5;5,6;5,7;5,7;5,4;5,4;5,6;5,8;5,9;5,8;5,5;5,2;5,2;5,2;5,1;5,1;5,0;5,1;5,3;5,7;5,7;5,5;5,1;4,9;4,9;4,9;4,7;4,6;4,6;4,7;4,9;5,3;5,4;5,7;6,6;7,0;7,1;7,0;7,0;7,0;6,9;6,9;6,9;7,1;7,1;6,8;6,4;6,1;5,9;5,8;5,6;5,4;5,2;4,9;5,6;5,8;5,9;5,8;5,5;5,4;5,3;5,2;5,2;5,4;5,4;5,5;5,2;5,5;5,7;5,4;5,3;5,2;5,2;5,1;5,2;5,2;5,2;5,3;5,5;5,9;6,1;5,9;5,6;5,6;5,4;5,4;5,5;5,4;5,5;5,5;5,6;6,0;6,3;6,1;5,7;5,7;5,6;5,9;6,1;5,9;6,0;6,2;6,3;6,5;6,6;6,9;6,8
Powiat brzeski;011212402000;12,6;12,8;12,7;12,4;11,9;11,3;11,2;11,2;11,3;11,3;11,6;11,8;12,5;12,8;12,9;12,2;11,8;11,6;11,5;11,6;12,0;12,0;12,3;12,5;13,5;14,1;14,0;13,6;13,1;12,8;12,7;12,7;12,8;12,9;13,3;13,6;14,5;14,4;14,1;13,4;12,8;12,5;12,1;11,8;11,4;11,4;11,3;11,4;12,0;12,2;11,9;11,5;11,0;10,7;10,6;10,3;10,4;10,3;10,3;10,3;10,7;11,0;10,6;9,6;9,0;8,5;8,3;8,3;8,0;7,9;7,9;8,0;8,3;8,4;7,8;7,2;6,8;6,5;6,6;6,6;6,7;6,6;6,5;6,7;6,8;6,9;6,5;5,9;5,7;5,5;5,7;5,7;5,5;5,5;5,4;5,3;5,7;5,9;5,4;5,1;4,9;4,7;4,7;4,7;4,6;4,7;4,7;4,7;5,0;5,1;5,1;5,4;5,5;5,5;5,7;5,7;5,6;5,5;5,6;5,4;5,7;5,9;5,6;5,2;5,0;4,9;4,7;4,6;4,8;4,6;4,6;6,1;6,4;6,6;6,4;6,0;5,9;5,6;5,5;5,6;5,9;5,7;5,6;4,7;5,2;5,4;5,2;5,1;4,9;4,8;4,8;4,8;4,9;4,8;4,8;4,9;5,3;5,4;5,2;5,1;4,9;4,8;4,7;4,9;5,0;4,9;5,0;5,0;5,5;5,5;5,1;4,9;4,8;5,0;5,4;5,3;5,4;5,4;5,3;5,5;5,9;6,1;6,2;5,9
Powiat dąbrowski;011212404000;20,0;20,1;20,0;19,6;19,0;18,8;18,7;18,8;18,2;18,2;18,8;19,6;20,5;20,7;20,3;19,7;19,4;18,9;18,6;18,5;18,5;18,3;18,6;19,9;20,9;21,2;20,9;20,3;19,4;19,2;19,3;19,2;19,6;19,3;19,6;20,3;20,8;20,5;19,7;19,0;18,5;18,2;17,9;17,5;17,1;16,8;16,8;16,9;17,7;17,7;17,1;16,4;15,8;15,4;15,3;15,4;15,4;15,3;15,4;16,1;16,9;17,0;16,3;15,3;14,6;14,1;14,1;13,9;13,7;13,6;13,6;13,9;14,4;14,3;13,8;13,1;12,7;12,0;12,1;12,1;11,9;11,6;11,6;12,0;12,6;12,5;12,3;11,8;11,2;10,8;11,0;10,9;10,7;10,5;10,5;10,8;11,5;11,5;11,0;10,4;10,5;10,2;9,9;9,8;9,6;9,5;9,6;10,1;10,7;10,6;10,4;10,8;11,0;11,0;10,9;10,9;10,8;10,8;10,9;11,0;11,4;11,6;11,2;10,9;10,6;10,2;10,2;9,8;9,3;9,3;9,2;12,7;13,1;13,3;13,0;12,5;12,3;12,0;11,9;12,0;12,4;12,2;12,2;11,3;12,0;12,3;11,9;11,7;11,4;11,5;11,7;11,7;11,5;11,6;11,7;12,3;13,0;13,0;12,4;11,7;11,5;11,4;11,3;11,6;11,7;11,1;11,1;11,3;12,2;12,3;11,7;11,2;10,7;10,8;11,4;11,7;11,7;11,8;11,8;12,0;12,4;12,5;12,2;11,9
Powiat tarnowski;011212416000;14,4;14,5;13,9;13,1;12,4;12,2;12,3;12,4;12,5;12,6;13,0;13,5;14,5;14,6;14,0;13,4;12,9;12,7;12,8;13,0;13,3;13,5;14,1;15,1;16,2;16,4;15,9;15,3;14,6;14,2;13,9;14,0;14,1;14,2;14,5;15,3;16,2;16,2;15,2;14,5;13,8;13,1;12,9;12,8;12,7;12,5;12,9;13,4;14,2;14,2;13,3;12,5;11,8;11,3;10,9;11,0;11,0;10,9;11,1;11,6;12,1;12,3;11,6;10,9;10,2;9,7;9,5;9,4;9,3;9,1;9,1;9,5;10,0;10,0;9,2;8,8;8,3;8,1;7,9;7,9;7,8;7,7;7,7;8,0;8,4;8,3;7,8;7,3;7,0;6,8;6,8;6,9;6,8;6,7;6,8;7,1;7,3;7,3;6,8;6,4;6,2;6,0;5,8;5,7;5,5;5,4;5,4;5,7;6,1;6,2;5,9;6,5;6,8;6,7;6,7;6,8;6,8;6,8;6,8;7,0;7,4;7,4;7,1;6,9;6,6;6,2;6,1;6,0;5,9;5,9;5,8;8,2;8,4;8,5;8,2;8,1;7,8;7,5;7,5;7,6;7,7;7,8;7,9;7,1;7,3;7,5;7,2;6,9;6,5;6,5;6,5;6,3;6,2;6,2;6,3;6,7;7,0;7,3;7,0;6,7;6,5;6,4;6,4;6,7;6,6;6,6;6,6;6,8;7,3;7,5;7,1;7,0;6,8;6,8;7,1;7,3;7,4;7,3;7,4;7,6;8,1;8,3;8,3;8,1
Powiat m. Tarnów;011212463000;9,5;9,6;9,4;9,0;8,7;8,5;8,6;8,7;8,7;8,7;8,8;9,1;9,7;10,0;9,8;9,6;9,3;9,2;9,2;9,3;9,3;9,4;9,9;10,6;11,1;11,2;11,0;11,0;10,7;10,4;10,3;10,3;10,1;10,1;10,1;10,5;11,1;11,2;10,9;10,5;10,2;9,8;9,7;9,5;9,3;9,1;9,3;9,7;10,2;10,2;9,8;9,5;9,1;8,8;8,6;8,5;8,4;8,2;8,2;8,2;8,5;8,7;8,5;8,2;7,8;7,6;7,6;7,5;7,3;7,1;7,0;7,1;7,3;7,3;7,1;6,8;6,6;6,4;6,2;6,2;6,1;5,7;5,6;6,0;6,1;6,1;6,0;5,8;5,5;5,5;5,3;5,3;5,2;5,1;5,1;5,3;5,4;5,4;5,2;5,1;4,8;4,7;4,6;4,5;4,3;4,2;4,2;4,2;4,5;4,7;4,5;4,9;5,2;5,4;5,4;5,4;5,4;5,3;5,3;5,4;5,7;5,7;5,5;5,3;5,2;4,9;4,8;4,7;4,5;4,3;4,2;4,2;4,2;4,3;4,4;4,3;4,2;4,1;4,1;4,1;4,0;4,0;4,1;4,4;4,6;4,7;4,5;4,5;4,2;4,1;4,1;4,0;4,0;4,0;4,0;4,1;4,3;4,6;4,5;4,4;4,2;4,2;4,2;4,3;4,3;4,2;4,3;4,2;4,5;4,6;4,5;4,4;4,3;4,4;4,6;4,9;5,0;4,9;4,9;5,0;5,3;5,4;5,4;5,4
Powiat nowotarski;011216911000;12,9;13,0;12,9;12,6;11,7;11,1;11,0;10,9;11,1;11,4;11,7;12,3;13,2;13,5;13,6;13,3;12,6;12,4;12,4;12,5;12,7;13,2;13,8;13,8;14,6;14,9;14,9;14,7;14,1;13,7;13,7;13,6;13,9;14,1;14,7;14,9;15,2;15,2;14,8;14,4;13,7;13,4;12,9;12,9;12,9;12,8;13,1;13,1;13,2;13,1;13,0;12,3;11,5;10,8;10,4;10,0;10,0;10,2;10,5;10,7;11,2;11,0;10,9;10,7;9,9;9,5;9,3;9,2;9,2;9,2;9,5;9,5;9,8;9,6;9,4;8,7;7,9;7,5;7,4;7,3;7,2;6,8;7,0;7,0;7,2;7,2;7,0;6,6;6,1;5,8;5,7;5,5;5,5;5,5;5,9;5,9;6,3;6,2;6,1;5,6;5,1;4,9;4,9;5,0;4,9;5,1;5,3;5,4;5,7;5,8;5,8;6,6;6,8;6,7;6,5;6,6;6,6;6,7;7,1;7,2;7,6;7,8;7,6;7,4;7,0;6,8;6,8;6,7;6,7;6,4;6,4;7,2;7,0;6,9;6,5;6,2;5,5;5,2;4,8;5,0;5,0;5,1;5,5;4,8;5,2;5,5;5,6;5,2;5,0;4,8;4,6;4,6;4,5;4,6;4,9;4,9;5,3;5,4;5,3;5,1;4,8;4,7;4,8;4,7;4,7;4,7;4,9;4,8;5,1;5,2;5,1;4,8;4,6;4,6;4,7;4,8;4,9;5,1;5,3;5,4;5,7;5,8;6,0;5,8
Powiat suski;011216915000;11,1;11,4;11,4;10,5;9,8;9,2;9,1;9,2;9,3;9,6;10,1;10,3;11,3;11,6;11,2;10,8;10,6;10,2;10,3;10,4;10,6;11,0;11,4;12,2;13,2;13,2;13,1;12,8;12,2;11,8;11,6;11,7;11,8;11,9;12,2;12,6;13,3;13,1;12,6;11,8;11,2;10,6;10,3;9,9;9,9;9,7;9,9;10,0;10,5;10,2;9,5;8,8;8,2;7,9;7,8;7,7;7,7;7,6;7,8;8,0;8,5;8,3;7,6;7,0;6,4;5,6;5,1;5,1;5,0;5,1;5,3;5,5;5,9;5,8;5,2;4,7;4,5;4,4;4,4;4,6;4,6;4,6;4,6;4,8;5,2;5,2;4,9;4,6;4,4;4,3;4,3;4,4;4,4;4,4;4,5;4,7;5,0;4,9;4,6;4,6;4,3;4,2;4,3;4,4;4,4;4,4;4,6;4,7;4,9;4,7;4,9;5,5;5,8;5,8;5,9;6,0;5,9;6,0;6,0;6,2;6,4;6,3;5,9;5,8;5,5;5,3;5,2;4,9;4,7;4,4;4,4;5,5;5,9;5,7;5,4;5,1;4,5;4,3;4,3;4,4;4,4;4,5;4,7;4,3;4,8;4,9;4,6;4,3;4,3;4,2;4,2;4,2;4,4;4,5;4,6;4,8;5,3;5,1;4,9;4,7;4,5;4,4;4,5;4,6;4,7;4,4;4,4;4,4;4,8;4,7;4,4;4,2;4,1;4,2;4,4;4,6;4,8;4,9;4,8;5,1;5,5;5,6;5,4;5,2
Powiat tatrzański;011216917000;10,3;10,3;10,7;10,8;10,9;10,7;10,6;10,7;10,9;11,1;11,4;11,5;11,5;11,7;12,1;12,4;12,4;12,3;12,0;12,1;12,4;12,7;13,2;12,8;13,1;13,1;13,6;14,0;13,7;13,4;13,1;13,0;13,4;13,8;13,8;13,6;13,5;13,5;13,6;13,5;13,5;13,6;13,3;12,9;13,2;13,2;13,1;13,0;13,0;13,1;13,3;13,5;13,5;13,3;13,0;13,0;13,3;13,2;13,3;12,9;12,7;12,5;12,6;12,6;12,3;12,0;11,9;11,8;12,0;12,0;12,0;11,5;11,1;11,0;11,1;11,0;10,9;10,7;10,6;10,6;10,7;10,8;10,8;10,3;10,1;9,9;9,9;10,1;9,9;9,7;9,6;9,3;9,4;9,4;9,6;9,4;9,4;9,3;9,3;9,1;8,9;8,4;8,3;8,0;8,2;8,3;8,2;7,9;7,7;7,6;7,9;8,6;8,9;8,7;8,4;8,1;8,1;8,2;8,1;8,2;8,5;8,5;8,4;8,5;8,4;8,0;7,8;7,5;7,4;7,4;7,3;8,1;8,1;8,0;7,9;8,1;8,1;8,0;7,8;7,8;8,1;8,3;8,4;7,8;8,0;7,9;8,1;8,2;8,1;8,0;8,1;8,1;8,1;8,1;8,2;8,0;8,1;8,1;8,3;8,4;8,3;8,3;8,1;8,0;8,1;8,2;8,2;8,0;8,2;8,2;8,3;8,4;8,4;8,5;8,6;8,6;8,8;9,1;9,1;9,0;9,0;9,0;9,4;9,6
Powiat bielski;012414402000;9,7;9,8;9,8;9,5;9,2;9,0;9,0;9,0;9,1;9,4;9,7;9,7;10,3;10,6;10,6;10,4;10,0;9,8;9,8;9,8;10,0;10,3;10,7;11,0;11,6;11,8;11,6;11,4;10,9;10,6;10,4;10,4;10,2;10,2;10,4;10,5;10,8;10,8;10,4;9,9;9,6;9,1;8,9;8,8;8,7;8,7;8,8;8,5;8,7;8,6;8,5;8,0;7,8;7,6;7,4;7,3;7,3;7,3;7,2;7,2;7,3;7,4;7,2;6,7;6,3;5,9;5,7;5,7;5,6;5,5;5,5;5,2;5,3;5,2;5,0;4,7;4,4;4,4;4,5;4,4;4,2;4,1;4,1;4,0;4,1;4,1;4,0;3,8;3,6;3,4;3,4;3,4;3,3;3,3;3,3;3,2;3,3;3,4;3,3;3,2;3,2;3,0;3,0;2,9;2,9;2,8;2,8;2,9;3,1;3,2;3,2;3,6;4,0;4,2;4,3;4,4;4,3;4,2;4,3;4,4;4,6;4,6;4,6;4,6;4,5;4,4;4,3;4,2;4,1;3,9;3,7;3,9;4,0;3,9;3,9;3,7;3,6;3,4;3,3;3,3;3,2;3,2;3,2;3,1;3,2;3,3;3,3;3,2;3,0;3,1;3,1;3,2;3,1;3,0;3,1;3,0;3,3;3,3;3,3;3,2;3,0;2,9;2,9;3,0;3,0;3,1;3,1;3,2;3,4;3,5;3,6;3,4;3,5;3,4;3,5;3,5;3,4;3,5;3,4;3,5;3,6;3,6;3,7;3,6
Powiat cieszyński;012414403000;10,7;10,8;10,9;10,6;10,0;9,6;9,5;9,5;9,6;9,7;10,0;10,2;10,8;11,1;11,1;10,5;10,2;10,0;10,0;10,0;10,0;10,2;10,6;10,8;11,3;11,6;11,5;11,3;10,8;10,6;10,6;10,5;10,6;10,8;11,1;11,1;11,6;11,7;11,5;10,9;10,4;10,1;9,9;9,6;9,8;9,8;9,8;9,5;9,9;9,8;9,7;9,1;8,7;8,0;7,8;7,5;7,4;7,4;7,9;7,4;7,6;7,6;7,7;7,1;6,8;6,6;6,4;6,3;6,3;6,4;6,4;6,1;6,3;6,4;6,2;5,9;5,6;5,6;5,6;5,5;5,5;5,3;5,4;5,4;5,5;5,4;5,4;5,2;5,1;5,1;5,1;5,0;4,9;4,8;4,9;4,7;4,9;4,9;4,9;4,8;4,7;4,6;4,5;4,4;4,3;4,3;4,4;4,4;4,6;4,6;4,7;5,0;5,4;5,5;5,6;5,6;5,4;5,4;5,5;5,5;5,7;5,8;5,7;5,7;5,6;5,5;5,4;5,2;5,1;5,1;5,1;5,5;5,6;5,7;5,6;5,6;5,5;5,2;5,3;5,1;5,0;5,0;5,0;5,0;5,2;5,4;5,4;5,3;5,2;5,1;5,1;5,1;5,1;5,2;5,1;5,1;5,2;5,3;5,2;5,2;5,1;5,1;5,1;5,0;4,9;4,9;4,8;4,8;4,9;4,9;4,8;4,8;4,6;4,6;4,9;5,0;5,0;5,0;5,0;5,0;5,2;5,3;5,5;5,4
Powiat żywiecki;012414417000;14,5;14,7;14,6;14,3;14,0;13,4;13,2;13,3;13,6;13,7;14,0;13,9;14,7;15,0;15,5;15,4;14,6;14,2;14,0;14,1;14,6;15,0;15,4;16,4;17,6;18,0;17,9;17,2;16,5;16,1;15,9;15,9;16,3;16,0;15,8;15,9;16,6;16,7;16,4;15,5;14,8;14,1;13,6;13,4;13,8;13,5;13,2;13,2;13,7;13,6;13,4;13,1;12,9;12,3;11,5;11,1;11,0;11,1;10,8;10,4;10,8;10,8;10,8;10,8;10,2;9,7;9,4;9,2;8,9;9,0;8,8;8,5;8,7;8,6;8,5;8,0;7,5;7,2;7,2;7,1;7,2;7,0;7,0;7,1;7,4;7,6;7,5;7,2;6,8;6,5;6,5;6,5;6,7;6,7;6,7;6,9;7,3;7,3;7,1;6,7;6,4;6,2;6,1;6,1;6,1;6,1;6,2;6,2;6,6;6,7;6,6;7,1;7,5;7,7;7,7;7,6;7,4;7,3;7,3;7,7;8,0;8,1;7,8;7,7;7,5;7,1;6,8;6,8;6,6;6,3;6,2;6,7;6,9;7,0;6,6;6,3;5,8;5,3;5,2;5,3;5,1;5,1;5,2;5,0;5,5;5,7;5,4;5,2;4,9;4,9;5,1;5,1;4,9;4,9;4,9;5,0;5,4;5,6;5,5;5,3;5,1;5,1;5,3;5,5;5,3;5,5;5,6;5,8;6,3;6,5;6,2;6,0;5,8;5,9;6,3;6,4;6,4;6,6;6,8;7,0;7,8;7,9;8,0;7,8
Powiat m. Bielsko-Biała;012414461000;6,3;6,4;6,4;6,2;6,0;5,8;5,8;5,9;5,9;6,0;6,0;6,2;6,5;6,7;6,8;6,6;6,4;6,3;6,2;6,3;6,3;6,4;6,5;6,7;7,1;7,3;7,3;7,3;7,0;6,8;6,5;6,6;6,3;6,2;6,2;6,3;6,4;6,5;6,4;6,1;5,9;5,5;5,4;5,4;5,3;5,2;5,2;5,2;5,3;5,3;5,3;5,1;4,9;4,8;4,8;4,8;4,7;4,6;4,4;4,3;4,4;4,4;4,3;4,2;3,9;3,6;3,5;3,5;3,4;3,3;3,2;3,1;3,1;3,0;3,0;2,8;2,7;2,8;2,8;2,7;2,7;2,5;2,4;2,3;2,3;2,3;2,4;2,2;2,1;2,0;2,0;2,0;1,9;1,9;1,8;1,9;2,0;2,0;2,0;2,0;1,9;1,8;1,8;1,8;1,8;1,7;1,7;1,7;1,8;1,8;1,9;2,0;2,3;2,5;2,5;2,6;2,5;2,5;2,6;2,7;2,7;2,7;2,8;2,8;2,7;2,7;2,7;2,6;2,5;2,4;2,3;2,2;2,2;2,2;2,2;2,2;2,0;1,9;1,8;1,8;1,8;1,7;1,6;1,8;1,9;1,9;2,0;2,0;1,9;1,8;1,9;1,9;1,9;1,9;1,9;1,9;1,9;2,0;2,1;2,0;1,9;1,9;1,9;2,0;2,0;1,9;2,0;2,1;2,2;2,2;2,3;2,2;2,2;2,2;2,3;2,3;2,3;2,3;2,3;2,4;2,4;2,4;2,5;2,4
Powiat lubliniecki;012414507000;13,5;13,9;13,9;13,2;12,7;12,2;12,2;12,2;12,4;12,6;12,7;13,3;13,9;14,4;14,3;14,0;13,8;13,4;13,2;12,9;13,1;13,0;13,3;13,4;14,3;14,8;14,7;14,3;13,7;13,5;13,6;13,6;13,5;13,2;13,5;13,7;14,4;14,2;13,8;13,0;12,6;12,3;12,1;11,7;11,5;11,3;11,2;11,4;12,0;11,8;11,3;10,9;10,5;9,9;9,8;9,8;9,4;9,4;9,3;9,8;10,4;10,4;9,9;9,4;9,1;8,6;8,6;8,4;8,5;8,2;8,3;8,6;9,0;9,0;8,4;8,1;7,8;7,4;7,4;7,2;7,0;6,8;6,6;6,7;7,1;7,3;6,9;6,6;6,3;5,9;6,0;6,2;6,0;5,8;5,8;5,8;6,0;5,9;5,9;5,5;5,4;5,3;5,3;5,5;5,3;5,1;4,9;5,1;5,5;5,5;5,3;5,6;5,9;5,9;6,1;6,1;6,0;5,8;5,8;5,9;6,0;6,2;5,8;5,6;5,4;5,3;5,3;5,3;5,2;5,2;5,1;5,6;5,7;5,7;5,7;5,6;5,6;5,6;5,6;5,6;5,6;5,6;5,4;5,5;5,8;5,8;5,5;5,3;5,2;5,3;5,2;5,2;5,2;5,0;5,0;5,1;5,4;5,5;5,2;5,0;4,8;4,8;4,9;5,1;4,9;4,9;4,9;5,2;5,5;5,5;5,5;5,2;5,1;5,1;5,3;5,5;5,5;5,4;5,4;5,6;5,9;6,0;5,8;5,8
Powiat tarnogórski;012414513000;12,0;12,3;12,2;11,8;11,4;10,8;10,6;10,4;10,5;10,5;10,7;10,9;11,6;11,7;11,7;11,6;11,4;11,0;10,9;11,0;11,3;11,3;11,6;11,6;12,4;12,5;12,4;12,2;12,2;11,8;11,6;11,6;11,7;11,6;11,6;12,0;12,4;12,3;12,1;11,6;11,4;11,0;10,8;10,7;10,5;10,4;10,4;10,4;10,7;10,9;10,7;10,5;10,1;9,7;9,6;9,5;9,5;9,4;9,3;9,3;9,6;9,6;9,4;9,1;8,9;8,5;8,3;8,1;8,1;8,1;8,0;7,9;8,2;8,2;8,0;7,7;7,3;7,0;7,0;6,7;6,8;6,5;6,3;6,4;6,6;6,5;6,4;6,3;6,0;5,8;5,6;5,6;5,3;5,3;5,3;5,3;5,4;5,5;5,4;5,2;5,0;4,8;4,8;4,6;4,6;4,6;4,5;4,6;4,8;4,8;4,7;5,1;5,4;5,6;5,8;5,9;6,0;6,0;6,0;6,3;6,6;6,6;6,4;6,4;6,4;6,2;6,1;6,1;6,1;6,0;5,9;6,0;6,2;6,1;6,0;6,0;5,8;5,5;5,2;4,9;4,8;4,6;4,5;4,5;4,8;4,8;4,7;4,6;4,6;4,6;4,7;4,5;4,5;4,4;4,3;4,3;4,7;4,8;4,7;4,5;4,4;4,3;4,4;4,3;4,3;4,3;4,3;4,4;4,6;4,8;4,7;4,7;4,6;4,6;4,7;4,8;4,9;4,8;4,9;5,1;5,4;5,5;5,3;5,2
Powiat m. Bytom;012414562000;18,4;19,0;19,4;19,6;19,2;18,7;18,5;18,4;18,3;18,4;18,6;19,6;20,4;20,6;20,6;20,5;20,0;19,0;19,1;19,0;19,5;19,4;19,7;19,9;20,6;21,0;20,7;21,1;20,8;20,5;20,3;20,2;20,0;20,0;20,3;21,1;21,7;21,9;21,7;21,4;20,7;20,4;19,9;19,6;19,3;19,1;19,1;19,8;20,3;19,9;19,6;19,2;18,8;18,3;17,8;17,8;17,5;17,0;17,2;18,5;18,5;18,3;17,9;17,7;17,4;16,9;16,5;16,0;15,6;15,5;15,4;15,4;15,9;15,7;15,3;14,8;14,2;13,3;12,5;12,3;11,6;11,3;11,4;11,3;11,3;11,2;11,0;10,7;10,4;10,1;9,7;9,6;9,6;9,6;9,4;9,7;9,9;10,0;9,7;9,3;9,0;8,7;8,5;8,5;8,4;8,1;8,2;8,4;8,8;9,0;9,0;9,6;10,3;10,8;10,8;10,6;10,4;10,3;10,0;10,0;10,3;10,3;10,1;10,1;9,9;9,5;9,3;9,2;9,0;8,7;8,5;8,6;8,8;8,7;8,7;8,8;8,7;8,3;8,1;8,1;8,0;8,0;8,1;8,3;8,7;8,9;8,9;8,8;8,5;8,4;8,3;8,2;8,1;8,1;8,2;8,2;8,6;8,8;8,8;8,6;8,4;8,2;8,0;8,1;8,1;7,9;7,8;8,0;8,4;8,6;8,8;8,6;8,7;8,7;9,2;9,6;9,8;10,0;10,0;10,3;10,7;10,7;10,8;10,9
Powiat m. Piekary Śląskie;012414571000;14,9;15,2;15,2;15,0;14,7;14,0;14,1;14,3;14,5;14,6;14,5;14,7;15,5;15,5;15,6;15,5;15,6;15,6;15,4;15,6;15,9;15,5;16,2;16,1;16,7;16,8;16,9;16,7;16,7;16,2;16,5;16,0;16,3;15,8;16,0;17,0;17,4;17,3;17,0;16,8;16,7;16,0;16,2;16,1;16,0;15,2;14,9;14,3;14,6;14,5;14,0;14,0;13,6;13,5;13,0;12,9;13,0;12,5;12,5;12,2;12,3;12,1;11,8;11,7;11,4;10,6;10,2;10,4;9,9;9,6;9,8;9,5;9,5;9,5;9,3;8,8;8,6;8,1;8,1;8,1;8,0;7,7;7,5;7,4;7,4;7,4;7,3;7,2;7,2;6,8;6,8;6,8;6,8;6,8;6,6;6,7;7,0;7,0;6,8;6,9;6,6;6,3;6,4;6,2;6,1;6,3;6,2;6,0;6,3;6,4;6,2;7,0;7,4;7,8;7,9;8,0;8,2;8,1;8,0;8,3;8,4;8,5;8,2;8,3;8,3;8,0;7,7;7,6;7,5;7,2;7,2;6,9;6,9;6,9;7,0;7,0;7,0;6,6;6,4;6,3;6,6;6,6;6,6;7,0;7,3;7,4;7,5;7,6;7,6;7,6;7,6;7,3;7,5;7,5;7,4;7,4;7,7;7,8;7,8;7,6;7,5;7,4;7,4;7,6;7,7;7,7;7,7;7,9;8,4;8,6;8,5;8,3;8,1;8,3;8,8;9,1;9,2;9,3;9,3;9,3;9,8;9,9;10,3;10,1
Powiat częstochowski;012414604000;18,4;18,9;18,8;17,9;17,4;17,1;17,0;17,1;17,1;17,3;17,8;18,6;19,5;20,0;19,7;19,4;18,9;18,6;18,7;19,0;19,4;19,2;19,8;20,5;21,7;22,1;21,8;21,3;20,8;20,3;20,3;20,6;20,7;20,6;21,1;21,3;22,0;22,0;21,3;20,5;20,0;19,2;18,9;18,8;18,4;18,2;18,1;18,0;18,5;18,4;17,8;17,3;16,3;15,6;15,3;14,7;14,2;14,2;14,4;14,7;15,3;15,5;15,0;13,9;12,9;12,0;11,8;11,4;10,8;10,7;10,9;11,0;11,5;11,6;11,0;10,1;9,6;9,3;9,3;9,1;8,9;8,5;8,5;8,6;8,9;9,0;8,7;8,0;7,6;7,3;7,1;7,2;7,1;7,0;7,2;7,2;7,6;7,7;7,5;6,9;6,5;6,3;6,3;6,2;6,0;5,9;6,0;6,2;6,5;6,5;6,3;6,7;7,2;7,6;7,8;7,8;7,8;7,9;8,0;8,3;8,5;8,6;8,4;8,2;7,9;7,8;7,7;7,5;7,3;7,2;7,2;8,4;8,6;8,5;8,3;8,1;7,6;7,3;7,1;6,9;6,9;6,8;6,8;6,5;7,0;7,2;7,0;6,9;6,7;6,5;6,4;6,4;6,4;6,2;6,1;6,2;6,8;7,1;7,1;6,7;6,4;6,3;6,5;6,4;6,3;6,2;6,3;6,5;7,1;7,4;7,4;6,7;6,4;6,2;6,6;6,8;6,9;7,1;7,2;7,4;8,0;8,1;8,1;8,1
Powiat kłobucki;012414606000;13,0;13,7;14,0;13,5;12,7;11,9;11,6;11,6;11,8;12,0;12,5;13,2;14,3;14,6;14,5;14,0;13,7;13,7;13,4;13,2;13,2;13,0;13,6;14,6;16,4;16,7;16,7;16,1;15,1;14,8;14,1;14,1;14,2;14,0;14,8;15,0;15,9;15,7;15,3;14,5;13,7;13,2;13,1;12,7;12,6;12,4;12,5;12,9;14,1;14,3;14,1;13,1;12,8;11,7;11,5;11,3;11,5;10,8;11,1;11,5;12,5;12,6;11,9;11,0;10,8;10,4;9,5;9,3;9,2;8,7;8,8;9,1;9,9;10,4;9,4;8,5;8,3;7,9;7,4;7,5;7,5;7,1;7,0;7,4;7,9;8,3;7,9;7,4;7,3;7,0;7,0;7,2;7,1;6,9;6,9;7,3;7,9;8,0;7,7;7,1;6,7;6,5;6,5;6,3;6,4;6,3;6,3;6,3;6,8;7,0;7,0;7,4;7,7;7,5;7,5;7,6;7,3;7,2;7,4;7,7;7,9;8,2;8,0;7,6;7,6;7,3;7,3;7,3;7,1;6,8;6,9;8,5;8,9;9,0;8,7;8,4;8,2;7,8;7,5;7,4;7,3;7,5;7,3;7,3;8,0;8,3;7,6;7,5;7,7;7,9;7,4;7,3;7,4;7,2;7,1;7,5;8,2;8,3;7,6;7,2;7,2;7,3;7,4;7,3;7,4;7,3;7,3;7,7;8,4;8,5;8,1;7,6;7,4;7,4;7,7;7,8;7,8;7,9;7,9;8,0;8,7;8,8;8,8;8,1
Powiat myszkowski;012414609000;19,0;19,7;19,9;19,9;19,5;19,1;19,1;18,7;18,0;18,0;18,1;18,9;20,2;20,5;20,1;19,8;19,4;19,1;19,3;19,1;19,0;18,8;19,3;19,7;21,5;21,6;21,5;21,3;20,8;20,4;20,5;20,1;20,0;19,7;19,9;19,7;20,5;20,4;19,6;18,7;18,1;17,6;17,3;16,7;15,9;15,3;15,6;16,6;17,8;18,3;17,7;16,9;16,3;15,5;14,9;14,1;13,6;13,3;13,4;13,8;14,8;15,1;15,0;14,3;13,7;12,3;11,7;11,2;11,0;11,0;10,8;11,2;11,9;12,2;11,6;11,0;10,3;9,7;9,2;9,0;9,0;8,3;8,2;7,6;8,1;8,2;7,7;6,9;6,5;6,2;6,1;6,0;5,8;5,6;5,8;6,1;6,7;7,0;6,9;6,5;6,3;5,8;5,5;5,4;5,2;5,3;5,4;5,5;6,0;6,3;6,1;6,5;6,8;6,7;6,7;6,6;6,8;7,0;7,0;7,0;7,3;7,4;7,2;6,9;6,9;6,4;6,3;6,4;6,3;6,4;6,3;7,0;7,2;7,4;7,2;6,9;6,8;6,6;6,5;6,5;6,6;6,5;6,6;6,9;7,4;7,7;7,3;6,8;6,7;6,7;6,4;6,3;6,3;6,2;6,0;6,1;6,6;6,9;6,5;6,2;6,0;5,7;5,8;5,7;5,8;5,3;5,4;5,6;6,0;6,0;5,6;5,0;4,8;4,8;5,1;5,2;5,6;5,6;5,7;5,9;6,4;6,6;6,8;6,7
Powiat m. Częstochowa;012414664000;12,0;12,4;12,4;11,9;11,6;11,2;11,1;11,3;11,3;11,4;11,7;12,2;12,8;13,1;12,9;12,8;12,6;12,5;12,5;12,7;12,9;12,8;13,3;13,6;14,1;14,3;14,2;14,0;13,7;13,3;13,2;13,5;13,5;13,3;13,3;13,8;14,1;14,2;13,9;13,3;13,1;12,4;12,2;12,1;11,7;11,4;11,3;11,2;11,5;11,5;11,4;11,0;10,5;9,9;9,5;9,2;8,8;8,6;8,5;8,5;8,8;9,0;8,7;8,3;7,7;7,2;6,9;6,7;6,5;6,3;6,3;6,2;6,3;6,3;6,1;5,7;5,4;5,3;5,2;5,1;5,0;4,7;4,6;4,5;4,6;4,6;4,5;4,3;4,1;3,9;3,7;3,8;3,7;3,7;3,7;3,7;3,8;3,8;3,6;3,4;3,4;3,2;3,2;3,1;3,1;3,0;3,0;2,9;3,0;3,1;3,0;3,3;3,6;3,9;4,0;4,0;4,0;4,0;4,1;4,4;4,6;4,7;4,7;4,6;4,4;4,3;4,2;4,1;3,9;3,8;3,7;3,6;3,7;3,8;3,8;3,8;3,6;3,3;3,2;3,2;3,2;3,1;3,0;3,2;3,5;3,6;3,6;3,6;3,5;3,5;3,5;3,4;3,3;3,2;3,1;3,1;3,4;3,6;3,6;3,5;3,4;3,3;3,4;3,4;3,4;3,4;3,4;3,6;3,9;4,0;4,1;3,9;3,7;3,7;3,9;4,0;4,1;4,2;4,3;4,4;4,6;4,7;4,9;4,9
Powiat gliwicki;012414705000;10,0;10,3;10,1;9,8;9,7;9,3;9,2;9,2;9,1;9,1;9,2;9,4;10,1;10,1;10,1;9,9;9,6;9,3;9,4;9,5;9,7;9,9;10,1;10,3;10,7;10,8;10,8;10,8;10,7;10,3;10,3;10,2;10,0;9,8;10,2;10,7;11,1;11,1;10,5;10,2;9,9;9,6;9,4;9,3;9,3;9,0;9,3;9,4;9,9;9,9;9,7;9,3;9,2;9,0;8,9;8,8;8,7;8,7;8,7;8,5;8,8;8,7;8,5;8,2;7,8;7,2;7,2;7,2;7,1;7,0;7,2;6,9;7,4;7,3;7,0;6,9;6,5;6,3;6,4;6,3;6,2;5,8;5,8;5,7;5,9;5,9;5,5;5,4;5,1;5,0;5,1;5,0;4,9;4,8;4,9;4,8;5,1;5,0;4,8;4,5;4,3;4,2;4,1;4,0;3,9;3,7;3,6;3,5;3,9;3,9;3,8;4,0;4,2;4,4;4,4;4,5;4,7;4,7;4,8;4,9;5,1;5,2;5,1;5,1;5,0;4,9;4,9;4,9;4,8;4,8;4,7;5,1;5,4;5,3;5,2;5,1;5,0;4,7;4,5;4,3;4,2;3,9;3,7;3,7;4,1;4,2;4,0;3,9;3,8;3,8;3,7;3,7;3,6;3,6;3,5;3,5;3,8;3,9;3,7;3,6;3,5;3,4;3,5;3,5;3,4;3,4;3,3;3,2;3,5;3,7;3,8;3,8;3,6;3,6;3,8;4,0;4,3;4,4;4,4;4,5;4,9;5,0;5,0;5,0
Powiat m. Gliwice;012414766000;7,2;7,4;7,3;7,2;7,0;6,6;6,6;6,5;6,5;6,5;6,5;6,4;7,0;7,1;7,1;7,1;6,8;6,6;6,6;6,7;6,8;6,9;7,1;7,2;7,7;7,9;7,9;8,1;7,9;7,7;7,7;7,6;7,5;7,3;7,5;7,5;7,8;7,8;7,7;7,5;7,3;7,1;7,0;6,8;6,7;6,5;6,7;6,4;6,7;6,7;6,6;6,4;6,3;6,2;6,1;6,0;5,9;5,7;5,7;5,5;5,6;5,5;5,4;5,2;5,0;4,7;4,5;4,6;4,5;4,3;4,4;4,3;4,5;4,5;4,5;4,2;4,1;4,0;3,9;4,0;3,9;3,7;3,7;3,6;3,7;3,7;3,5;3,5;3,3;3,3;3,3;3,3;3,2;3,1;3,1;3,2;3,3;3,2;3,1;2,9;2,8;2,7;2,6;2,6;2,5;2,4;2,4;2,3;2,5;2,5;2,4;2,5;2,7;2,8;2,8;2,9;3,0;3,1;3,1;3,1;3,4;3,5;3,4;3,4;3,3;3,3;3,2;3,2;3,2;3,1;3,0;3,0;3,1;3,1;3,1;3,1;3,0;2,8;2,7;2,6;2,5;2,3;2,2;2,3;2,5;2,6;2,5;2,5;2,4;2,3;2,3;2,3;2,3;2,2;2,2;2,1;2,3;2,3;2,3;2,3;2,3;2,2;2,2;2,2;2,2;2,2;2,1;2,2;2,4;2,5;2,5;2,5;2,5;2,5;2,7;2,9;3,0;2,9;3,0;3,0;3,2;3,4;3,5;3,4
Powiat m. Zabrze;012414778000;13,3;13,2;13,2;12,8;12,6;12,1;12,2;12,2;12,3;12,0;12,1;12,9;13,6;13,7;13,6;13,3;13,0;12,8;12,6;12,7;13,0;13,1;13,4;13,6;14,7;14,8;14,9;14,6;14,1;13,8;13,6;13,6;13,5;13,4;13,6;14,0;14,6;14,2;14,1;13,7;13,3;12,9;13,0;12,9;12,8;12,3;12,1;12,5;12,8;12,6;12,3;12,0;11,6;11,2;10,9;10,5;10,3;10,0;9,8;10,5;11,0;10,7;10,4;10,1;9,1;8,5;7,9;7,9;7,8;7,6;7,5;7,9;8,3;7,9;7,6;7,3;7,0;7,0;6,9;6,9;6,9;6,6;6,5;6,8;7,1;6,9;6,8;6,5;6,2;6,1;5,8;5,8;5,8;5,6;5,7;5,8;6,1;5,9;5,6;5,4;5,3;5,1;5,0;4,9;4,8;4,8;4,7;4,9;5,2;5,0;5,2;5,8;6,2;6,5;6,5;6,6;6,7;6,7;6,8;7,1;7,4;7,3;7,2;7,1;6,8;6,6;6,5;6,3;6,0;5,6;5,3;5,2;5,4;5,1;5,2;5,1;4,8;4,6;4,5;4,5;4,5;4,4;4,2;4,4;4,8;4,8;4,6;4,4;4,3;4,2;4,2;4,2;4,2;4,1;3,9;4,2;4,7;4,8;4,7;4,5;4,3;4,2;4,2;4,4;4,3;4,2;4,1;4,1;4,5;4,5;4,7;4,6;4,6;4,8;5,1;5,3;5,3;5,3;5,3;5,4;5,8;6,0;6,1;6,2
Powiat m. Chorzów;012414863000;12,5;12,7;12,9;12,4;11,8;11,0;10,6;10,6;10,7;10,7;10,8;11,2;12,1;12,5;12,7;12,6;12,2;12,0;11,2;11,1;11,3;11,1;11,5;11,6;12,7;13,0;13,1;12,9;12,8;12,4;12,3;12,0;12,0;11,9;12,0;12,1;12,9;13,2;13,0;12,7;12,4;12,0;11,5;11,4;11,3;10,8;10,7;10,1;10,8;11,0;10,7;10,5;10,2;9,7;9,4;9,0;9,0;8,7;8,9;8,9;9,2;9,4;9,2;9,0;8,3;8,1;7,7;7,4;7,2;7,1;7,2;7,4;7,6;7,5;7,3;6,9;6,6;6,6;6,6;6,5;6,3;6,0;6,0;5,9;5,8;5,9;5,8;5,6;5,3;5,1;4,8;4,8;4,5;4,5;4,5;4,6;4,7;4,5;4,3;4,1;3,9;3,6;3,5;3,5;3,5;3,3;3,4;3,3;3,6;3,6;3,6;3,9;4,2;4,4;4,6;4,5;4,2;4,0;4,1;4,5;4,6;4,6;4,5;4,5;4,4;4,1;3,9;3,8;3,5;3,4;3,2;3,4;3,6;3,7;3,6;3,6;3,4;3,3;3,2;3,3;3,4;3,2;3,2;3,5;3,8;3,7;3,7;3,6;3,5;3,4;3,5;3,5;3,4;3,4;3,4;3,5;3,7;3,7;3,6;3,6;3,5;3,4;3,5;3,5;3,5;3,4;3,4;3,6;3,8;3,8;3,9;3,8;3,7;3,8;4,1;4,3;4,4;4,5;4,5;4,6;4,9;5,1;5,2;5,2
Powiat m. Katowice;012414869000;4,1;4,3;4,4;4,3;4,3;4,1;4,0;4,0;4,1;4,2;4,3;4,2;4,5;4,8;4,9;4,8;4,8;4,7;4,7;4,7;4,9;5,0;5,2;5,2;5,6;5,7;5,8;5,7;5,6;5,4;5,4;5,4;5,4;5,4;5,4;5,4;5,7;5,7;5,6;5,6;5,5;5,2;5,0;4,9;4,9;4,8;4,9;4,7;4,8;4,8;4,7;4,6;4,4;4,2;4,2;4,0;3,9;3,8;3,9;3,8;4,0;3,9;3,8;3,7;3,4;3,2;3,1;3,0;3,0;2,9;2,9;2,8;2,9;2,9;2,8;2,7;2,5;2,5;2,4;2,4;2,3;2,2;2,2;2,2;2,3;2,3;2,2;2,0;1,9;1,8;1,8;1,7;1,7;1,7;1,7;1,7;1,7;1,8;1,7;1,7;1,5;1,4;1,3;1,1;1,0;1,0;1,1;1,0;1,1;1,2;1,1;1,3;1,4;1,5;1,5;1,5;1,6;1,7;1,7;1,7;1,8;1,8;1,9;1,9;1,9;1,9;1,8;1,8;1,8;1,8;1,8;1,8;1,8;1,8;1,9;1,9;1,8;1,8;1,7;1,7;1,6;1,5;1,5;1,5;1,5;1,5;1,4;1,3;1,2;1,1;1,1;1,1;1,1;1,1;1,1;1,0;1,1;1,2;1,1;1,1;1,0;1,0;1,0;1,0;1,0;1,0;1,0;1,0;1,1;1,2;1,2;1,2;1,2;1,2;1,3;1,4;1,5;1,5;1,5;1,5;1,6;1,7;1,8;1,8
Powiat m. Mysłowice;012414870000;10,1;10,0;10,0;9,7;9,2;8,3;8,2;8,2;8,4;8,4;8,6;8,4;9,5;9,7;9,8;9,8;9,2;8,7;8,7;8,7;9,0;9,1;9,5;9,8;10,6;10,8;11,2;11,1;10,7;10,2;9,9;9,7;9,7;9,7;9,9;9,5;10,2;10,1;9,9;9,6;9,3;9,1;9,0;8,9;8,9;8,8;9,2;8,8;9,3;9,2;9,2;8,9;8,5;8,1;7,8;7,6;7,7;7,6;7,6;7,9;8,2;8,1;7,8;7,6;7,2;6,4;6,3;6,2;6,2;6,2;6,2;6,1;6,4;6,4;6,4;6,1;6,0;6,2;6,2;6,1;6,0;5,9;5,8;5,9;6,3;6,1;6,1;5,9;5,6;5,3;5,3;5,2;5,1;5,1;5,1;5,3;5,6;5,7;5,7;5,4;5,2;5,2;4,9;4,9;4,9;4,7;4,7;4,8;5,2;5,2;5,3;5,7;6,1;6,5;6,6;6,6;6,8;7,0;7,0;6,7;7,1;7,2;7,2;7,1;6,7;6,6;6,4;6,1;6,1;5,9;5,9;6,0;6,2;6,2;6,4;6,4;5,9;5,6;5,4;5,2;5,2;5,1;5,1;5,0;5,2;5,1;4,9;4,8;4,7;4,7;4,7;4,5;4,4;4,2;4,2;4,2;4,6;4,7;4,7;4,6;4,4;4,3;4,2;4,2;4,4;4,2;4,2;4,2;4,5;4,5;4,3;4,3;4,2;4,4;4,8;4,9;5,2;5,3;5,2;5,2;5,6;5,7;5,7;5,6
Powiat m. Ruda Śląska;012414872000;9,1;9,3;9,1;8,9;8,5;8,1;7,9;7,7;8,1;8,0;8,1;8,1;8,9;9,2;9,1;8,9;8,7;8,3;7,9;8,0;8,3;8,6;8,7;9,0;10,0;10,4;10,5;10,5;10,0;9,7;9,5;9,2;9,3;9,2;9,3;9,4;9,9;10,0;9,5;9,1;8,7;8,3;8,0;8,0;8,0;7,9;7,8;7,9;8,4;8,6;8,4;7,9;7,7;7,3;7,1;7,0;6,9;6,8;6,7;6,8;7,2;7,4;6,8;6,5;6,4;6,0;5,5;5,4;5,5;5,5;5,3;5,3;5,6;5,5;5,3;4,9;4,7;4,5;4,3;4,4;4,3;4,0;3,9;4,1;4,4;4,3;4,1;3,9;3,8;3,5;3,3;3,1;3,2;3,1;2,9;2,9;3,2;3,2;3,0;3,0;2,8;2,6;2,5;2,6;2,5;2,5;2,6;2,7;3,0;2,9;2,7;2,9;3,2;3,2;3,1;3,3;3,3;3,4;3,3;3,4;3,7;3,9;3,9;3,8;3,8;3,7;3,7;3,5;3,3;3,0;2,8;2,6;2,8;2,8;2,6;2,6;2,5;2,4;2,4;2,4;2,5;2,5;2,5;2,5;2,8;3,0;2,8;2,9;2,8;2,6;2,5;2,6;2,8;2,7;2,6;2,7;3,0;3,2;3,1;2,9;2,7;2,6;2,7;2,7;2,7;2,7;2,7;2,7;3,0;3,3;3,2;3,1;3,0;3,2;3,6;3,8;3,9;4,0;4,1;4,0;4,3;4,5;4,5;4,5
Powiat m. Siemianowice Śląskie;012414874000;13,8;13,7;14,1;13,3;12,9;12,5;12,5;12,7;13,1;13,4;13,7;14,3;15,1;15,1;14,9;14,4;14,2;13,7;13,3;13,4;13,5;13,9;13,7;14,3;15,3;15,6;15,7;15,2;14,9;14,6;14,6;14,6;15,0;15,0;15,0;15,1;15,5;15,5;15,4;15,0;14,5;14,0;13,8;13,9;14,0;13,9;13,8;13,6;14,2;14,0;13,5;12,9;12,4;11,8;11,7;11,9;11,8;11,7;11,7;11,8;12,5;12,5;12,1;11,8;11,3;9,4;9,0;8,8;8,7;8,5;8,2;8,0;8,4;8,3;8,0;7,7;7,2;7,2;7,4;7,5;7,3;6,9;6,6;6,2;7,1;7,0;6,7;6,4;6,0;5,6;5,4;5,5;5,4;5,5;5,3;5,3;5,6;5,4;5,1;4,8;4,5;4,4;4,4;4,4;4,3;4,3;4,1;4,0;4,3;4,4;4,5;5,3;5,9;6,3;5,9;5,8;5,4;5,4;5,6;6,0;6,6;6,6;6,7;6,7;6,5;6,1;5,8;5,3;4,8;4,7;4,6;4,3;4,8;4,9;5,1;5,1;4,7;4,4;4,3;4,4;4,4;4,1;4,1;3,9;4,3;4,4;4,3;4,2;4,0;3,9;3,9;4,0;3,7;3,7;3,8;3,8;4,1;4,0;3,9;4,0;4,0;3,8;3,8;4,0;3,9;3,8;3,9;3,9;4,3;4,6;4,6;4,5;4,5;4,8;5,1;5,4;5,4;5,3;5,4;5,6;6,1;6,2;6,2;6,3
Powiat m. Świętochłowice;012414876000;18,7;18,8;18,5;16,6;15,4;14,6;15,0;16,3;16,5;17,1;17,2;16,6;17,9;18,6;18,2;17,5;17,6;17,4;16,5;16,7;16,8;16,9;17,5;18,2;19,9;19,9;20,2;19,8;19,0;18,2;18,2;17,9;18,2;17,9;18,2;18,8;19,4;19,1;18,6;18,0;17,8;17,3;16,5;16,3;15,7;15,0;15,0;14,7;15,8;15,4;15,2;14,9;14,4;14,0;13,1;12,5;12,3;11,6;11,7;12,1;12,7;12,2;12,0;11,9;11,6;10,9;10,5;10,3;10,2;9,8;10,0;10,0;10,1;10,1;9,4;8,9;8,6;8,4;8,4;8,6;8,3;7,8;7,7;8,2;8,3;8,2;7,6;7,4;7,3;7,1;7,1;7,2;6,8;6,7;6,8;7,3;7,6;7,4;7,0;6,7;6,6;6,5;6,3;6,1;6,0;5,7;5,6;5,6;6,0;6,0;5,7;6,3;7,0;7,3;7,5;7,8;8,0;7,6;7,3;7,6;7,9;7,5;7,3;6,9;6,6;6,3;6,1;6,1;5,6;5,3;5,0;5,3;5,6;5,5;5,5;5,6;5,5;5,2;5,3;5,1;5,1;4,8;4,7;4,6;5,1;5,1;4,9;4,8;4,6;4,7;4,6;4,6;4,6;4,3;4,5;4,3;4,6;4,7;4,6;4,4;4,3;4,3;4,2;4,4;4,3;4,2;4,3;4,8;5,5;5,4;5,4;5,0;4,8;5,1;5,5;5,8;6,1;5,9;6,0;6,3;6,9;7,1;7,2;7,1
Powiat raciborski;012414911000;9,0;9,2;9,2;8,5;8,1;7,6;7,4;7,2;7,3;7,3;7,7;7,8;8,7;9,0;8,9;8,5;8,1;7,9;7,8;7,9;7,9;8,0;8,3;8,9;9,7;9,9;9,8;9,7;9,3;9,0;8,9;8,6;8,6;8,7;8,9;8,6;9,2;9,2;9,1;8,7;8,4;7,9;7,7;7,4;7,4;7,3;7,4;7,4;7,9;8,0;8,0;7,7;7,4;7,0;6,9;6,9;6,7;6,6;6,6;6,7;7,5;7,5;7,2;7,0;6,8;6,6;6,4;6,3;6,3;6,2;6,1;6,1;6,4;6,4;6,0;5,8;5,8;5,4;5,4;5,3;5,3;5,0;5,0;5,3;5,5;5,3;5,1;4,9;4,7;4,5;4,5;4,4;4,2;4,1;4,2;4,1;4,5;4,4;4,1;4,0;3,9;3,8;3,7;3,7;3,7;3,8;3,8;4,0;4,4;4,3;4,3;4,4;4,6;4,6;4,5;4,6;4,6;4,6;4,7;5,0;5,1;5,3;5,2;5,1;5,1;5,0;5,0;5,1;5,1;5,0;4,9;4,9;5,1;5,1;4,9;4,9;4,7;4,6;4,5;4,3;4,0;3,9;3,8;3,6;3,9;3,8;3,6;3,5;3,5;3,4;3,5;3,5;3,4;3,3;3,2;3,3;3,5;3,6;3,5;3,3;3,3;3,2;3,2;3,3;3,3;3,2;3,2;3,3;3,6;3,5;3,7;3,7;3,7;3,8;4,0;4,1;4,2;4,2;4,0;4,2;4,5;4,7;4,7;4,7
Powiat rybnicki;012414912000;12,5;12,6;12,1;11,6;11,1;10,9;10,9;10,8;11,0;11,0;11,5;12,0;13,0;12,7;12,1;11,9;11,8;11,3;11,3;11,4;11,6;11,8;12,1;12,3;13,4;13,6;13,2;13,0;12,7;12,5;12,2;12,2;12,4;12,4;12,9;13,4;14,0;13,8;13,3;12,7;12,4;12,1;11,6;11,5;11,1;11,1;11,4;11,5;12,1;12,1;11,5;11,2;11,0;10,5;10,3;10,3;10,0;10,0;10,2;10,1;10,6;10,5;10,1;9,9;9,4;9,4;9,2;9,2;9,2;8,9;9,4;9,0;9,3;9,1;8,4;8,2;7,9;7,6;7,6;7,4;7,4;7,1;6,9;7,0;7,2;6,9;6,6;6,3;6,0;5,8;5,8;5,8;5,6;5,5;5,4;5,7;6,0;5,9;5,6;5,3;5,2;5,1;5,1;4,9;4,8;4,7;4,7;4,8;5,2;5,2;5,2;5,5;6,0;6,2;6,3;6,4;6,7;6,6;6,7;6,9;7,2;7,2;7,1;7,0;6,8;6,5;6,2;6,0;5,6;5,4;5,2;5,9;6,1;5,8;5,7;5,4;5,2;4,9;5,0;5,0;5,1;5,0;5,0;4,9;5,5;5,4;5,2;5,0;4,8;4,8;4,7;4,5;4,7;4,5;4,4;4,6;5,0;5,2;5,1;4,8;4,7;4,7;4,6;4,6;4,8;4,9;4,8;5,0;5,5;5,7;5,4;5,2;5,3;5,4;5,7;5,9;6,1;6,3;6,4;6,5;7,1;7,3;7,4;7,3
Powiat wodzisławski;012414915000;11,0;11,4;11,2;10,8;10,5;10,3;10,1;10,0;10,2;10,3;10,6;11,0;11,9;12,0;11,6;11,1;10,6;10,3;10,0;10,3;10,6;10,6;10,9;11,3;12,0;12,2;12,0;11,7;11,5;11,3;11,3;11,3;11,5;11,7;11,6;11,8;12,2;12,0;11,8;11,2;11,0;10,7;10,7;10,6;10,6;10,6;10,7;10,6;11,2;11,3;11,2;10,8;10,3;10,0;9,9;10,0;9,7;9,7;9,7;9,7;10,1;10,3;10,1;9,6;9,4;8,9;8,8;8,6;8,4;8,2;8,2;8,1;8,5;8,3;7,9;7,5;7,3;7,0;6,8;6,8;6,5;6,1;6,0;6,0;6,1;6,0;5,7;5,4;5,3;5,2;5,1;5,0;4,9;4,7;4,7;4,8;5,1;5,0;4,9;4,7;4,6;4,6;4,5;4,6;4,8;4,7;4,7;5,0;5,3;5,2;5,2;5,8;6,2;6,5;6,8;7,0;7,1;7,0;7,0;7,3;7,5;7,6;7,5;7,4;7,4;7,3;7,3;7,3;6,4;5,8;5,7;5,9;5,9;5,9;6,2;6,0;5,9;5,5;5,3;5,2;5,2;5,1;5,1;5,1;5,3;5,4;5,3;5,2;5,3;5,2;5,3;5,4;5,4;5,3;5,4;5,2;5,6;5,4;5,1;4,8;4,6;4,4;4,5;4,4;4,5;4,3;4,3;4,2;4,7;4,7;4,7;4,5;4,6;4,7;5,3;5,6;5,9;6,0;5,9;5,8;6,2;6,3;6,5;6,5
Powiat m. Jastrzębie-Zdrój;012414967000;9,9;9,6;9,8;9,3;9,1;8,6;8,5;8,4;8,4;8,6;8,7;8,9;9,4;9,6;9,3;9,0;8,6;8,3;8,2;8,1;8,1;8,2;8,8;9,1;9,3;9,5;9,5;9,4;9,4;9,2;9,2;9,3;9,5;9,5;10,0;10,1;9,9;9,8;9,5;9,2;8,9;8,7;8,6;8,7;8,6;8,4;9,0;8,9;8,9;9,2;8,8;8,6;8,1;7,7;7,5;7,5;7,5;7,3;7,3;8,3;8,2;8,3;7,8;7,6;7,3;7,0;6,7;6,4;6,3;6,0;6,2;7,3;7,1;7,0;6,7;6,3;6,1;5,8;5,6;5,7;5,5;5,2;5,0;5,5;5,4;5,4;5,1;4,9;4,6;4,5;4,4;4,4;4,2;4,0;4,1;4,4;4,5;4,3;4,2;4,1;3,9;3,7;3,9;4,0;4,1;4,1;4,1;4,3;4,4;4,4;4,2;4,5;5,0;5,3;5,5;5,4;5,5;5,5;5,5;5,8;6,1;6,1;5,9;5,8;5,8;5,5;5,6;5,5;5,4;5,3;5,1;4,7;4,7;4,6;4,5;4,2;3,9;3,6;3,6;3,5;3,5;3,3;3,2;3,4;3,7;3,9;3,7;3,6;3,6;3,5;3,6;3,7;3,8;3,7;3,7;3,6;3,7;3,9;3,8;3,6;3,5;3,4;3,4;3,4;3,5;3,4;3,4;3,4;3,8;4,0;3,8;3,7;3,6;3,6;3,9;4,1;4,3;4,6;4,8;4,8;5,2;5,2;5,4;5,4
Powiat m. Rybnik;012414973000;8,0;8,0;7,9;7,6;7,1;6,9;6,9;6,9;7,0;7,1;7,3;7,9;8,6;8,6;8,4;8,0;7,7;7,4;7,4;7,4;7,6;7,9;8,1;8,1;8,6;8,7;8,7;8,4;8,2;7,9;7,7;7,9;8,0;8,0;8,1;8,5;8,9;8,8;8,5;8,0;7,7;7,5;7,3;7,2;7,2;7,1;7,2;7,6;8,0;8,0;7,8;7,6;7,3;6,9;6,8;6,7;6,7;6,7;6,8;6,9;7,2;7,1;6,8;6,6;6,4;6,2;5,9;5,9;5,8;5,8;5,9;5,9;6,1;6,0;5,7;5,4;5,2;4,9;4,9;4,8;4,8;4,5;4,4;4,4;4,8;4,6;4,3;4,1;3,9;3,7;3,6;3,5;3,5;3,5;3,5;3,5;3,8;3,7;3,5;3,2;3,2;3,0;3,0;3,0;3,0;2,9;2,9;2,9;3,2;3,3;3,3;3,5;3,8;3,9;4,0;4,1;4,2;4,2;4,2;4,5;4,8;4,8;4,7;4,6;4,5;4,4;4,1;3,7;3,4;3,3;3,2;3,2;3,3;3,2;3,1;3,0;2,9;2,7;2,7;2,7;2,7;2,8;2,8;2,8;3,1;3,1;3,0;2,9;2,8;2,8;2,8;2,8;2,7;2,6;2,7;2,7;2,9;2,9;2,9;2,8;2,7;2,6;2,6;2,7;2,7;2,7;2,7;2,7;3,1;3,2;3,2;3,1;3,0;3,1;3,3;3,5;3,6;3,6;3,7;3,8;4,1;4,4;4,4;4,2
Powiat m. Żory;012414979000;12,3;12,5;12,2;11,7;11,1;10,7;10,6;10,6;10,3;10,1;10,1;10,0;11,2;11,1;10,6;10,0;9,3;9,2;9,2;9,5;9,8;10,0;10,6;11,1;12,0;11,9;11,6;11,3;10,8;10,4;10,3;10,4;10,1;10,4;10,8;10,8;11,3;11,3;10,6;9,7;9,3;9,0;9,2;9,4;9,6;9,5;10,0;9,8;10,5;10,7;10,6;10,0;9,2;9,1;8,9;8,8;8,7;8,6;8,5;8,4;9,0;8,9;8,4;8,1;7,8;7,3;7,3;7,0;7,1;7,0;6,9;6,3;6,6;6,5;6,0;5,6;5,5;5,0;5,0;5,2;5,2;4,7;4,6;4,4;4,8;4,6;4,4;4,2;3,9;3,7;3,6;3,6;3,7;3,4;3,4;3,2;3,6;3,5;3,4;3,2;3,2;3,1;3,2;3,3;3,2;3,2;3,1;3,2;3,5;3,5;3,6;4,1;4,6;4,8;5,0;5,2;5,2;5,0;4,9;4,8;5,1;5,2;4,9;4,7;4,5;4,5;4,5;4,6;4,5;4,3;4,0;3,7;3,9;3,8;3,6;3,5;3,3;3,3;3,3;3,5;3,6;3,5;3,4;3,5;3,7;3,7;3,5;3,3;3,4;3,2;3,3;3,3;3,3;3,3;3,2;3,1;3,5;3,4;3,2;3,0;3,1;3,3;3,4;3,4;3,5;3,4;3,4;3,4;3,7;3,8;3,8;3,5;3,6;3,7;3,9;4,2;4,3;4,2;4,4;4,5;5,0;5,1;5,0;4,9
Powiat będziński;012415001000;15,1;15,2;15,7;15,2;14,4;14,0;13,8;13,7;13,8;13,8;14,3;14,3;15,3;15,6;15,6;15,1;14,8;14,6;14,5;14,4;14,6;14,7;15,3;15,8;16,8;17,4;17,3;16,7;16,4;16,3;16,2;16,1;16,0;16,0;16,4;16,4;17,1;17,3;16,9;16,1;15,7;15,5;15,5;15,3;15,0;14,5;14,6;14,2;14,8;14,9;14,7;14,0;13,7;13,5;13,3;13,2;12,9;12,9;12,7;13,1;13,6;13,6;13,1;12,7;12,3;11,9;11,8;11,6;11,6;11,4;11,2;11,5;11,8;11,5;10,9;10,5;10,1;9,7;9,5;9,5;9,2;8,9;8,8;9,1;9,5;9,5;9,0;8,7;8,6;8,4;8,3;8,0;8,0;7,8;7,8;8,0;8,4;8,2;7,9;7,6;7,4;7,1;6,5;6,0;5,7;5,3;5,2;5,4;5,7;5,8;5,8;6,2;6,9;7,1;7,4;7,6;7,6;7,7;7,6;7,7;8,1;8,1;8,2;8,2;8,1;8,0;8,0;7,8;7,8;7,6;7,3;7,2;7,1;7,0;7,0;6,9;6,8;6,4;6,4;6,3;6,3;6,1;6,2;6,0;6,1;6,0;5,9;5,8;5,6;5,6;5,7;5,6;5,5;5,4;5,3;5,4;5,9;6,0;6,0;5,8;5,8;5,8;5,8;5,8;5,8;5,6;5,5;5,4;5,8;5,9;6,0;5,9;5,8;5,6;5,8;6,1;6,4;6,4;6,4;6,4;6,8;7,1;7,3;7,2
Powiat zawierciański;012415016000;18,4;18,7;18,0;17,2;16,8;16,5;16,7;16,6;16,4;16,2;16,5;16,8;17,8;18,2;17,7;17,4;17,2;17,2;17,3;17,3;17,4;17,1;17,4;18,2;19,4;19,7;19,8;19,6;18,8;18,3;18,1;17,8;17,7;17,4;17,4;17,8;18,8;18,7;18,4;17,9;17,5;17,0;16,7;16,1;15,5;14,9;14,9;14,8;15,5;15,7;15,5;15,1;15,0;14,4;14,1;13,9;13,8;13,4;13,6;13,6;14,3;14,5;13,9;13,6;13,2;12,7;12,3;12,1;11,9;11,4;11,4;11,3;11,6;11,7;11,2;10,7;10,4;10,0;9,8;9,8;9,7;9,2;9,1;8,9;9,1;9,1;8,8;8,4;8,1;7,9;7,9;7,9;7,7;7,6;7,5;7,4;7,7;7,7;7,5;7,1;6,9;6,7;6,5;6,3;6,1;5,9;5,8;5,8;6,2;6,2;6,2;6,6;6,8;7,0;7,1;7,2;7,1;7,0;6,9;6,9;7,1;7,2;7,0;6,8;6,6;6,4;6,2;6,0;5,5;5,3;5,2;5,6;5,9;5,9;6,0;6,0;5,9;5,8;5,8;5,8;5,7;5,6;5,6;5,6;6,1;6,1;5,9;5,6;5,5;5,4;5,5;5,5;5,6;5,4;5,4;5,5;6,1;6,1;5,9;5,8;5,7;5,6;5,6;5,7;5,8;5,6;5,5;5,6;6,2;6,2;6,2;6,1;6,0;6,1;6,5;6,7;6,7;6,7;6,8;6,8;7,1;7,2;7,3;7,1
Powiat m. Dąbrowa Górnicza;012415065000;11,6;11,9;11,7;11,1;10,9;10,6;10,8;10,7;10,7;10,8;11,2;11,4;12,1;12,3;12,2;11,7;11,4;11,3;11,3;11,5;11,4;11,7;12,3;12,6;13,3;13,3;13,3;13,2;12,8;12,6;12,5;12,3;12,2;12,1;12,2;12,3;12,7;12,6;12,4;12,1;12,0;11,7;11,5;11,1;10,8;10,6;10,6;10,8;11,2;11,1;11,0;10,8;10,3;10,1;10,0;9,7;9,5;9,3;9,2;9,1;9,4;9,6;9,3;9,1;8,6;8,2;8,1;8,0;7,9;7,9;7,9;8,0;8,3;8,2;7,9;7,6;7,3;7,0;6,8;6,8;6,7;6,3;6,1;6,0;6,1;6,0;5,9;5,7;5,4;5,2;5,3;5,3;5,3;5,2;5,2;5,0;5,2;5,2;5,0;4,7;4,5;4,4;4,3;4,3;4,2;3,9;3,7;3,8;4,0;4,1;4,3;4,6;5,0;5,1;5,1;5,1;5,1;5,0;5,0;5,2;5,5;5,5;5,4;5,3;5,2;5,1;5,0;5,0;5,0;4,9;4,9;4,8;5,0;5,0;5,0;4,9;4,8;4,6;4,6;4,6;4,5;4,4;4,4;4,6;4,9;5,0;4,9;4,8;4,7;4,6;4,8;4,8;4,8;4,7;4,6;4,6;4,8;4,8;4,8;4,6;4,6;4,5;4,5;4,4;4,4;4,2;4,2;4,1;4,4;4,4;4,4;4,2;4,2;4,2;4,3;4,5;4,6;4,6;4,5;4,6;4,9;5,0;5,1;5,0
Powiat m. Jaworzno;012415068000;11,8;12,1;12,0;11,4;10,6;10,2;10,1;10,0;9,8;9,5;9,9;10,2;11,5;11,8;11,7;11,4;11,2;10,8;10,7;10,5;10,6;10,6;11,2;11,6;12,6;13,0;12,8;12,6;12,1;11,7;11,5;11,1;10,9;10,8;11,0;11,0;11,7;11,8;11,5;11,0;10,5;10,1;10,0;9,8;9,5;9,3;9,8;9,3;9,8;9,8;9,4;9,0;8,6;8,0;7,6;7,2;7,2;6,9;6,7;6,9;7,4;7,5;7,2;6,8;6,6;6,3;6,0;6,1;5,9;5,8;5,7;5,8;6,2;6,3;6,0;5,7;5,5;5,3;5,2;5,1;5,1;4,8;4,8;4,7;5,0;5,1;4,9;4,5;4,2;4,2;4,1;4,1;4,1;4,1;4,1;4,2;4,4;4,5;4,5;4,4;4,2;4,1;3,9;3,9;3,7;3,6;3,9;3,9;4,2;4,5;4,4;4,6;4,7;4,7;4,9;4,7;4,9;4,6;4,6;4,8;5,0;5,2;5,3;5,2;5,0;4,8;4,8;4,7;4,6;4,5;4,4;4,6;4,6;4,6;4,8;4,8;4,7;4,4;4,4;4,2;4,3;4,2;4,2;4,2;4,6;4,7;4,5;4,4;4,2;4,1;4,0;4,0;4,0;4,0;4,0;3,9;4,1;4,2;4,0;4,0;3,8;3,8;3,9;3,7;3,8;3,7;3,9;3,8;4,3;4,3;4,1;3,9;3,8;3,9;4,1;4,3;4,3;4,3;4,3;4,4;4,8;5,0;5,0;5,0
Powiat m. Sosnowiec;012415075000;15,0;15,7;15,6;14,9;14,4;13,8;13,2;13,0;13,0;13,0;13,3;13,7;14,3;15,0;14,9;14,8;14,4;14,0;13,6;13,9;14,5;14,5;14,7;15,3;16,1;16,2;15,9;15,8;15,4;15,2;14,8;14,8;14,8;14,5;14,6;14,8;15,5;15,3;15,2;15,0;14,5;14,2;13,8;13,3;13,0;12,7;12,7;13,2;13,8;13,8;13,8;13,6;13,1;12,5;12,1;11,8;11,7;11,6;11,5;11,4;11,7;11,7;11,6;11,2;10,8;10,5;10,3;10,3;10,2;10,2;10,1;10,0;10,1;9,8;9,5;9,1;8,9;8,7;8,5;8,5;8,5;8,2;8,1;7,7;7,8;7,6;7,5;7,2;7,1;6,8;6,7;6,6;6,5;6,3;6,3;6,3;6,4;6,5;6,4;6,0;5,9;5,8;5,8;5,6;5,5;5,3;5,1;5,1;5,5;5,5;5,5;5,9;6,2;6,4;6,5;6,6;6,7;6,6;6,7;6,8;7,1;7,2;7,2;7,2;7,1;7,0;6,9;6,9;6,9;6,7;6,4;6,1;6,1;5,9;5,8;5,6;5,4;5,3;5,3;5,3;5,2;5,1;5,1;5,2;5,4;5,4;5,3;5,3;5,4;5,4;5,4;5,3;5,3;5,2;5,3;5,6;5,9;6,2;6,3;6,2;6,0;5,9;5,6;5,7;5,8;5,6;5,6;5,7;6,0;6,0;6,0;5,9;6,0;5,9;6,1;6,2;6,4;6,4;6,3;6,3;6,5;6,6;6,6;6,7
Powiat mikołowski;012415108000;7,2;7,2;7,5;7,4;7,2;6,9;6,8;6,8;6,9;6,8;7,1;7,1;7,6;7,8;7,9;7,7;7,4;7,4;7,2;7,2;7,5;7,7;7,8;8,1;8,7;8,8;8,9;8,9;8,7;8,6;8,5;8,3;8,5;8,3;8,4;8,3;8,6;8,6;8,5;8,0;7,9;7,5;7,3;7,2;6,8;6,6;6,8;6,8;7,1;7,0;6,9;6,5;6,4;6,3;6,0;5,9;5,7;5,6;5,6;5,9;5,9;5,8;5,6;5,4;5,2;5,0;4,7;4,5;4,5;4,3;4,2;4,1;4,1;4,0;3,9;3,7;3,6;3,5;3,5;3,5;3,6;3,4;3,4;3,3;3,5;3,4;3,3;3,2;3,1;3,0;3,1;3,0;3,1;3,0;3,0;3,2;3,4;3,4;3,3;3,2;3,1;2,9;2,9;2,9;2,8;2,6;2,7;2,8;3,0;3,0;3,1;3,5;3,8;3,9;3,9;4,0;4,2;4,3;4,3;4,5;4,7;4,7;4,6;4,5;4,4;4,3;4,4;4,4;4,3;4,1;3,9;3,7;3,8;3,7;3,7;3,5;3,3;3,0;3,0;3,0;2,9;2,8;2,7;2,6;2,8;2,9;2,8;2,7;2,7;2,6;2,6;2,7;2,7;2,6;2,6;2,6;2,9;2,8;3,0;2,8;2,8;2,7;2,7;2,9;2,9;2,9;3,0;3,0;3,2;3,3;3,2;3,2;3,0;2,9;3,2;3,3;3,4;3,4;3,6;3,6;4,0;4,0;4,0;4,0
Powiat pszczyński;012415110000;6,7;7,0;6,9;6,6;6,2;5,9;6,0;6,0;6,0;6,0;6,2;6,7;7,2;7,3;7,4;7,1;6,7;6,3;6,4;6,6;6,5;6,6;6,9;7,2;8,0;8,1;8,0;7,8;7,1;6,7;6,7;6,7;6,7;6,8;7,0;7,1;7,4;7,3;6,9;6,4;6,1;5,9;5,6;5,6;5,5;5,2;5,4;5,5;5,8;5,8;5,6;5,2;5,0;4,8;4,8;4,7;4,7;4,6;4,5;4,9;5,0;5,0;4,7;4,5;4,4;4,2;4,1;4,1;4,1;4,2;4,2;4,2;4,3;4,3;4,0;3,7;3,6;3,5;3,5;3,5;3,5;3,3;3,2;3,4;3,4;3,4;3,2;3,0;2,9;2,7;2,8;2,8;2,7;2,8;2,8;3,1;3,3;3,2;2,9;2,8;2,7;2,5;2,6;2,6;2,5;2,6;2,6;2,7;2,8;2,9;2,8;3,2;3,4;3,6;3,6;3,7;3,8;3,7;3,7;3,9;4,1;4,2;4,1;4,0;4,0;3,8;3,7;3,7;3,5;3,5;3,3;3,4;3,5;3,5;3,5;3,5;3,4;3,3;3,3;3,4;3,3;3,2;3,2;3,2;3,3;3,4;3,3;3,1;3,1;3,1;3,2;3,2;3,2;3,2;3,2;3,2;3,4;3,4;3,3;3,1;3,1;3,0;2,9;3,0;3,0;2,9;2,8;2,9;3,1;3,2;3,1;2,9;2,9;3,0;3,2;3,4;3,5;3,4;3,5;3,6;3,9;4,0;3,9;3,9
Powiat bieruńsko-lędziński;012415114000;5,6;5,9;5,9;5,7;5,5;5,2;5,0;4,7;4,7;4,8;5,0;4,9;5,5;5,6;5,5;5,2;4,8;4,8;5,1;5,3;5,6;5,7;5,9;6,0;6,8;6,9;6,8;6,4;6,1;6,0;6,0;6,0;5,9;6,0;6,1;6,2;6,5;6,4;6,0;5,5;5,2;4,9;4,6;4,6;4,6;4,7;4,9;4,8;5,0;4,9;4,8;4,5;4,3;4,2;4,0;4,1;4,0;3,9;4,0;4,0;4,2;4,1;3,9;3,6;3,9;3,9;3,8;3,8;3,8;3,7;3,7;3,7;3,6;3,6;3,6;3,3;3,2;3,2;3,1;3,1;3,1;2,9;2,7;2,8;2,8;2,9;2,7;2,7;2,7;2,7;2,6;2,7;2,5;2,3;2,3;2,2;2,3;2,2;2,2;2,2;2,1;2,0;2,0;2,0;1,8;1,7;1,7;1,7;1,9;1,9;2,0;2,3;2,6;2,6;2,7;2,7;2,8;2,8;2,7;2,8;2,9;2,9;2,9;2,9;2,8;2,7;2,6;2,5;2,3;2,1;2,0;2,0;1,9;1,9;1,9;2,0;1,9;1,8;1,9;1,9;1,9;1,8;1,7;1,7;1,8;1,9;1,8;1,8;1,6;1,5;1,5;1,4;1,4;1,4;1,4;1,3;1,5;1,6;1,6;1,5;1,5;1,5;1,6;1,5;1,4;1,4;1,4;1,4;1,7;1,8;1,7;1,5;1,5;1,5;1,7;1,8;1,9;1,9;1,9;1,9;2,1;2,2;2,3;2,3
Powiat m. Tychy;012415177000;6,2;6,4;6,3;6,1;5,8;5,5;5,4;5,2;5,2;5,3;5,4;5,8;6,5;6,5;6,4;6,3;6,1;6,0;6,1;6,2;6,5;6,6;6,7;6,9;7,8;8,1;8,1;7,9;7,5;7,2;7,2;7,2;7,1;7,0;6,9;7,0;7,2;7,2;6,9;6,3;5,8;5,4;5,1;5,1;5,1;5,2;5,2;5,1;5,4;5,4;5,2;5,0;4,8;4,5;4,4;4,4;4,3;4,1;4,1;3,8;4,0;4,0;3,9;3,7;3,6;3,5;3,5;3,4;3,3;3,4;3,4;3,4;3,5;3,5;3,4;3,3;3,1;3,1;3,2;3,0;3,0;2,8;2,7;2,7;2,8;2,9;2,8;2,8;2,7;2,6;2,7;2,7;2,6;2,5;2,5;2,6;2,7;2,8;2,7;2,7;2,6;2,4;2,3;2,3;2,1;2,0;1,9;2,0;2,0;2,0;2,2;2,5;2,9;2,9;3,0;3,0;3,0;3,0;3,0;3,0;3,2;3,3;3,3;3,2;3,1;3,0;2,9;2,7;2,6;2,5;2,3;2,1;2,1;2,0;2,0;2,0;1,9;1,9;1,8;1,8;1,7;1,7;1,7;1,7;1,9;2,0;1,9;1,8;1,7;1,7;1,8;1,7;1,7;1,7;1,6;1,6;1,8;1,8;1,7;1,7;1,6;1,5;1,7;1,7;1,8;1,8;1,7;1,8;2,0;2,1;2,0;1,9;1,8;1,8;2,0;2,2;2,3;2,4;2,4;2,5;2,6;2,6;2,8;2,8
Powiat gorzowski;020811301000;13,1;13,2;13,3;12,8;12,4;11,7;11,6;11,5;11,2;11,0;11,8;13,0;14,2;14,4;14,1;13,5;12,7;12,2;12,1;12,1;12,1;11,8;12,0;12,3;13,8;14,0;13,6;13,2;12,8;12,6;12,5;12,4;12,0;11,6;12,3;12,9;13,6;13,7;13,0;12,1;11,3;10,7;10,2;9,6;9,3;8,8;8,9;8,8;9,4;9,4;9,4;9,2;9,0;8,6;8,5;8,2;7,8;7,9;8,0;8,1;8,7;8,9;8,5;8,0;7,7;7,5;7,4;7,4;7,0;7,1;7,2;6,9;7,4;7,3;6,7;6,3;6,1;5,7;5,7;5,5;5,2;4,9;4,8;4,8;5,2;5,1;4,9;4,6;4,3;4,1;4,2;4,3;4,3;4,1;4,3;4,3;4,7;4,5;4,2;3,9;3,7;3,7;3,5;3,4;3,3;3,3;3,4;3,5;3,9;4,0;3,8;4,2;4,6;4,8;4,9;5,0;5,2;5,3;5,2;5,3;5,6;5,6;5,4;5,2;4,9;4,8;4,8;4,6;4,3;4,2;3,9;4,1;4,3;4,2;3,9;3,7;3,5;3,5;3,5;3,5;3,4;3,3;3,2;3,0;3,3;3,4;3,4;3,5;3,3;3,2;3,2;3,2;3,3;3,3;3,3;3,3;3,7;3,9;3,7;3,5;3,5;3,6;3,6;3,5;3,5;3,4;3,5;3,6;3,9;3,9;3,7;3,8;3,6;3,7;4,0;4,2;4,3;4,4;4,5;4,7;5,1;5,2;5,1;5,3
Powiat międzyrzecki;020811303000;22,8;23,1;22,4;21,5;20,9;20,2;20,6;21,0;20,8;20,5;20,6;20,8;21,9;22,1;21,5;21,3;20,5;20,0;20,1;20,2;20,4;20,6;21,0;22,7;23,9;23,9;23,5;23,2;22,5;22,1;22,3;22,9;23,0;23,0;23,2;23,6;24,3;23,8;23,1;22,6;21,3;20,8;20,8;20,9;20,3;19,6;19,6;18,6;19,1;19,0;18,5;18,0;17,1;16,8;16,5;16,8;16,5;15,7;15,6;15,9;16,5;16,3;15,8;15,2;14,8;14,4;14,5;14,8;14,6;14,7;14,6;15,0;15,4;15,1;14,6;14,5;13,9;13,5;13,2;13,3;13,3;12,9;12,8;13,4;13,8;13,6;13,3;12,7;12,1;11,8;12,0;12,1;12,1;12,1;12,1;12,0;12,3;12,2;11,6;11,1;10,9;10,4;10,4;10,3;10,2;9,5;9,1;9,4;9,6;9,8;9,5;10,0;9,9;9,5;9,3;9,1;8,8;9,0;9,1;10,1;10,4;10,3;9,8;9,4;9,1;9,0;8,5;8,1;7,7;7,4;7,4;7,6;7,8;7,7;7,5;7,3;7,1;7,0;6,6;6,6;6,9;7,0;6,9;7,3;7,8;7,8;7,9;7,6;7,5;7,4;7,2;7,2;7,2;6,9;7,0;7,1;7,9;8,1;7,8;7,7;7,7;7,1;7,1;7,1;7,4;7,2;7,2;7,3;7,9;7,7;7,5;7,3;7,4;7,5;7,9;8,4;8,2;8,2;8,1;8,1;8,6;8,7;8,6;8,4
Powiat słubicki;020811305000;18,9;18,6;17,3;16,7;15,7;15,1;14,5;14,1;14,0;14,1;14,0;13,1;14,1;14,5;13,7;12,8;12,3;12,0;11,8;11,6;11,3;11,1;11,7;13,3;15,0;14,9;14,8;14,3;13,4;13,3;13,0;13,0;12,7;12,6;13,0;13,1;14,2;13,7;13,4;12,1;11,3;10,8;10,3;9,9;9,0;8,6;8,3;7,9;9,0;8,9;8,2;8,0;7,4;7,1;6,5;6,2;6,0;5,6;5,8;6,3;6,9;7,3;6,3;5,5;5,0;4,9;4,5;4,0;4,0;3,9;4,0;4,2;4,5;4,5;3,9;3,5;3,4;3,1;3,1;3,1;3,0;3,0;3,1;3,1;3,6;3,4;3,1;2,6;2,5;2,3;2,4;2,3;2,4;2,2;2,2;2,5;2,8;3,1;2,8;2,7;2,6;2,4;2,2;2,1;2,3;2,2;2,3;2,4;2,7;2,8;2,7;3,2;3,6;3,7;3,7;3,6;3,6;3,4;3,6;3,7;4,0;3,9;3,8;3,8;3,8;3,7;3,6;3,3;2,9;2,6;2,4;2,5;2,6;2,7;2,6;2,4;2,3;2,3;2,2;2,2;2,1;1,9;2,1;2,3;2,4;2,5;2,3;2,2;2,1;2,1;2,1;2,0;2,2;2,1;2,1;2,2;2,3;2,4;2,3;2,0;2,0;2,1;1,9;2,0;2,1;2,2;2,3;2,4;2,7;2,9;2,9;2,9;2,7;2,7;2,7;2,9;2,9;3,1;3,2;3,3;3,5;3,6;3,8;3,7
Powiat strzelecko-drezdenecki;020811306000;24,5;24,8;24,4;23,4;22,4;22,3;21,9;21,9;22,0;22,6;23,1;24,5;26,0;26,6;26,0;24,9;23,9;24,2;23,8;23,9;23,9;23,7;24,2;26,0;27,0;27,7;26,6;25,7;24,7;24,1;24,5;24,5;25,2;25,0;25,0;25,5;26,2;26,4;25,2;24,3;23,5;22,8;22,2;21,5;21,5;20,8;20,3;20,1;20,7;21,0;20,2;19,5;18,7;18,8;18,5;18,4;18,3;17,7;16,9;17,6;18,6;19,1;17,6;16,7;16,0;15,4;14,8;14,7;14,8;14,6;14,6;14,9;16,2;16,4;15,5;15,1;13,7;12,6;12,7;12,5;12,4;11,7;11,1;11,5;12,4;12,6;11,4;10,9;10,6;10,0;10,2;10,0;10,3;10,1;10,3;11,0;11,8;11,9;10,7;9,7;9,2;9,1;9,2;9,2;9,6;9,4;9,4;9,8;10,7;10,9;10,3;10,9;11,3;11,1;10,2;9,7;9,5;9,7;9,9;10,4;11,2;11,2;10,5;9,8;9,3;8,8;8,7;9,0;8,8;8,9;8,7;10,4;10,9;10,6;10,3;9,6;9,3;8,8;9,1;9,0;9,1;9,0;9,1;9,1;10,1;10,1;9,7;8,9;8,6;8,6;8,6;8,6;8,7;8,3;8,4;9,0;10,2;10,3;9,9;9,5;9,0;9,0;9,0;9,5;9,4;9,6;9,8;10,1;10,8;10,7;10,4;9,7;9,5;9,5;10,1;10,5;10,9;10,8;11,5;11,8;12,3;12,5;12,0;11,7
Powiat sulęciński;020811307000;16,1;15,7;15,2;14,4;13,6;13,4;13,3;13,3;13,4;13,2;13,7;14,8;16,3;16,6;16,4;15,5;14,9;14,9;14,8;14,8;14,4;14,5;15,4;15,8;17,3;17,7;17,5;16,6;16,1;15,3;14,9;15,1;15,1;15,1;15,1;15,3;16,5;16,3;15,7;15,0;14,7;14,3;14,0;14,0;13,5;13,0;13,2;13,6;14,7;14,7;14,2;13,8;13,0;12,6;12,2;12,2;11,9;11,5;11,8;11,7;12,5;12,0;11,5;10,9;10,7;10,2;9,9;9,8;9,8;9,5;9,5;9,7;10,1;10,0;9,5;8,7;8,4;7,9;7,9;7,9;7,8;7,4;7,2;6,8;7,4;7,3;7,1;6,7;6,5;6,5;6,8;6,6;6,5;6,3;6,4;6,4;6,7;6,6;6,4;5,9;5,7;5,5;5,5;5,3;5,1;5,3;5,4;5,7;6,1;6,1;6,3;6,8;7,0;7,3;6,9;6,6;6,6;6,4;6,5;6,7;6,9;6,7;6,2;5,8;5,3;5,6;5,1;5,2;4,8;4,5;4,4;4,7;4,8;4,8;4,6;4,3;4,1;3,9;3,9;3,9;3,9;4,0;4,2;4,5;4,8;4,9;4,7;4,4;4,3;4,1;4,0;4,3;4,2;4,3;4,4;4,4;5,0;5,1;5,1;4,9;4,7;4,4;4,3;4,2;4,2;4,3;4,3;4,5;4,9;5,2;5,0;4,9;4,8;4,8;5,1;5,3;5,4;5,4;5,4;5,6;6,0;6,2;6,1;6,1
Powiat m. Gorzów Wielkopolski;020811361000;9,1;9,2;9,2;9,2;8,7;8,2;8,2;7,9;8,1;8,4;8,9;9,4;10,4;10,7;10,5;9,9;9,3;9,1;9,2;9,2;9,1;8,9;9,0;9,1;10,1;10,5;10,2;9,8;9,4;9,2;8,9;8,8;8,7;8,3;8,4;8,5;9,1;9,0;8,5;8,0;7,4;7,0;6,8;6,3;6,1;6,0;6,1;5,9;6,4;6,3;6,3;6,0;5,6;5,3;5,3;5,1;4,8;4,8;4,9;5,1;5,8;5,9;5,5;5,1;4,7;4,6;4,2;4,1;3,9;3,9;3,9;3,9;4,5;4,4;4,1;3,9;3,8;3,4;3,4;3,3;3,1;2,8;2,7;2,7;3,0;2,9;2,9;2,7;2,6;2,5;2,5;2,5;2,4;2,4;2,5;2,6;2,8;2,7;2,5;2,4;2,4;2,3;2,2;2,3;2,1;2,2;2,2;2,3;2,6;2,6;2,6;3,0;3,5;3,7;3,7;3,8;4,1;4,1;4,0;4,0;4,0;3,9;3,7;3,6;3,4;3,4;3,2;3,1;3,0;2,8;2,7;2,6;2,8;2,6;2,5;2,4;2,4;2,3;2,2;2,3;2,2;2,2;2,2;2,3;2,7;2,6;2,6;2,5;2,5;2,3;2,3;2,4;2,4;2,5;2,4;2,2;2,5;2,6;2,5;2,4;2,4;2,4;2,4;2,3;2,3;2,3;2,4;2,4;2,8;2,9;2,9;2,9;2,8;3,1;3,4;3,6;3,7;3,7;3,9;4,0;4,3;4,4;4,4;4,5
Powiat krośnieński;020811402000;25,6;25,8;25,4;24,4;23,7;22,7;22,9;22,8;22,8;22,8;22,9;24,0;25,4;25,6;25,3;24,5;24,2;23,8;23,9;23,8;23,3;23,3;23,3;24,4;26,1;26,3;26,0;24,9;24,1;23,6;23,8;24,0;23,7;23,4;23,4;24,1;24,7;24,8;23,7;22,9;21,9;20,9;20,4;19,8;19,5;19,1;19,2;18,6;19,4;19,1;18,7;17,9;17,3;17,0;16,8;16,4;15,9;16,1;16,4;17,0;17,9;17,8;17,0;16,1;15,4;14,9;14,3;14,2;13,7;13,9;13,7;14,3;14,3;13,7;12,8;12,8;12,2;11,6;11,6;11,7;11,4;11,1;11,3;11,3;12,0;12,1;11,6;11,0;10,7;10,2;9,9;9,9;9,7;9,4;9,2;9,3;9,6;9,6;9,2;8,7;8,4;8,2;7,9;8,0;8,1;8,0;7,8;7,8;8,1;7,9;8,1;9,1;9,5;9,3;9,2;9,2;9,2;9,2;9,2;9,3;9,6;9,7;9,5;9,2;8,7;8,3;8,2;7,8;7,3;6,9;6,7;7,9;8,1;7,9;7,3;6,8;6,5;6,2;6,3;6,3;6,2;6,1;6,2;6,2;7,0;7,0;6,6;6,2;5,6;5,7;5,8;5,8;5,9;6,2;6,0;6,2;6,8;6,8;6,5;6,1;5,9;5,6;5,6;5,9;5,6;5,4;5,4;5,7;6,5;6,8;6,4;6,1;6,1;6,4;6,9;7,0;7,3;7,3;7,4;7,6;8,3;8,5;8,4;8,3
Powiat nowosolski;020811404000;26,7;26,8;26,7;25,6;24,5;23,5;23,2;22,8;22,8;22,9;23,1;24,0;25,3;25,6;25,3;24,5;23,8;23,4;23,3;23,2;23,8;23,5;23,6;25,4;26,6;26,8;27,0;26,4;25,5;24,6;24,4;24,2;24,1;24,3;24,8;25,5;26,4;26,4;25,4;24,2;22,9;21,9;21,4;21,5;21,1;20,8;20,6;20,7;21,4;21,4;21,1;20,0;18,7;18,0;17,7;17,4;17,2;17,1;17,1;17,9;18,5;18,4;18,1;16,7;15,7;14,6;14,1;13,8;13,4;13,6;13,7;14,2;13,8;13,2;13,3;12,4;12,0;11,4;11,2;11,1;10,8;10,5;10,4;10,5;10,7;10,6;10,2;9,7;9,5;9,1;8,7;8,6;8,3;8,3;8,5;8,5;9,0;8,9;8,6;8,1;7,9;7,3;6,6;6,3;6,1;6,2;6,1;6,2;6,5;6,7;6,8;7,3;7,8;7,9;8,0;7,6;7,1;7,1;7,1;7,1;7,5;7,4;7,2;6,7;6,6;6,2;5,9;5,3;5,1;5,1;5,0;5,2;5,4;5,5;5,4;5,4;5,0;4,8;4,7;4,7;5,0;5,0;5,2;5,1;5,7;5,9;6,0;5,6;5,4;5,2;5,1;5,2;5,3;5,4;5,6;5,5;6,0;6,1;6,1;6,0;5,8;5,7;5,7;5,8;6,0;5,9;6,0;6,1;6,6;6,8;6,7;6,5;6,5;6,6;6,9;7,2;7,4;7,6;7,6;7,6;8,2;8,3;8,2;8,3
Powiat świebodziński;020811408000;10,0;10,1;9,2;9,3;8,8;8,2;8,3;8,4;8,2;8,4;8,9;9,9;10,6;11,1;11,3;10,9;10,7;10,7;10,3;11,1;11,5;11,6;11,8;12,5;13,6;13,8;13,4;13,0;12,8;12,5;12,4;12,8;12,9;12,6;12,7;13,5;14,0;13,9;12,9;12,4;11,9;11,4;11,1;10,8;10,9;10,7;10,6;10,2;10,5;10,3;10,0;9,7;9,3;9,0;9,0;8,9;8,9;8,8;8,9;9,0;9,5;9,2;8,5;8,0;7,8;7,5;7,6;7,5;7,2;7,2;7,2;7,6;7,6;7,3;6,9;6,2;5,9;5,4;5,4;5,6;5,5;5,4;5,2;5,2;5,3;5,2;4,8;4,7;4,7;4,5;4,4;4,5;4,4;4,4;4,3;4,4;4,5;4,4;4,2;4,2;4,2;4,0;3,9;3,8;3,5;3,4;3,5;3,5;3,9;3,9;4,0;4,4;4,7;4,9;5,0;5,0;5,1;5,1;5,1;5,5;5,7;5,7;5,6;5,5;5,1;5,0;5,0;5,0;4,3;4,0;3,5;3,2;3,2;3,0;2,8;2,8;2,7;2,6;2,6;2,6;2,5;2,6;2,6;2,7;3,0;2,9;2,8;2,7;2,5;2,5;2,5;2,4;2,5;2,6;2,5;2,5;2,6;2,8;2,7;2,6;2,5;2,5;2,6;2,6;2,5;2,4;2,2;2,3;2,5;2,6;2,6;2,5;2,5;2,6;3,0;3,1;3,2;3,2;3,4;3,4;3,8;3,8;3,7;3,7
Powiat zielonogórski;020811409000;15,6;15,6;15,4;15,0;14,9;14,5;14,2;14,3;14,3;14,1;14,3;14,8;16,3;16,3;15,8;15,7;15,6;15,3;15,2;15,2;15,2;14,8;15,2;15,9;17,3;17,4;17,1;16,5;15,8;15,4;15,3;15,2;14,9;14,7;14,7;15,2;16,4;16,1;15,7;15,1;14,6;14,0;13,6;13,6;13,7;13,5;13,6;13,5;11,8;11,7;11,3;10,9;10,5;10,1;9,8;9,6;9,5;9,4;9,3;11,1;11,6;11,4;11,0;10,8;10,4;9,9;9,6;9,4;9,4;9,1;9,0;9,0;9,3;9,0;8,5;8,4;8,1;7,7;7,5;7,5;7,4;7,1;7,0;6,9;7,4;7,4;7,0;7,0;6,8;6,5;6,6;6,7;6,7;6,7;6,7;6,7;6,9;7,0;6,8;6,5;6,5;6,3;6,0;5,8;5,7;5,4;5,5;5,9;6,5;6,4;6,3;6,6;7,2;7,6;7,8;7,8;7,8;7,9;7,9;8,2;8,7;8,8;8,6;8,6;8,5;8,3;8,2;8,3;8,0;8,0;7,9;8,6;8,8;8,7;8,5;8,4;8,3;7,9;7,7;7,6;7,8;7,8;7,8;7,4;7,8;7,8;7,6;7,4;7,3;7,2;7,1;7,0;7,0;6,7;6,5;6,6;6,9;7,0;7,1;6,9;6,8;6,7;6,7;6,8;6,7;6,5;6,6;6,6;7,1;7,1;7,1;7,0;7,0;7,1;7,5;7,5;7,6;7,5;7,4;7,4;7,9;8,0;8,1;8,1
Powiat żagański;020811410000;29,2;28,1;27,3;26,4;26,0;25,5;25,2;24,6;24,0;23,7;24,1;25,7;27,4;26,5;26,3;25,2;24,5;24,6;23,8;24,0;24,4;23,7;23,9;25,0;26,7;25,8;25,3;24,9;24,1;23,8;23,6;24,0;23,8;23,6;24,5;25,7;26,9;26,1;25,2;24,1;22,8;22,1;22,0;21,3;20,7;20,8;21,4;22,2;23,0;22,5;21,3;20,5;19,4;19,1;18,7;18,2;18,4;17,7;17,6;17,9;19,0;18,4;17,3;16,6;16,0;15,0;15,0;14,9;13,7;13,8;13,9;14,4;15,2;14,5;13,8;13,2;12,8;12,2;11,7;11,6;11,1;10,7;10,8;11,3;12,2;11,8;11,1;10,5;10,2;9,6;9,5;9,2;9,0;8,9;8,9;9,4;10,0;9,5;9,2;8,7;8,5;8,3;8,3;8,5;8,2;8,0;8,3;8,8;9,5;9,0;8,6;9,4;10,1;10,2;9,7;9,3;9,2;8,8;8,8;9,0;9,5;9,4;8,9;8,6;8,3;7,7;7,3;7,2;6,7;6,3;6,4;7,1;7,5;7,5;7,2;7,0;6,7;6,1;5,9;5,9;5,6;5,6;5,8;6,2;6,6;6,4;6,0;5,4;5,0;5,0;4,9;5,1;5,1;5,2;5,1;5,2;5,8;5,7;5,5;5,3;5,1;4,8;5,0;5,2;5,0;5,0;5,1;5,3;6,1;6,2;6,1;5,8;5,7;5,8;6,1;6,3;6,6;6,6;6,5;6,4;7,0;7,1;7,1;7,1
Powiat żarski;020811411000;18,6;18,8;18,6;17,8;17,2;16,6;16,4;16,3;16,4;16,5;16,7;17,2;18,1;18,0;18,0;17,1;16,9;16,7;16,1;15,9;16,7;16,3;16,8;17,4;18,4;18,4;18,4;17,7;17,2;17,0;16,7;16,8;17,0;16,5;16,7;16,5;17,2;16,8;16,4;15,2;14,7;14,0;13,9;13,6;13,6;13,1;13,4;12,9;13,5;13,0;12,5;12,0;11,9;10,9;10,5;10,1;9,6;9,7;9,6;9,7;10,3;9,8;9,3;8,8;8,6;7,9;8,3;8,0;7,9;7,7;7,8;8,2;8,2;7,3;7,3;7,0;6,8;6,6;6,5;6,6;6,4;6,0;6,0;6,4;7,1;6,7;6,6;6,1;6,2;5,9;5,7;5,7;5,8;5,5;5,6;6,0;6,4;6,1;6,1;5,5;5,4;5,2;5,2;5,2;4,9;4,8;4,9;5,3;5,7;5,6;5,6;6,1;6,6;6,5;6,6;6,6;6,4;6,3;6,3;6,8;7,2;7,2;7,0;6,7;6,6;6,5;6,4;6,0;5,7;5,5;5,3;5,9;5,8;5,5;5,5;5,2;4,9;4,9;5,0;4,9;4,9;4,9;4,9;5,2;5,5;5,5;5,2;5,1;4,9;4,9;4,9;4,9;5,0;4,7;4,8;5,0;5,3;5,3;5,3;5,1;4,9;5,0;5,1;5,2;5,2;5,0;5,2;5,3;5,6;5,5;5,5;5,4;5,4;5,4;5,8;6,0;6,0;6,0;6,2;6,3;6,8;6,8;6,7;6,6
Powiat wschowski;020811412000;17,5;17,3;16,9;16,2;16,0;15,0;14,7;15,3;15,5;15,4;15,8;16,6;17,8;17,6;17,2;16,7;15,9;15,4;15,3;15,3;16,0;16,3;16,9;18,4;19,7;19,9;19,6;18,9;17,7;16,9;16,5;16,4;16,7;16,5;16,8;16,3;17,0;16,6;16,3;15,3;14,4;13,7;13,5;13,4;13,2;13,0;13,1;13,3;14,0;13,9;13,4;12,9;12,4;11,5;11,1;11,3;11,5;11,5;11,6;12,1;12,5;12,3;11,7;11,1;10,8;10,8;10,7;10,5;10,6;10,3;10,5;11,1;11,4;11,1;10,6;10,3;9,7;9,3;9,1;9,2;9,4;9,1;9,1;9,1;9,2;9,1;8,3;8,0;7,8;7,6;7,7;7,5;7,7;7,9;7,7;8,5;9,0;8,8;8,3;7,7;7,6;7,2;7,1;7,1;7,4;7,2;7,3;7,8;8,4;8,3;8,0;8,3;8,8;8,6;8,7;8,7;8,6;8,4;8,7;9,0;9,4;9,5;9,2;9,1;8,9;8,5;8,5;8,3;8,2;7,8;7,9;8,5;8,9;9,0;8,5;8,3;8,0;7,4;7,2;7,0;7,2;7,2;7,4;7,4;8,0;7,6;7,3;7,1;7,0;7,0;7,2;7,1;7,3;7,3;7,3;7,5;7,9;7,8;7,0;6,7;6,6;6,4;6,5;6,5;6,7;6,9;7,0;7,7;8,2;8,1;7,9;7,6;7,5;7,7;7,7;8,1;8,3;8,1;8,2;8,6;9,1;9,1;8,7;8,4
Powiat m. Zielona Góra;020811462000;8,6;8,5;8,5;8,4;8,3;8,1;8,0;8,0;7,8;7,7;7,9;8,3;9,0;8,9;8,8;8,7;8,7;8,7;8,6;8,6;8,5;8,0;7,9;8,3;8,8;8,7;8,6;8,4;8,1;7,9;7,8;7,8;7,6;7,4;7,6;7,8;8,5;8,3;8,1;7,8;7,6;7,4;7,3;7,3;7,3;7,2;7,3;7,3;9,1;8,8;8,5;8,2;8,1;7,7;7,2;6,9;6,7;6,6;6,8;6,3;6,7;6,4;6,2;5,9;5,5;5,2;5,0;4,9;4,8;4,7;4,7;4,6;4,5;4,3;4,0;4,0;3,9;3,6;3,5;3,7;3,6;3,5;3,4;3,4;3,8;3,6;3,5;3,4;3,3;3,2;3,2;3,3;3,3;3,3;3,5;3,3;3,6;3,4;3,3;3,1;3,0;2,9;2,9;2,7;2,6;2,6;2,4;2,4;2,7;2,7;2,7;2,9;3,3;3,5;3,7;3,9;3,9;3,9;4,0;4,0;4,3;4,3;4,2;4,2;4,1;4,1;4,1;4,0;3,8;3,7;3,6;3,5;3,6;3,6;3,6;3,6;3,4;3,1;2,9;2,8;2,5;2,5;2,5;2,6;2,9;2,9;2,9;2,9;2,9;2,8;2,8;2,8;2,9;2,8;2,9;2,9;3,1;3,1;3,1;3,0;3,0;3,0;2,9;2,9;2,9;2,9;3,0;2,9;3,1;3,2;3,3;3,2;3,2;3,3;3,5;3,6;3,7;3,8;3,9;3,9;4,2;4,3;4,5;4,5
Powiat jarociński;023015706000;16,3;15,9;15,4;13,9;13,6;12,9;12,6;12,4;12,2;12,0;12,2;12,8;14,2;14,9;14,9;14,2;14,0;13,7;13,5;13,4;13,0;12,8;13,3;14,0;15,6;16,1;15,7;15,3;14,3;14,0;13,5;13,3;13,4;13,3;13,6;13,4;14,1;14,4;13,8;13,2;12,6;11,7;11,5;10,9;10,8;10,8;10,8;10,6;11,5;11,8;11,5;11,1;10,4;9,9;9,5;9,3;9,1;8,9;8,8;8,9;9,6;9,5;8,9;8,2;7,4;6,5;6,3;6,1;6,2;6,0;5,8;5,9;6,4;6,8;6,4;5,6;5,1;4,8;4,7;4,8;5,0;4,5;4,6;4,6;5,1;5,2;5,3;4,9;4,2;4,0;3,9;4,0;4,0;3,8;3,9;3,8;4,3;4,5;4,3;3,8;3,6;3,3;3,4;3,5;3,6;3,7;3,6;3,7;4,3;4,3;4,3;4,7;5,0;5,1;5,0;5,2;5,2;5,1;5,1;5,1;5,4;5,6;5,5;5,1;4,9;4,7;4,7;4,8;4,8;4,5;4,5;4,9;5,3;5,5;5,3;5,1;5,0;4,5;4,3;4,3;4,2;4,2;4,3;4,2;4,6;4,9;4,9;4,7;4,6;4,5;4,5;4,4;4,5;4,4;4,3;4,3;5,0;5,2;5,1;4,7;4,5;4,4;4,3;4,5;4,7;4,6;4,5;4,6;5,2;5,5;5,3;4,9;4,8;4,8;5,1;5,4;5,6;5,8;5,5;5,7;6,1;6,3;6,3;6,2
Powiat kaliski;023015707000;9,4;9,6;9,3;8,9;8,7;8,2;8,0;7,9;8,1;7,8;7,9;8,4;8,9;9,1;8,8;8,4;8,0;7,8;7,7;7,9;8,2;8,0;8,3;8,8;9,4;9,8;9,7;9,4;8,9;8,7;8,3;8,2;8,3;8,3;8,3;8,4;8,9;9,0;8,5;7,7;7,4;7,0;6,8;6,7;6,8;6,8;7,0;6,8;7,2;7,2;6,9;6,7;6,5;5,6;5,4;5,3;5,4;5,3;5,2;5,2;5,4;5,5;5,5;5,0;4,8;4,4;4,2;4,2;4,1;4,1;4,2;4,2;4,2;4,2;4,1;3,9;3,8;3,4;3,3;3,1;3,1;2,9;2,8;2,8;2,9;2,9;2,8;2,7;2,4;2,4;2,3;2,5;2,4;2,3;2,4;2,3;2,4;2,4;2,4;2,3;2,2;2,0;2,1;2,1;2,1;2,0;2,1;2,1;2,3;2,4;2,2;2,5;2,6;2,6;2,6;2,6;2,6;2,6;2,6;2,7;2,8;3,0;3,0;2,9;2,9;2,8;2,7;2,7;2,8;2,6;2,5;3,2;3,4;3,4;3,5;3,4;3,3;3,2;3,2;3,2;3,3;3,4;3,5;3,3;3,5;3,5;3,4;3,2;3,2;3,3;3,4;3,2;3,3;3,2;3,1;3,1;3,3;3,4;3,3;3,2;3,1;3,2;3,3;3,4;3,3;3,4;3,4;3,5;3,8;3,8;3,7;3,6;3,5;3,6;3,8;3,9;3,9;4,0;4,1;4,1;4,4;4,4;4,4;4,2
Powiat kępiński;023015708000;6,4;6,7;6,7;6,2;6,3;6,0;6,0;5,7;5,9;6,2;6,2;6,4;6,9;7,1;7,1;6,6;6,1;6,0;5,9;6,0;5,8;5,7;5,9;5,8;6,5;6,6;6,4;6,2;6,0;5,6;5,4;5,4;5,4;5,1;5,1;5,0;5,2;5,2;4,8;4,6;4,4;4,0;4,0;3,7;3,7;3,6;3,6;3,4;3,7;3,8;3,7;3,4;3,2;3,1;3,0;3,0;2,9;2,7;2,7;2,6;2,8;2,9;2,7;2,6;2,5;2,4;2,4;2,4;2,3;2,3;2,2;2,1;2,2;2,3;2,2;2,1;2,1;2,1;2,1;2,2;2,1;2,0;2,0;1,9;2,0;2,1;1,9;1,8;1,8;1,8;1,8;1,8;1,9;1,8;1,8;1,8;1,9;1,9;1,9;1,8;1,8;1,7;1,7;1,7;1,6;1,6;1,6;1,6;1,7;1,7;1,6;1,9;2,1;2,1;2,0;1,9;1,9;2,0;2,0;1,9;2,0;2,0;1,9;1,8;1,8;1,7;1,7;1,8;1,7;1,7;1,6;1,7;1,8;1,8;1,8;1,8;1,8;1,7;1,8;1,9;1,8;1,8;1,8;1,8;1,9;1,9;1,9;1,9;1,9;1,8;1,8;1,7;1,8;1,8;1,7;1,5;1,7;1,8;1,8;1,8;1,7;1,7;1,7;1,7;1,7;1,6;1,6;1,5;1,6;1,6;1,6;1,5;1,5;1,6;1,6;1,6;1,7;1,6;1,6;1,6;1,6;1,7;1,7;1,8
Powiat krotoszyński;023015712000;11,5;11,6;11,5;10,8;10,7;10,1;9,9;9,7;9,8;9,7;10,0;10,5;11,4;11,8;11,5;10,9;10,2;9,8;9,5;9,3;9,1;9,4;9,9;10,1;11,1;11,5;11,6;11,2;10,5;9,9;9,5;9,3;9,2;9,0;9,3;9,6;10,5;10,7;10,1;9,9;9,4;8,7;8,5;8,3;8,1;8,1;8,4;8,4;9,0;9,0;8,7;7,8;7,3;6,9;6,5;6,4;6,0;5,9;5,7;5,8;6,3;6,2;5,8;5,5;5,3;4,8;4,5;4,5;4,3;4,4;4,6;4,9;5,2;5,1;5,0;4,5;4,1;3,8;3,7;3,8;3,7;3,7;3,8;3,7;4,0;4,0;3,9;3,5;3,4;3,2;3,1;3,2;3,0;3,0;3,2;3,3;3,7;3,7;3,6;3,3;3,3;3,0;3,0;2,9;2,8;2,8;2,9;2,9;3,2;3,3;3,4;3,8;4,0;4,0;4,0;4,0;4,1;4,0;3,9;3,5;3,6;3,7;3,6;3,4;3,3;3,1;3,0;2,9;2,9;2,8;2,8;2,6;2,6;2,5;2,4;2,3;2,3;2,2;2,3;2,2;2,3;2,4;2,3;2,7;3,1;3,1;3,0;2,8;2,8;2,7;2,7;2,6;2,5;2,5;2,6;2,6;2,9;3,0;2,9;2,9;2,8;2,7;2,7;2,8;2,9;2,8;2,8;2,7;3,0;3,0;2,9;2,9;2,8;2,8;2,9;3,0;3,1;3,1;3,1;3,2;3,5;3,5;3,4;3,3
Powiat ostrowski;023015717000;12,6;13,0;12,5;11,6;10,8;9,9;9,7;9,7;9,7;9,7;9,9;10,5;11,1;11,4;11,1;10,6;10,1;9,7;9,6;9,6;9,7;10,1;10,6;11,1;11,9;12,2;12,1;11,6;10,8;10,4;9,9;9,8;10,0;9,9;10,0;10,3;10,6;10,6;10,0;9,3;8,7;8,2;7,9;7,9;7,7;7,6;7,9;7,8;8,1;8,1;7,8;7,6;7,1;6,6;6,2;6,1;6,1;6,0;5,9;5,9;6,2;6,4;6,0;5,6;5,1;4,8;4,7;4,6;4,6;4,5;4,5;4,5;4,7;4,5;4,2;3,9;3,8;3,7;3,7;3,6;3,5;3,2;3,1;3,1;3,2;3,2;3,1;3,1;3,0;2,8;2,8;2,9;2,9;2,8;2,8;2,8;2,9;2,7;2,6;2,5;2,5;2,4;2,5;2,5;2,5;2,5;2,5;2,6;2,9;2,9;3,0;3,4;3,8;3,9;3,8;3,6;3,7;3,5;3,3;3,4;3,5;3,6;3,4;3,4;3,3;3,0;3,0;2,9;2,9;2,8;2,7;2,8;3,0;3,0;2,9;2,8;2,8;2,7;2,8;3,0;3,1;3,0;2,9;3,0;3,3;3,3;3,1;3,0;3,0;3,0;3,0;2,9;3,0;3,0;2,9;3,0;3,3;3,4;3,1;2,9;2,9;2,8;2,9;2,9;3,0;3,0;3,0;2,9;3,3;3,4;3,4;3,2;3,1;3,1;3,3;3,4;3,6;3,7;3,6;3,8;4,2;4,4;4,4;4,3
Powiat ostrzeszowski;023015718000;10,7;11,1;10,9;10,4;9,8;9,2;8,9;8,8;9,2;9,2;9,7;10,5;11,4;11,7;11,0;10,2;9,6;9,1;8,8;9,1;9,4;9,5;10,0;10,6;11,7;11,8;11,6;11,1;10,3;9,9;9,9;9,9;9,9;10,1;10,5;11,0;11,5;11,6;10,5;9,7;9,2;8,7;8,7;8,6;8,5;8,7;8,9;8,9;9,5;9,3;8,6;7,8;7,5;7,2;7,0;7,0;7,2;7,0;7,0;6,8;7,4;7,4;7,0;6,3;5,9;5,4;5,3;5,3;5,4;5,4;5,4;5,6;6,2;6,0;5,7;5,1;5,0;4,8;4,7;4,6;4,9;4,6;4,3;4,4;4,8;4,8;4,7;4,3;4,1;4,0;4,2;4,2;4,1;4,1;4,1;4,3;4,6;4,5;4,5;4,3;4,1;4,0;3,9;3,9;3,9;3,9;3,9;4,0;4,2;4,1;4,0;4,4;4,5;4,6;4,7;4,7;4,6;4,2;4,2;4,3;4,5;4,4;4,0;3,6;3,5;3,3;3,1;3,0;3,1;2,9;3,0;3,4;3,8;3,8;3,3;3,1;3,2;3,2;3,2;3,4;3,5;3,6;3,6;3,6;3,9;3,8;3,5;3,5;3,5;3,5;3,5;3,6;3,5;3,5;3,5;3,6;4,1;4,0;3,7;3,5;3,8;3,6;3,6;3,5;3,6;3,7;3,7;3,6;4,1;4,0;3,7;3,5;3,4;3,6;4,0;4,1;4,2;4,2;4,1;4,2;4,7;4,8;4,6;4,5
Powiat pleszewski;023015720000;14,2;14,5;14,1;13,6;12,7;11,9;11,0;11,2;11,2;11,1;11,7;12,6;13,6;13,8;13,2;12,2;11,6;11,6;11,4;11,3;11,2;11,3;12,0;13,1;14,2;14,8;14,3;13,9;13,4;12,6;12,4;12,6;12,7;12,6;13,1;13,4;13,8;13,9;13,0;12,1;11,6;11,0;10,5;10,1;9,7;9,3;9,2;9,6;10,4;10,4;9,7;9,0;7,9;7,4;7,1;6,7;6,3;6,0;6,6;6,8;7,2;7,0;6,6;6,1;5,5;5,3;5,3;5,0;4,8;5,1;5,5;5,4;5,4;5,4;5,3;4,9;4,5;3,9;3,9;3,6;3,5;3,6;3,8;3,7;3,9;3,9;3,7;3,5;3,2;3,2;3,3;3,2;3,2;3,2;3,6;3,6;3,7;3,6;3,5;3,3;3,3;3,2;3,3;3,4;3,5;3,6;3,7;3,9;4,1;4,2;4,4;4,9;5,1;5,2;5,3;5,3;5,3;5,2;5,3;5,3;5,7;5,7;5,4;5,4;5,3;4,8;4,3;4,4;4,3;4,1;4,2;4,2;4,9;5,1;4,8;4,1;3,9;3,3;3,5;3,5;3,2;3,5;3,5;3,7;4,1;4,0;3,8;3,4;3,3;3,4;3,4;3,3;3,3;3,4;3,4;3,3;3,6;3,5;3,4;3,3;3,1;3,2;3,3;3,4;3,4;3,6;3,5;3,5;3,9;3,8;3,8;3,5;3,5;3,6;3,9;4,1;4,0;4,2;4,3;4,3;4,6;4,7;4,5;3,8
Powiat m. Kalisz;023015761000;9,2;9,4;9,0;8,7;8,3;8,0;7,8;7,8;7,8;7,8;7,6;7,8;8,3;8,6;8,3;8,1;7,8;7,7;7,6;7,8;8,0;7,8;8,0;8,4;9,0;9,4;9,2;9,3;9,1;8,8;8,5;8,5;8,4;8,4;8,3;8,3;8,7;8,6;8,3;7,7;7,3;6,9;6,9;7,0;7,1;7,0;7,0;6,8;7,1;7,2;7,1;6,8;6,4;5,6;5,6;5,5;5,5;5,5;5,4;5,5;5,7;5,8;5,7;5,4;5,1;4,7;4,4;4,4;4,4;4,5;4,6;4,6;4,6;4,6;4,5;4,3;4,1;3,7;3,5;3,4;3,3;3,2;3,1;3,1;3,2;3,2;3,1;3,0;2,8;2,7;2,6;2,6;2,5;2,5;2,4;2,6;2,7;2,8;2,8;2,6;2,6;2,4;2,4;2,5;2,3;2,3;2,5;2,6;2,8;2,9;2,8;3,1;3,3;3,3;3,2;3,2;3,2;3,2;3,2;3,4;3,5;3,6;3,7;3,7;3,7;3,6;3,5;3,4;3,4;3,3;3,1;3,2;3,4;3,4;3,3;3,2;3,1;3,1;3,1;3,1;3,2;3,2;3,3;3,4;3,7;3,7;3,6;3,5;3,5;3,5;3,5;3,4;3,4;3,4;3,3;3,3;3,6;3,7;3,7;3,6;3,6;3,6;3,5;3,6;3,7;3,7;3,6;3,7;3,9;3,9;4,0;3,8;3,7;3,7;3,9;4,0;4,0;4,1;4,2;4,3;4,5;4,7;4,7;4,6
Powiat gnieźnieński;023015803000;13,6;14,1;14,2;13,8;13,5;13,1;12,9;12,7;12,7;12,8;13,0;13,7;14,8;15,1;15,3;15,0;14,7;14,5;14,2;14,1;14,5;14,3;14,7;14,9;16,1;16,5;16,6;16,4;16,0;15,5;15,2;15,2;15,2;15,0;15,2;15,3;16,1;16,1;15,8;15,2;14,6;14,0;13,7;13,5;13,1;12,7;12,6;12,3;13,1;13,1;12,8;11,9;11,3;10,9;10,3;10,2;10,0;9,6;9,5;9,5;10,1;10,2;10,0;9,6;9,1;8,7;8,6;8,4;8,1;7,9;7,7;7,7;8,1;8,0;7,8;7,4;7,2;6,9;6,7;6,6;6,3;6,1;6,0;6,1;6,3;6,4;6,0;5,9;5,5;5,3;5,4;5,3;5,1;4,8;4,7;4,6;4,8;4,6;4,6;4,3;4,1;3,8;3,8;3,9;3,6;3,5;3,5;3,5;4,0;4,1;4,0;4,3;4,6;4,6;4,6;4,6;4,4;4,4;4,2;4,1;4,4;4,5;4,5;4,7;4,7;4,6;4,6;4,5;4,4;4,2;4,1;4,3;4,6;4,7;4,6;4,5;4,3;4,1;3,9;3,9;3,9;4,0;4,2;4,4;4,9;5,0;4,9;4,8;4,7;4,7;4,6;4,6;4,5;4,5;4,4;4,6;5,2;5,3;5,1;4,9;4,7;4,6;4,5;4,7;4,6;4,5;4,4;4,5;5,1;5,2;5,2;5,0;4,7;4,8;5,1;5,4;5,4;5,2;5,1;5,3;5,8;6,1;6,1;5,9
Powiat kolski;023015809000;15,3;15,5;15,4;14,9;14,4;14,0;13,7;13,6;14,0;14,4;14,6;14,4;15,1;15,3;15,0;14,4;14,0;13,7;13,9;13,7;13,8;13,7;14,1;15,7;16,5;16,7;16,3;15,7;15,1;14,7;14,9;15,1;15,2;15,3;15,7;16,1;16,5;16,4;15,8;15,1;14,7;14,3;14,3;14,4;14,2;13,9;14,1;14,5;15,1;15,1;14,8;14,4;13,9;13,5;13,7;13,5;13,2;12,8;12,7;12,8;13,1;13,3;13,1;12,4;11,8;11,3;11,2;11,2;10,9;10,6;10,3;10,0;10,2;10,2;9,7;9,2;8,4;7,9;7,7;7,4;7,2;6,5;6,2;6,2;6,6;6,5;6,0;5,4;4,9;4,5;4,5;4,5;4,3;4,1;4,2;4,4;4,8;4,8;4,4;4,1;3,9;3,8;4,0;3,9;3,8;3,9;4,0;4,0;4,5;4,4;4,1;4,3;4,8;4,9;4,8;4,9;4,6;4,5;4,5;4,7;4,8;4,7;4,2;4,0;3,7;3,3;2,9;2,7;2,6;2,6;2,7;3,6;3,8;3,8;3,4;3,2;3,1;3,0;3,0;3,0;3,0;3,1;3,2;3,4;3,7;3,8;3,7;3,5;3,3;3,3;3,5;3,3;3,3;3,6;3,7;4,0;4,4;4,6;4,0;3,7;3,6;3,5;3,4;3,6;3,5;3,6;3,6;3,8;4,3;4,5;4,2;4,0;3,6;3,8;4,3;4,5;4,6;4,6;4,7;4,8;5,2;5,4;5,3;5,1
Powiat koniński;023015810000;19,2;19,6;19,4;18,5;17,8;17,0;16,9;16,6;16,6;16,4;17,1;17,5;18,2;18,6;18,1;17,5;16,9;16,5;16,8;17,0;17,1;17,2;18,0;18,7;19,7;20,0;19,8;19,0;18,1;17,5;17,4;17,6;18,1;18,1;18,5;18,9;19,8;19,9;19,3;18,5;17,3;16,9;16,9;16,6;17,0;17,0;17,1;17,0;17,5;17,6;17,1;15,9;15,1;14,5;14,5;14,5;14,5;14,5;14,8;15,0;15,7;15,8;15,4;14,7;14,0;13,5;13,7;13,7;13,7;13,5;13,9;14,1;14,7;14,6;13,7;12,8;12,3;12,0;12,0;11,7;11,4;11,0;11,1;11,4;11,6;11,7;11,4;10,6;10,2;9,7;9,6;9,4;9,3;8,9;8,9;8,9;9,4;9,4;9,1;8,7;8,1;7,7;7,9;7,9;7,8;7,9;8,2;8,5;9,0;9,0;8,8;9,0;9,4;9,5;9,5;9,6;9,5;9,3;9,4;9,7;10,2;10,4;10,1;9,7;9,5;9,2;9,0;8,9;8,8;8,5;8,3;9,9;10,4;10,7;10,2;9,9;9,4;9,0;8,9;8,7;8,9;8,9;9,4;8,6;9,0;9,0;8,6;8,4;8,2;8,2;8,2;8,2;8,2;8,1;8,2;8,4;8,7;9,0;8,9;8,6;8,3;8,1;7,9;8,1;8,2;8,3;8,4;8,5;9,2;9,4;9,3;8,6;8,3;8,3;8,6;8,8;9,3;9,3;9,3;9,6;9,8;10,0;9,9;9,8
Powiat słupecki;023015823000;17,1;17,3;16,9;15,9;15,5;15,3;15,3;15,4;15,4;15,6;16,0;16,8;17,7;17,9;17,4;16,7;16,5;16,2;16,2;16,1;16,2;16,2;16,9;17,5;18,6;19,1;18,6;17,8;17,0;16,8;17,0;16,9;16,9;17,1;17,5;17,9;18,6;18,4;17,8;16,7;16,0;15,3;15,0;14,9;14,6;14,8;14,6;14,7;15,5;15,6;15,1;14,1;13,6;13,1;12,5;11,4;11,5;11,2;11,1;11,3;11,9;11,8;11,4;10,6;10,1;9,7;9,3;9,0;8,8;9,2;9,0;9,5;10,0;10,0;9,6;8,8;8,4;8,1;8,3;8,1;8,1;7,8;8,0;8,2;8,8;8,7;8,4;8,0;7,7;7,4;7,5;7,4;7,5;7,5;7,5;7,7;7,9;7,6;7,3;6,9;6,6;6,6;6,8;6,6;6,6;6,5;6,5;6,7;7,4;7,2;7,2;7,8;7,9;8,0;7,9;8,0;7,8;7,8;7,9;7,9;8,4;8,3;8,0;7,8;7,4;7,1;7,1;7,1;6,9;6,9;6,7;7,5;7,8;7,7;7,6;7,3;7,1;6,9;7,0;7,0;7,1;7,0;7,0;7,1;7,8;7,6;7,4;7,3;7,1;7,2;7,3;7,2;7,2;7,0;7,0;7,2;8,0;7,9;7,6;7,4;7,1;6,9;7,0;7,1;7,1;7,0;6,9;7,3;7,9;7,9;7,6;7,2;7,0;7,1;7,3;7,5;7,9;7,7;7,6;7,9;8,5;8,6;8,3;8,1
Powiat turecki;023015827000;12,9;13,3;12,9;12,0;11,8;11,2;11,4;11,2;10,8;10,6;10,8;11,5;12,6;13,0;12,7;12,0;11,5;11,3;11,3;11,3;11,2;11,2;11,5;12,1;13,2;13,5;13,3;12,6;12,0;11,5;11,5;11,5;11,0;10,6;10,6;10,9;11,7;11,5;10,9;10,3;9,7;9,5;9,6;9,1;9,0;8,5;8,5;9,0;9,8;9,7;9,3;8,6;8,2;8,0;7,9;7,6;7,4;6,9;7,4;7,0;7,5;7,5;7,4;6,7;6,3;6,1;6,0;6,1;5,7;5,3;5,2;5,2;5,6;5,7;5,3;5,0;4,8;4,7;4,9;4,8;4,5;4,2;4,2;4,3;4,7;4,8;4,7;4,4;4,4;4,4;4,6;4,5;4,3;4,1;4,2;4,4;4,5;4,3;4,2;3,9;3,8;3,5;3,6;3,8;3,6;3,6;3,8;3,7;3,9;3,9;4,0;4,3;4,7;4,7;4,7;4,5;4,4;4,2;4,4;4,6;4,7;4,8;4,5;4,2;4,0;4,0;3,7;3,6;3,5;3,3;3,5;3,9;4,2;3,9;3,9;3,7;3,7;3,5;3,6;3,6;3,9;3,9;3,8;4,0;4,4;4,2;4,1;4,0;4,0;4,0;4,2;4,1;4,1;4,0;4,0;4,0;4,5;4,6;4,2;3,8;3,6;3,9;4,0;3,9;3,9;3,9;3,8;3,7;4,1;4,2;4,1;3,8;3,8;3,9;4,3;4,6;4,8;4,9;4,8;5,0;5,4;5,5;5,4;5,4
Powiat wrzesiński;023015830000;14,5;14,4;14,5;14,0;13,6;13,2;13,1;13,2;13,3;13,2;13,5;13,6;14,4;14,7;14,5;14,2;13,8;13,3;13,3;13,4;14,0;13,8;14,4;14,8;15,8;16,3;16,1;15,8;15,3;14,9;15,0;14,9;15,1;15,1;15,3;15,7;16,2;16,0;15,4;14,4;13,4;13,0;12,9;13,0;13,1;12,7;13,0;12,7;13,3;12,9;12,2;11,6;11,0;10,6;10,2;10,2;10,0;9,6;9,5;9,3;9,7;9,7;9,4;9,1;8,6;8,1;7,9;7,9;7,7;7,4;6,9;6,3;6,3;6,0;5,6;5,0;4,8;4,2;4,1;3,9;3,9;3,6;3,6;3,5;4,0;4,0;4,0;3,7;3,6;3,3;3,2;3,3;3,2;3,1;3,2;3,2;3,5;3,6;3,5;3,4;3,4;3,2;3,1;3,1;3,1;3,1;3,1;3,1;3,5;3,5;3,5;4,0;4,3;4,3;4,4;4,4;4,5;4,5;4,5;4,7;5,0;5,0;4,9;4,8;4,6;4,5;4,4;4,2;4,1;4,0;3,9;4,1;4,4;4,5;4,3;4,1;3,9;3,8;3,7;3,6;3,8;3,7;3,9;4,0;4,3;4,4;4,4;4,1;3,9;3,7;3,8;3,8;3,8;3,6;3,5;3,5;3,8;4,0;3,7;3,7;3,7;3,4;3,3;3,2;3,3;3,2;3,3;3,4;3,8;4,0;3,9;3,8;3,5;3,5;3,7;3,9;3,9;3,8;3,8;3,9;4,2;4,4;4,4;4,1
Powiat m. Konin;023015862000;14,1;14,5;14,5;14,0;13,5;12,8;12,8;12,7;12,4;12,2;12,6;13,0;13,6;14,0;13,9;13,6;13,3;13,0;13,2;13,3;13,1;13,0;13,3;13,6;14,2;14,5;14,3;14,1;13,8;13,5;13,3;13,5;13,7;13,5;13,5;13,9;14,4;14,4;14,0;13,7;13,1;12,9;13,0;12,7;12,8;12,6;12,4;12,4;12,9;13,2;12,8;12,1;11,7;11,4;11,4;11,4;11,1;10,9;10,9;11,2;11,4;11,6;11,3;10,8;10,5;10,2;10,1;10,0;10,0;9,9;10,2;10,6;10,8;10,7;10,1;9,7;9,3;9,1;9,1;9,0;8,6;8,2;8,0;7,4;7,6;7,7;7,5;7,3;7,1;6,9;6,8;6,7;6,5;6,3;6,2;6,2;6,4;6,6;6,3;6,0;5,6;5,4;5,4;5,5;5,4;5,3;5,3;5,7;6,1;6,3;6,1;6,2;6,6;6,8;6,9;7,0;7,1;6,9;7,0;7,2;7,6;7,8;7,5;7,4;7,3;7,1;6,9;6,9;6,7;6,6;6,3;6,3;6,5;6,6;6,4;6,4;6,2;5,9;5,7;5,6;5,6;5,6;5,7;5,9;6,3;6,3;6,1;6,2;6,0;5,9;6,0;6,0;5,9;5,8;5,6;5,7;6,1;6,3;6,3;6,1;5,9;5,8;5,6;5,9;6,0;6,0;5,9;5,9;6,3;6,5;6,4;6,1;6,0;6,1;6,3;6,5;6,8;6,8;6,8;7,0;7,2;7,3;7,4;7,5
Powiat gostyński;023015904000;13,4;13,6;13,4;12,6;12,1;11,3;11,3;11,0;11,1;11,4;11,8;12,3;12,9;13,0;12,8;12,2;11,6;10,9;11,1;10,7;11,1;11,4;11,6;12,3;13,3;13,7;13,5;13,1;12,5;12,0;11,7;11,2;11,2;11,2;11,5;12,0;12,8;12,9;12,3;12,0;11,2;10,8;10,5;10,3;10,1;10,0;10,2;10,5;11,0;11,1;10,7;10,2;9,5;8,7;8,4;8,3;8,3;8,2;8,1;8,3;8,8;8,7;8,3;7,8;7,5;7,1;7,1;7,1;7,2;7,1;7,0;7,2;7,5;7,6;7,1;6,7;6,4;6,0;6,1;6,0;6,0;5,9;5,7;6,0;6,1;6,2;6,1;5,7;5,4;5,3;5,2;5,1;5,2;5,2;5,2;5,4;5,6;5,8;5,6;5,2;5,1;5,0;5,0;4,9;4,8;4,8;4,8;4,8;5,2;5,1;4,8;5,1;5,3;5,4;5,4;5,4;5,5;5,4;5,4;5,6;5,7;5,7;5,6;5,4;5,3;5,3;5,3;5,2;5,1;4,9;4,9;5,4;5,5;5,4;5,1;5,0;4,8;4,6;4,6;4,7;4,8;4,8;4,9;4,8;5,3;5,3;5,1;4,9;4,8;4,8;4,8;4,7;4,8;4,9;5,1;5,2;5,5;5,5;5,3;5,2;4,9;4,8;4,8;4,8;4,8;4,7;4,8;4,9;5,3;5,4;5,1;4,8;4,8;4,9;5,0;4,9;5,0;4,8;4,9;5,0;5,4;5,5;5,5;5,3
Powiat grodziski;023015905000;8,6;8,7;8,8;8,5;8,4;8,5;8,8;8,8;8,8;8,9;8,9;9,1;9,6;10,0;10,1;10,1;10,1;10,0;10,0;10,3;10,4;10,5;10,6;10,6;11,2;11,6;11,5;11,3;10,8;10,3;10,3;9,9;9,8;9,4;9,2;9,0;9,4;9,5;9,2;8,9;8,4;8,1;7,9;8,0;8,0;7,8;7,9;7,5;7,9;7,8;7,6;7,3;7,2;7,1;6,8;6,7;6,5;6,3;6,3;6,3;6,7;6,8;6,6;6,3;6,1;6,0;5,6;5,4;5,0;5,1;5,1;5,0;5,3;5,3;5,2;5,0;4,9;4,6;4,5;4,7;4,5;4,3;4,3;4,3;4,4;4,5;4,4;4,3;4,3;4,1;4,0;4,0;3,9;4,0;4,0;3,9;4,2;4,0;3,8;3,7;3,5;3,4;3,4;3,5;3,4;3,2;3,1;3,2;3,4;3,4;3,5;3,8;3,8;3,8;3,9;3,9;4,1;4,0;3,9;3,9;4,1;4,1;4,2;4,1;4,0;4,0;4,0;4,0;4,1;4,0;3,9;4,4;4,5;4,4;4,5;4,3;4,2;4,2;4,2;4,3;4,3;4,3;4,4;4,4;4,8;4,7;4,6;4,6;4,4;4,3;4,3;4,5;4,4;4,4;4,6;4,6;4,9;4,9;4,9;4,9;4,8;4,7;4,7;4,8;4,7;4,6;4,6;4,6;4,9;4,8;4,8;4,7;4,6;4,6;4,9;4,9;5,1;5,1;5,0;5,0;5,5;5,6;5,5;5,4
Powiat kościański;023015911000;9,7;9,5;9,4;8,7;8,4;7,8;7,8;7,9;8,1;8,0;8,4;8,7;9,2;9,4;9,4;8,9;8,8;8,5;8,4;8,3;8,7;9,0;9,3;9,7;10,6;10,9;10,8;10,5;9,9;9,4;9,3;9,0;8,9;8,9;9,1;9,0;9,4;9,3;8,9;8,3;7,8;7,5;7,2;7,2;7,2;6,9;6,8;6,7;7,5;7,4;7,1;6,7;6,5;6,0;5,9;5,9;6,0;5,9;5,9;5,8;6,2;6,2;6,0;5,7;5,4;5,1;5,1;5,3;5,2;5,0;5,0;4,8;4,8;4,7;4,6;4,3;4,1;4,0;3,9;4,0;3,8;3,6;3,5;3,5;3,8;3,7;3,7;3,4;3,2;3,1;3,1;3,1;3,0;3,2;3,1;3,0;3,1;3,0;3,0;2,8;2,8;2,8;2,8;2,8;2,9;2,8;2,8;2,7;2,9;3,1;3,0;3,1;3,3;3,3;3,4;3,4;3,5;3,5;3,5;3,6;3,7;3,6;3,6;3,4;3,3;3,2;3,2;3,1;3,1;3,0;2,9;2,8;2,9;2,8;2,8;2,7;2,7;2,6;2,5;2,5;2,6;2,7;2,8;2,8;3,1;3,1;3,1;3,0;3,0;2,9;2,9;2,9;3,0;3,0;2,9;3,0;3,2;3,2;3,2;3,1;3,0;2,9;2,9;2,9;2,9;3,0;3,0;3,1;3,3;3,4;3,3;3,1;3,2;3,2;3,3;3,5;3,5;3,5;3,4;3,5;3,7;3,8;3,7;3,8
Powiat leszczyński;023015913000;10,0;10,1;9,6;9,1;8,7;8,3;8,1;8,2;8,2;8,4;8,4;8,8;9,2;9,4;9,2;8,9;8,6;8,2;8,2;8,3;8,3;8,4;8,8;9,0;9,7;10,2;10,0;9,5;9,0;8,5;8,2;8,3;8,2;8,2;8,3;8,3;8,6;8,7;8,4;8,0;7,5;7,2;6,8;6,6;6,5;6,1;6,1;6,3;6,5;6,4;6,2;5,8;5,5;5,3;5,3;5,1;5,1;4,9;4,9;5,1;5,2;5,2;5,0;4,5;4,2;4,0;4,2;4,1;4,3;4,4;4,2;4,2;4,4;4,4;4,1;3,7;3,6;3,5;3,5;3,5;3,4;3,3;3,2;3,1;3,3;3,3;3,2;3,0;2,9;2,8;2,8;2,8;2,9;2,7;2,8;2,8;3,0;3,1;2,9;2,8;2,6;2,5;2,5;2,4;2,4;2,5;2,4;2,5;2,8;2,8;2,9;3,2;3,4;3,5;3,4;3,2;3,2;3,0;2,9;2,9;3,1;3,1;2,9;2,8;2,6;2,5;2,5;2,3;2,2;2,2;2,1;2,2;2,4;2,3;2,3;2,3;2,3;2,2;2,3;2,4;2,4;2,5;2,4;2,3;2,6;2,7;2,7;2,6;2,6;2,6;2,6;2,5;2,5;2,4;2,5;2,5;2,9;2,9;2,9;2,8;2,7;2,5;2,5;2,5;2,5;2,5;2,6;2,6;2,9;2,9;2,8;2,7;2,7;2,8;2,9;3,1;3,2;3,3;3,4;3,4;3,8;3,8;3,8;3,6
Powiat międzychodzki;023015914000;10,2;10,1;8,8;8,1;7,6;6,9;6,3;6,0;6,0;7,0;6,7;9,2;10,6;10,8;10,7;10,4;10,2;10,3;9,7;8,9;9,2;9,9;10,3;11,7;12,6;11,9;11,4;10,8;10,2;9,5;9,4;9,0;9,6;11,3;11,0;12,0;12,3;12,5;11,9;11,1;10,5;9,4;9,0;8,6;8,4;7,8;8,1;8,4;9,2;9,5;9,3;8,9;8,4;7,8;7,3;6,8;7,0;7,0;7,1;7,2;8,0;7,9;7,4;6,9;6,5;6,0;5,7;5,6;5,4;5,2;5,2;5,4;5,8;5,9;5,6;5,4;5,4;5,1;5,1;5,1;5,0;4,6;4,6;4,8;5,1;5,3;5,1;5,1;4,9;5,0;4,8;4,7;4,9;4,7;4,6;4,6;4,9;4,6;4,6;4,6;4,5;4,4;4,3;4,3;4,2;4,1;4,2;4,3;4,7;4,4;4,3;4,8;5,1;5,1;5,1;5,2;5,2;5,3;5,4;5,6;6,0;6,3;6,2;6,2;6,3;5,8;5,9;5,8;5,7;5,8;5,5;5,8;6,1;6,1;6,1;6,1;5,8;5,4;5,0;4,7;4,7;4,6;4,6;4,8;5,1;5,2;5,0;4,7;4,4;4,4;4,3;4,4;4,4;4,6;4,5;4,6;5,2;5,5;5,4;5,3;5,0;4,9;5,0;4,8;5,0;4,8;4,8;5,0;5,4;5,8;5,4;5,4;5,2;5,1;5,2;5,5;5,7;5,6;5,6;5,8;6,0;6,3;6,2;5,9
Powiat nowotomyski;023015915000;7,2;7,6;7,3;6,8;6,5;6,1;5,9;5,8;5,9;6,0;6,4;6,5;7,3;7,6;7,5;7,1;6,7;6,5;6,8;6,8;7,0;7,0;7,3;7,4;8,5;8,7;8,5;8,3;7,9;7,3;7,2;6,8;6,6;6,6;6,5;6,6;7,2;7,2;6,8;6,6;6,2;5,9;6,0;6,0;5,7;5,1;4,8;4,6;5,0;5,1;4,8;4,7;4,6;4,3;4,2;4,4;4,5;4,1;4,0;3,9;4,4;4,5;4,5;4,2;3,9;3,7;3,7;3,7;3,5;3,3;3,1;3,0;3,1;3,1;3,1;2,9;2,7;2,7;2,7;2,7;2,6;2,4;2,2;2,2;2,4;2,4;2,4;2,4;2,2;2,0;2,1;2,2;2,1;2,0;1,9;2,0;2,1;2,2;2,1;2,1;2,0;1,9;2,0;1,9;1,9;2,0;2,0;2,0;2,3;2,3;2,2;2,5;2,9;2,8;3,0;3,0;3,1;3,0;2,9;3,0;3,1;3,1;2,9;2,7;2,7;2,5;2,5;2,5;2,4;2,4;2,3;2,3;2,5;2,5;2,3;2,3;2,2;1,9;2,0;2,1;2,1;2,2;2,2;2,2;2,5;2,6;2,5;2,6;2,6;2,6;2,6;2,7;2,7;2,6;2,5;2,5;2,8;2,8;2,6;2,6;2,4;2,4;2,2;2,2;2,3;2,2;2,2;2,2;2,4;2,5;2,4;2,4;2,5;2,6;2,6;2,7;2,9;2,9;2,9;2,9;3,1;3,3;3,1;3,2
Powiat rawicki;023015922000;12,3;12,5;12,1;11,5;10,9;10,4;10,5;10,4;10,4;10,2;10,3;10,9;11,4;11,7;11,4;11,2;10,8;10,4;10,7;10,4;10,2;9,9;10,1;10,9;11,7;11,8;11,8;11,5;11,1;10,7;11,0;10,8;10,7;10,5;10,4;11,0;11,6;11,7;11,2;10,6;10,3;10,1;10,0;9,9;9,4;9,1;9,2;9,2;9,3;9,2;8,8;8,3;7,9;7,6;7,5;7,3;6,9;6,9;6,8;7,0;7,2;7,1;6,9;6,5;6,3;6,0;5,9;5,8;5,8;5,6;5,5;5,8;6,0;6,1;5,8;5,6;5,3;5,2;5,2;5,2;5,0;4,8;4,6;5,0;4,9;4,8;4,7;4,6;4,3;4,1;4,3;4,2;4,0;3,9;3,9;4,0;4,3;4,1;4,3;4,0;3,8;3,9;3,9;3,9;3,9;3,9;3,8;3,8;4,0;3,9;3,9;4,1;4,3;4,5;4,5;4,5;4,6;4,4;4,5;4,4;4,5;4,5;4,3;3,8;3,8;3,6;3,4;3,4;3,3;3,3;3,3;3,5;3,5;3,4;3,3;3,2;3,2;3,1;3,3;3,4;3,4;3,5;3,4;3,6;3,8;3,7;3,6;3,5;3,4;3,5;3,4;3,4;3,5;3,4;3,3;3,6;3,8;3,8;3,7;3,7;3,6;3,5;3,5;3,5;3,5;3,5;3,5;3,5;3,7;3,6;3,7;3,5;3,6;3,6;3,9;4,1;4,3;4,2;4,0;4,1;4,3;4,4;4,3;4,2
Powiat wolsztyński;023015929000;7,0;7,4;7,0;6,0;5,9;5,4;5,4;5,5;5,6;5,5;5,6;6,0;6,6;6,7;6,6;6,4;6,1;5,9;6,0;6,1;6,2;6,2;6,4;6,7;7,4;7,6;7,5;7,2;6,7;6,0;6,1;6,1;6,0;5,6;5,7;5,9;6,3;6,3;5,9;5,6;5,7;5,1;5,1;5,1;4,9;4,9;4,7;4,7;5,3;5,4;5,3;5,0;4,8;4,5;4,3;4,3;4,2;4,3;4,0;3,9;4,0;4,1;3,8;3,4;3,3;3,1;3,0;3,1;3,1;3,0;2,9;2,5;2,8;2,7;2,4;2,1;2,0;1,9;2,0;2,1;2,1;1,8;1,8;1,7;1,8;1,9;1,8;1,6;1,5;1,4;1,3;1,4;1,4;1,4;1,4;1,4;1,6;1,7;1,6;1,6;1,5;1,4;1,4;1,5;1,5;1,4;1,5;1,6;1,7;1,8;1,8;2,0;2,2;2,2;2,1;2,1;2,3;2,3;2,3;2,4;2,6;2,6;2,5;2,4;2,4;2,2;2,2;2,3;2,2;2,1;2,0;2,1;2,2;2,3;2,2;2,1;1,9;1,6;1,6;1,7;1,7;1,7;1,7;1,8;1,9;2,1;2,2;2,0;1,9;1,8;2,0;1,9;1,9;1,9;1,9;1,9;2,1;2,1;1,9;1,7;1,7;1,5;1,5;1,6;1,6;1,5;1,5;1,5;1,8;1,9;1,8;1,7;1,6;1,7;1,8;1,9;2,1;2,1;2,3;2,3;2,6;2,7;2,8;2,7
Powiat m. Leszno;023015963000;9,1;9,2;9,0;8,5;7,9;7,7;7,7;7,8;7,8;7,9;7,7;7,9;8,6;8,8;8,8;8,5;8,3;8,3;8,3;8,4;8,5;8,4;8,5;8,7;9,6;10,0;10,0;9,8;9,4;9,1;8,9;8,9;8,7;8,4;8,4;8,8;9,1;9,1;8,8;8,5;7,9;7,7;7,5;7,3;7,2;6,7;6,6;6,7;7,1;7,1;7,0;6,9;6,4;6,2;6,1;5,9;5,7;5,7;5,6;5,6;5,9;6,0;5,8;5,6;5,2;5,0;5,0;4,9;4,9;4,8;4,7;4,8;5,0;5,1;4,9;4,6;4,4;4,3;4,3;4,2;4,2;3,9;3,9;3,9;4,1;4,1;3,9;3,8;3,7;3,6;3,6;3,6;3,5;3,4;3,5;3,6;3,8;3,8;3,7;3,7;3,6;3,4;3,3;3,2;3,1;3,1;3,1;3,2;3,3;3,4;3,4;3,7;3,8;3,8;3,8;3,7;3,8;3,7;3,5;3,6;3,7;3,8;3,5;3,4;3,3;3,1;3,0;2,9;2,9;2,9;2,9;2,8;2,9;2,8;2,9;2,8;2,7;2,7;2,7;2,7;2,6;2,7;2,7;2,8;3,2;3,2;3,2;3,1;2,9;3,0;3,0;3,1;3,0;3,0;3,0;3,0;3,2;3,3;3,3;3,2;3,1;3,0;2,9;3,0;3,1;3,1;3,0;3,1;3,4;3,5;3,5;3,5;3,3;3,4;3,5;3,6;3,7;3,7;3,6;3,7;4,0;4,2;4,3;4,2
Powiat chodzieski;023016001000;15,9;16,0;16,0;15,5;15,4;15,3;15,0;15,0;14,9;14,9;15,1;16,2;17,0;17,1;17,1;16,7;16,3;15,8;15,8;16,2;16,1;16,5;16,7;16,6;17,7;18,2;17,6;17,1;16,9;16,4;16,1;16,1;16,1;15,9;16,0;16,5;17,3;17,3;16,7;15,9;15,1;14,4;14,6;14,6;14,1;13,8;13,9;13,8;14,5;14,4;14,2;14,2;13,8;12,8;12,4;12,3;12,1;11,6;11,1;11,2;11,6;11,9;12,0;11,8;11,5;10,9;10,6;10,6;10,5;10,4;10,3;9,9;10,2;10,3;10,1;9,6;9,3;8,8;8,6;8,6;8,4;8,0;7,6;7,8;7,9;8,0;7,7;7,4;7,2;6,9;6,9;6,9;6,9;6,8;6,6;6,8;7,1;6,9;6,6;6,3;6,1;6,1;6,0;6,1;6,2;6,7;6,7;7,2;7,4;7,2;7,5;7,8;8,2;8,1;8,1;8,0;8,1;7,8;7,8;8,2;8,6;8,4;8,3;8,1;8,0;7,6;7,5;7,6;7,5;7,4;6,9;7,5;7,6;7,4;7,3;7,0;6,9;6,2;6,4;6,5;6,6;6,7;6,8;7,0;7,4;7,1;6,8;6,7;6,5;6,8;7,0;7,0;7,2;7,2;7,4;7,5;8,0;8,1;7,8;7,5;7,3;7,3;7,2;7,3;7,3;7,4;7,4;7,6;8,1;8,0;7,8;7,4;7,3;7,2;7,5;7,9;8,0;7,8;7,8;7,9;8,4;8,5;8,3;8,1
Powiat czarnkowsko-trzcianecki;023016002000;15,9;15,9;15,4;14,3;13,8;13,2;13,0;13,0;13,4;13,5;14,0;15,0;15,8;16,3;16,0;15,0;15,1;14,4;14,7;14,6;14,5;14,5;14,9;15,1;15,6;15,5;14,7;14,1;13,6;13,3;13,6;14,0;14,1;13,8;14,2;14,6;15,4;15,1;14,2;13,1;12,7;12,1;12,3;12,5;12,2;12,1;12,2;11,8;12,6;12,4;11,6;10,9;10,5;9,7;9,4;9,3;8,4;8,1;8,3;8,3;8,8;8,7;7,9;7,3;6,9;6,5;6,6;6,4;6,3;6,4;6,6;7,0;7,2;7,1;6,6;6,0;5,7;5,3;5,4;5,5;5,4;5,0;5,0;5,0;5,2;5,1;5,0;4,6;4,4;4,1;4,2;4,5;4,4;4,2;4,4;4,5;4,8;4,8;4,4;4,2;4,0;3,9;4,0;4,0;3,9;4,0;4,2;4,2;4,4;4,4;4,5;5,1;5,3;5,1;4,7;4,6;4,5;4,5;4,5;4,8;5,0;5,1;5,0;4,9;4,5;4,1;4,0;3,9;3,8;3,4;3,5;3,7;3,9;3,6;3,5;3,4;3,4;3,1;3,3;3,6;4,0;4,1;4,2;4,5;5,0;5,2;5,0;4,8;4,6;4,6;4,5;4,6;4,6;4,6;4,6;4,8;5,4;5,5;5,4;5,0;4,8;4,8;4,9;5,1;5,1;4,9;5,0;5,0;5,6;5,7;5,6;5,2;5,2;5,2;5,5;5,8;6,2;6,2;6,2;6,4;6,8;7,0;6,8;6,8
Powiat pilski;023016019000;11,7;12,0;11,9;11,6;11,2;10,9;10,7;10,6;10,7;10,8;11,2;11,8;12,8;13,3;13,2;12,8;12,5;12,1;12,0;11,9;12,4;12,7;13,1;13,7;14,3;14,9;14,7;14,2;13,7;13,2;12,9;12,6;12,2;12,4;12,5;12,6;13,3;13,4;12,8;12,4;11,7;11,3;10,9;10,7;10,2;10,1;10,0;10,0;10,6;10,7;10,5;10,1;9,8;9,2;8,6;8,3;8,0;7,9;8,0;8,0;8,5;8,9;8,5;8,3;8,2;7,8;7,5;7,2;7,1;7,0;7,0;6,9;7,1;7,2;7,0;6,7;6,4;6,1;6,0;6,0;5,9;5,5;5,5;5,3;5,3;5,4;5,1;4,9;4,7;4,5;4,6;4,6;4,5;4,6;4,6;4,5;4,8;4,8;4,7;4,4;4,4;4,4;4,4;4,4;4,2;4,2;4,2;4,4;4,7;4,8;4,6;5,0;5,4;5,4;5,6;5,6;5,7;5,6;5,5;5,5;5,7;6,0;6,0;5,9;5,7;5,6;5,4;5,2;5,1;4,9;4,8;4,7;4,8;4,9;4,8;4,8;4,7;4,4;4,3;4,2;4,3;4,4;4,3;4,3;4,6;4,9;4,8;4,7;4,5;4,5;4,7;4,7;4,9;4,9;4,8;4,9;5,5;5,5;5,3;5,0;5,0;4,7;4,5;4,6;4,5;4,7;4,7;4,7;5,0;5,2;5,1;5,1;5,0;5,0;5,2;5,4;5,5;5,6;5,7;5,6;6,0;6,1;6,2;6,1
Powiat wągrowiecki;023016028000;19,4;19,8;19,9;19,0;18,8;18,2;18,2;18,2;18,9;18,9;19,3;20,5;21,2;21,6;21,4;20,8;20,5;20,2;20,5;20,6;20,6;21,0;21,5;22,2;23,0;22,7;22,7;22,4;21,8;21,4;21,5;21,8;21,3;21,1;21,4;20,9;21,2;20,7;20,0;19,1;18,0;17,1;17,1;17,3;16,6;16,0;16,0;15,5;16,2;16,3;15,3;14,6;13,7;12,8;11,3;11,0;11,0;10,2;10,2;10,6;11,0;11,1;10,7;9,9;9,3;8,6;8,7;8,7;8,4;8,5;8,4;8,6;9,2;9,3;8,8;8,1;7,7;7,1;7,1;7,1;7,2;6,7;6,4;6,4;6,8;7,0;6,9;6,7;6,3;6,0;5,7;5,8;6,0;5,7;5,7;5,7;6,1;5,9;6,0;5,3;4,8;4,6;4,5;4,7;4,6;4,4;4,4;4,5;5,1;5,4;5,3;5,7;6,0;6,1;6,2;6,0;5,7;5,5;5,6;5,6;5,8;6,1;5,8;5,6;5,6;5,5;5,3;5,3;4,9;4,8;4,7;5,2;5,6;5,6;5,5;5,5;5,2;5,0;5,1;5,4;5,7;5,7;5,8;5,4;5,9;6,1;5,8;5,7;5,5;5,3;5,0;4,8;5,2;5,2;5,3;5,5;6,2;6,4;6,3;5,9;5,5;5,3;5,1;5,2;5,3;5,4;5,5;5,4;6,1;6,0;6,1;5,7;5,7;5,6;5,8;6,0;6,3;6,2;6,2;6,4;6,9;7,1;7,1;7,0
Powiat złotowski;023016031000;19,6;19,8;19,5;18,7;18,3;17,7;17,7;17,7;17,6;17,8;18,0;18,5;19,3;19,5;19,2;18,4;17,8;17,9;17,6;17,2;17,3;17,7;18,0;18,2;19,1;19,5;19,2;18,2;17,5;17,2;17,2;16,9;16,6;16,3;17,0;16,7;17,4;17,3;16,9;15,6;14,7;14,8;14,6;14,6;14,0;14,4;14,6;14,3;14,7;14,7;14,5;13,6;13,2;12,9;12,6;12,5;12,7;12,3;13,1;12,1;12,6;12,7;12,2;11,5;11,0;10,4;10,2;10,0;9,9;9,9;10,1;9,6;10,3;10,3;9,8;9,2;8,7;8,3;8,5;8,5;8,6;8,2;8,1;8,1;8,3;8,2;7,9;7,4;7,0;6,9;6,7;6,8;6,7;6,6;6,6;6,9;7,1;7,0;6,5;5,9;5,6;5,6;5,3;5,4;5,0;5,2;5,3;5,6;6,0;6,0;5,5;5,7;6,0;6,1;6,1;6,1;6,0;5,8;5,9;6,0;6,3;6,1;5,7;5,3;5,0;4,8;4,8;4,8;4,5;4,4;4,6;4,8;5,1;4,9;4,9;4,8;4,7;4,6;4,6;4,6;4,6;4,4;4,7;4,7;5,1;5,1;4,9;4,5;4,4;4,3;4,4;4,5;4,7;4,7;4,8;5,0;5,2;5,2;4,7;4,4;4,3;4,3;4,3;4,4;4,4;4,2;4,4;4,4;5,0;4,9;4,8;4,5;4,3;4,3;4,7;4,8;4,8;5,1;5,1;5,3;5,8;5,9;5,6;5,4
Powiat obornicki;023016116000;11,2;11,7;11,5;11,1;11,2;10,6;10,2;10,1;10,0;10,1;10,3;10,4;11,2;11,7;11,7;11,7;11,7;11,5;11,5;11,6;11,6;11,5;11,9;12,3;13,3;14,0;13,6;13,3;13,1;12,8;12,5;12,4;12,3;12,1;12,2;11,8;12,7;12,9;12,4;11,6;11,0;10,7;10,2;9,9;9,6;9,3;9,4;8,8;9,5;9,7;9,0;8,8;8,6;8,3;8,0;7,8;7,5;6,7;6,6;6,7;7,3;7,6;7,5;7,2;7,0;6,8;6,5;6,5;6,5;6,3;6,4;6,1;6,2;6,3;6,1;5,5;5,1;4,9;4,5;4,4;4,1;4,0;4,0;3,7;3,9;4,2;4,0;3,7;3,7;3,6;3,5;3,7;3,4;3,3;3,7;3,3;3,3;3,2;3,2;2,9;2,9;2,7;2,7;2,8;2,6;2,6;2,7;2,7;2,9;3,1;3,0;3,4;3,5;3,6;3,7;3,7;3,9;3,8;3,7;3,8;4,1;4,3;4,3;4,1;4,2;4,1;3,9;3,7;3,6;3,6;3,5;3,7;3,8;3,7;3,6;3,5;3,3;3,0;3,0;2,9;3,1;3,1;3,0;3,2;3,5;3,7;3,6;3,5;3,4;3,4;3,3;3,3;3,2;3,0;3,0;3,0;3,5;3,7;3,5;3,5;3,3;3,2;3,1;3,1;3,1;2,9;3,0;3,2;3,5;3,5;3,6;3,4;3,5;3,6;3,8;4,0;4,1;4,1;4,1;4,2;4,7;4,9;4,8;4,7
Powiat poznański;023016121000;3,7;3,8;3,8;3,7;3,6;3,4;3,3;3,4;3,4;3,5;3,5;3,6;3,9;4,2;4,3;4,2;4,2;4,1;4,1;4,1;4,1;4,3;4,6;4,6;5,0;5,2;5,3;5,2;5,1;4,8;4,8;4,7;4,6;4,5;4,6;4,5;4,7;4,8;4,6;4,4;4,3;4,1;4,0;3,9;3,8;3,6;3,6;3,4;3,6;3,7;3,5;3,4;3,4;3,2;3,0;3,0;2,9;2,9;2,9;2,7;2,8;2,8;2,8;2,7;2,6;2,5;2,4;2,4;2,4;2,4;2,4;2,2;2,3;2,3;2,2;2,1;2,0;1,9;1,9;2,0;1,9;1,8;1,8;1,7;1,8;1,8;1,7;1,6;1,6;1,5;1,5;1,5;1,4;1,4;1,4;1,3;1,4;1,4;1,4;1,4;1,3;1,3;1,2;1,2;1,1;1,1;1,1;1,1;1,2;1,2;1,2;1,4;1,6;1,7;1,8;1,8;1,9;2,0;2,0;2,0;2,1;2,1;2,2;2,2;2,1;2,1;2,1;2,0;1,9;1,8;1,8;1,6;1,6;1,6;1,5;1,4;1,3;1,2;1,1;1,1;1,1;1,1;1,0;1,0;1,0;1,1;1,1;1,1;1,0;1,0;1,0;1,0;1,0;1,0;1,0;1,0;1,1;1,1;1,1;1,1;1,0;1,0;1,0;1,0;1,0;1,0;1,0;1,0;1,1;1,1;1,1;1,1;1,1;1,1;1,2;1,2;1,2;1,2;1,2;1,2;1,3;1,4;1,4;1,4
Powiat szamotulski;023016124000;11,9;12,3;12,2;11,7;11,1;10,7;10,8;10,7;10,8;10,7;10,8;10,7;11,6;12,2;12,1;11,9;11,6;11,4;11,3;11,1;11,1;11,2;11,5;11,4;12,0;11,9;11,5;11,2;11,0;10,7;10,4;10,4;10,3;10,3;10,1;9,3;9,8;9,8;9,6;9,1;8,8;8,5;8,3;8,3;8,0;7,5;7,0;6,7;7,3;7,4;7,1;7,0;6,8;6,5;6,4;6,3;6,1;6,0;5,8;5,9;6,2;6,1;5,9;5,5;5,5;5,2;5,1;5,2;5,0;4,8;4,8;4,8;4,8;4,9;4,8;4,6;4,6;4,5;4,5;4,3;4,4;4,1;3,8;3,7;3,9;4,0;3,9;3,7;3,6;3,4;3,3;3,2;3,1;3,0;3,0;3,1;3,3;3,3;3,2;3,1;2,9;2,8;2,8;2,8;2,7;2,6;2,5;2,5;2,7;2,8;2,7;3,0;3,4;3,5;3,5;3,6;3,5;3,6;3,6;3,6;3,8;3,8;3,8;3,8;3,8;3,7;3,7;3,7;3,6;3,6;3,4;3,5;3,7;3,7;3,6;3,5;3,5;3,4;3,4;3,4;3,5;3,5;3,4;3,2;3,5;3,6;3,5;3,4;3,4;3,5;3,6;3,5;3,5;3,5;3,4;3,4;3,8;4,1;3,9;4,0;3,8;3,7;3,5;3,7;3,6;3,5;3,5;3,5;3,9;4,0;3,9;3,7;3,7;3,6;3,7;3,8;3,9;3,9;3,9;4,0;4,4;4,5;4,4;4,4
Powiat średzki;023016125000;14,6;14,8;14,9;14,4;14,4;14,2;13,8;13,5;13,2;13,3;13,4;13,4;14,2;14,3;14,3;14,3;14,5;13,8;13,8;13,8;13,6;13,5;13,9;14,2;15,2;15,3;15,3;15,5;15,2;15,0;14,9;14,8;15,0;14,9;14,7;14,7;14,9;14,9;14,4;13,9;13,4;13,3;13,4;13,0;12,7;12,4;12,5;12,1;12,6;12,6;12,1;11,7;11,5;11,5;11,7;11,5;11,5;10,8;10,6;10,9;11,3;11,3;11,0;10,6;10,6;10,4;10,2;10,2;10,2;9,9;9,6;9,3;9,6;9,1;8,4;7,8;7,5;7,1;7,0;6,9;6,7;6,5;6,5;5,9;6,2;6,1;6,0;5,9;5,8;5,7;5,9;5,7;5,6;5,5;5,5;5,8;6,2;6,1;6,1;6,0;6,1;6,2;6,2;6,1;6,1;6,1;5,8;6,2;6,6;6,5;6,5;6,8;7,1;7,2;7,2;7,1;7,2;7,2;7,2;7,0;7,3;7,2;7,2;6,9;6,9;6,5;6,2;6,1;5,9;5,6;5,3;5,5;5,9;6,0;5,8;5,7;5,6;5,4;5,5;5,6;5,6;5,7;5,7;5,8;6,1;6,2;6,1;6,0;5,8;5,9;5,9;5,9;5,9;5,8;5,7;5,5;5,9;6,2;6,1;6,0;5,9;5,8;6,1;5,8;5,7;5,5;5,5;5,5;6,2;6,2;6,0;5,9;5,7;5,8;6,1;6,4;6,4;6,4;6,3;6,5;7,0;7,1;7,2;7,1
Powiat śremski;023016126000;9,0;9,2;8,9;8,6;8,0;7,7;7,6;7,6;7,6;7,7;8,0;8,5;9,3;9,6;9,6;9,3;9,1;8,9;8,7;8,8;9,2;9,3;9,9;10,2;11,3;11,5;11,5;11,3;10,9;10,6;10,2;10,0;10,1;10,1;10,2;10,1;10,7;10,4;9,9;9,2;8,8;8,2;8,1;7,8;7,7;7,3;7,1;7,0;7,3;7,2;6,8;6,5;6,3;6,0;6,0;5,9;5,7;5,9;5,7;5,5;5,8;5,9;5,7;5,2;4,8;4,3;4,3;4,3;4,2;4,1;4,1;3,9;4,1;4,2;3,9;3,5;3,3;2,9;2,9;2,9;2,8;2,6;2,6;2,5;2,6;2,5;2,4;2,3;2,2;2,0;2,2;2,1;2,1;1,8;1,9;1,9;2,0;2,0;1,9;1,7;1,6;1,5;1,6;1,6;1,6;1,7;1,9;1,9;2,2;2,3;2,3;2,5;2,8;2,9;3,0;3,0;3,0;2,9;2,8;2,9;3,1;3,1;3,0;2,8;2,8;2,7;2,6;2,6;2,4;2,2;2,2;2,2;2,4;2,4;2,2;2,1;2,1;2,1;2,3;2,2;2,2;2,3;2,3;2,4;2,8;2,8;2,9;2,8;2,8;2,8;2,7;2,6;2,4;2,4;2,4;2,3;2,6;2,7;2,6;2,5;2,5;2,6;2,6;2,7;2,7;2,8;2,8;2,9;3,2;3,1;3,1;3,0;2,7;2,7;3,0;3,2;3,2;3,2;3,3;3,4;3,7;3,8;3,8;3,8
Powiat m. Poznań;023016264000;3,8;3,9;3,9;3,8;3,7;3,6;3,5;3,5;3,5;3,5;3,6;3,6;3,8;4,0;4,0;3,9;3,8;3,7;3,8;3,7;3,8;3,9;4,1;4,2;4,4;4,6;4,6;4,6;4,5;4,4;4,4;4,3;4,2;4,2;4,2;4,2;4,3;4,3;4,2;4,0;3,9;3,7;3,6;3,5;3,4;3,3;3,3;3,1;3,2;3,3;3,2;3,1;3,0;2,8;2,7;2,6;2,5;2,4;2,4;2,4;2,5;2,5;2,5;2,4;2,3;2,2;2,1;2,1;2,0;2,1;2,0;1,9;1,9;2,0;1,9;1,8;1,7;1,7;1,7;1,7;1,6;1,5;1,5;1,4;1,5;1,5;1,5;1,4;1,4;1,3;1,3;1,3;1,2;1,2;1,2;1,2;1,3;1,3;1,3;1,3;1,3;1,2;1,2;1,2;1,1;1,1;1,1;1,1;1,1;1,2;1,2;1,4;1,5;1,7;1,7;1,8;1,9;1,9;1,9;2,0;2,1;2,2;2,2;2,2;2,1;2,1;2,1;2,0;1,9;1,8;1,7;1,6;1,5;1,5;1,4;1,3;1,2;1,1;1,1;1,1;1,0;1,0;1,0;1,0;1,1;1,2;1,2;1,2;1,1;1,1;1,1;1,1;1,1;1,1;1,1;1,0;1,1;1,1;1,1;1,1;1,1;1,1;1,1;1,1;1,1;1,1;1,0;1,0;1,1;1,2;1,2;1,2;1,2;1,2;1,3;1,4;1,3;1,4;1,4;1,4;1,4;1,5;1,6;1,6
Powiat białogardzki;023216301000;31,8;31,5;30,9;30,2;29,1;27,9;26,8;26,4;26,4;26,3;27,1;27,7;28,8;29,2;28,9;28,7;28,1;26,9;25,8;25,6;26,2;26,4;26,6;28,9;30,7;30,7;29,8;29,3;28,7;28,0;27,3;27,0;27,9;28,1;28,7;29,6;30,7;30,4;29,5;28,9;28,3;27,3;26,5;26,4;26,4;26,3;26,3;27,3;28,4;28,4;27,9;27,2;26,5;25,8;24,4;23,7;24,2;25,0;25,3;25,5;26,5;26,6;25,2;24,2;22,7;22,2;21,6;21,8;22,1;22,0;22,0;22,3;22,8;22,9;22,2;21,1;20,4;20,2;19,4;19,4;19,8;19,2;18,9;19,4;19,9;20,0;19,7;19,1;18,6;18,3;18,0;18,0;18,3;18,3;18,4;18,7;19,2;19,2;19,0;18,3;17,4;16,9;16,3;16,5;16,4;16,8;16,8;17,0;17,8;17,6;17,5;18,7;19,0;18,9;18,3;18,3;18,3;18,2;18,2;18,5;19,0;19,0;18,6;18,4;18,3;18,0;17,9;17,7;17,6;17,5;17,2;17,2;17,7;17,5;17,3;17,3;16,9;16,4;16,4;16,5;16,5;16,4;16,5;16,3;17,2;17,4;17,1;16,8;16,5;16,1;15,8;15,6;15,8;15,7;15,7;16,5;17,4;17,4;16,8;16,7;16,4;16,3;16,1;16,6;16,7;16,4;16,4;16,6;17,4;17,1;17,2;17,0;16,7;16,8;16,8;16,9;17,2;17,0;17,1;17,4;18,4;18,1;17,7;17,5
Powiat kołobrzeski;023216308000;13,8;14,0;13,9;13,1;11,7;10,2;9,6;9,6;10,4;10,8;11,6;12,3;13,8;14,4;14,2;13,3;11,8;10,4;9,3;9,1;9,9;10,6;11,5;11,9;13,5;14,0;13,7;13,1;11,7;10,8;10,0;10,2;11,3;12,1;12,5;13,1;14,3;14,4;13,6;12,9;11,6;10,1;9,5;9,3;10,1;10,5;11,0;11,6;12,5;12,4;11,8;11,1;10,2;9,0;8,1;7,9;8,4;8,7;9,3;8,9;10,0;10,2;9,6;8,9;8,2;7,2;6,8;6,7;6,9;7,4;7,6;7,6;8,3;8,1;7,5;6,7;6,3;5,6;5,1;4,8;4,8;4,8;4,9;4,7;5,2;5,1;4,7;4,2;3,6;3,1;2,6;2,5;2,6;2,7;2,6;2,5;2,8;2,9;2,7;2,2;1,9;1,5;1,3;1,3;1,2;1,3;1,2;1,3;1,5;1,7;1,8;3,2;3,8;3,8;3,7;3,7;3,9;4,1;4,5;5,0;5,6;6,0;6,0;5,7;5,4;5,2;4,8;4,7;4,6;4,6;4,4;4,3;4,6;4,6;4,4;4,1;3,4;2,3;1,8;1,6;1,6;1,7;1,8;1,8;2,2;2,2;2,1;1,9;1,7;1,4;1,6;1,6;1,7;1,9;1,9;2,0;2,5;2,5;2,3;2,1;1,9;1,8;1,7;1,8;2,0;2,0;2,1;2,3;2,7;2,7;2,7;2,5;2,3;2,3;2,5;2,6;2,9;3,2;3,4;3,5;4,0;4,4;4,4;4,3
Powiat koszaliński;023216309000;28,2;28,8;28,6;27,2;25,5;24,6;24,2;23,6;23,8;24,3;25,2;26,9;28,5;29,1;28,4;27,2;26,0;24,9;24,8;24,9;25,2;25,9;26,9;28,1;30,1;30,3;29,3;28,6;27,1;26,2;25,8;25,7;25,9;26,2;27,0;28,9;29,9;29,1;27,7;26,3;25,3;24,4;23,9;23,8;23,6;23,7;24,4;24,4;26,5;25,8;24,8;24,1;22,5;21,7;20,9;20,5;20,4;20,6;21,1;21,1;23,3;22,6;20,9;19,2;18,0;17,0;16,6;16,3;16,1;16,2;16,6;16,9;18,7;17,9;16,4;15,7;15,1;14,4;13,8;13,8;13,8;13,5;13,7;13,6;15,1;15,0;13,9;12,9;12,3;11,8;11,6;11,5;11,7;12,0;12,2;12,1;13,1;13,3;12,4;11,6;11,2;10,8;10,6;10,5;10,9;10,8;11,0;11,5;12,9;12,9;12,4;13,3;13,7;13,6;13,5;13,4;13,4;13,7;13,6;14,3;15,3;15,3;14,6;14,4;13,9;13,7;13,4;13,1;13,0;12,9;12,8;13,9;14,6;14,3;13,7;13,6;13,2;13,1;12,9;12,7;12,7;12,8;13,0;12,1;13,0;12,5;11,9;11,5;11,1;10,6;10,5;10,5;10,5;10,6;10,8;11,3;12,4;11,9;11,4;11,2;10,8;10,6;10,1;10,7;10,7;10,8;11,1;11,1;12,2;12,2;11,8;11,5;11,2;10,9;11,1;11,3;11,5;11,5;11,7;12,1;13,0;13,2;12,7;12,2
Powiat sławieński;023216313000;23,6;23,6;23,4;22,6;21,8;20,4;20,0;20,0;20,9;21,1;22,4;24,8;26,0;26,6;26,5;25,9;25,2;24,2;23,7;23,5;24,5;24,8;26,1;27,2;28,2;28,2;27,8;26,4;25,1;23,5;22,7;22,3;23,2;23,1;23,9;25,3;26,1;25,9;25,4;24,3;22,8;21,7;21,1;21,1;21,4;21,4;22,0;22,5;23,5;23,3;22,9;22,0;20,9;19,5;18,5;18,5;18,9;18,9;19,5;20,0;20,9;20,5;20,0;18,9;17,8;16,7;16,4;16,2;16,2;17,0;17,6;18,0;18,7;18,3;17,7;16,7;15,7;14,6;14,4;14,5;14,7;14,4;14,9;15,5;15,8;15,4;15,0;14,2;13,4;12,3;12,2;12,6;12,8;13,5;13,9;14,3;15,0;15,1;14,6;13,6;12,8;12,0;11,7;11,9;12,5;12,8;13,2;13,9;14,4;14,5;14,4;14,9;15,1;14,2;14,0;13,9;14,1;14,5;14,8;15,0;15,5;15,5;15,1;14,7;14,0;13,0;12,7;12,4;12,7;12,9;13,0;14,4;14,9;15,1;14,9;14,3;13,7;12,8;12,5;12,5;13,0;13,4;13,8;13,5;14,6;14,4;14,0;13,5;12,9;12,5;12,0;12,0;12,4;12,6;13,0;13,5;14,4;14,4;13,8;13,3;12,7;12,3;12,0;12,3;12,7;13,2;13,5;14,0;14,9;15,1;15,1;14,6;14,2;14,1;14,0;14,4;14,7;15,0;15,6;15,9;16,7;16,7;16,6;16,0
Powiat m. Koszalin;023216361000;11,5;12,1;12,3;12,1;11,5;11,0;10,7;10,6;10,5;10,8;11,1;11,0;11,7;12,3;12,4;12,2;11,9;11,6;11,6;11,5;11,7;11,7;11,8;12,4;13,2;13,6;13,3;13,2;12,7;12,4;12,2;12,1;12,0;11,9;11,9;12,1;12,7;12,8;12,1;11,8;11,4;11,1;10,7;10,6;10,5;10,5;10,5;10,3;11,1;11,2;10,8;10,6;10,0;9,6;9,0;8,9;8,8;8,5;8,5;8,4;9,1;9,2;8,6;8,2;7,8;7,3;7,0;6,9;6,8;6,8;6,9;6,8;7,4;7,4;7,0;6,7;6,6;6,3;6,0;5,9;5,9;5,4;5,4;5,4;5,9;5,9;5,8;5,6;5,4;5,1;5,0;4,9;5,0;5,0;5,0;5,0;5,3;5,4;5,3;5,1;4,9;4,6;4,4;4,4;4,5;4,4;4,4;4,3;4,9;4,9;4,9;5,4;5,7;5,8;5,8;5,8;5,7;5,8;6,0;6,1;6,4;6,6;6,6;6,5;6,3;6,2;6,2;5,9;5,8;5,6;5,6;5,5;5,6;5,6;5,6;5,4;5,3;5,1;5,0;5,0;4,9;4,8;4,9;5,1;5,3;5,3;5,1;4,9;4,7;4,4;4,3;4,3;4,3;4,3;4,3;4,3;4,6;4,8;4,7;4,6;4,5;4,4;4,5;4,6;4,6;4,6;4,6;4,6;5,0;5,1;5,0;4,9;4,8;4,7;4,9;5,1;5,2;5,3;5,3;5,4;5,7;5,9;6,0;5,9
Powiat choszczeński;023216402000;28,4;28,9;28,2;27,3;27,2;25,9;25,8;25,6;25,6;26,0;26,1;27,0;28,3;28,3;27,8;27,0;26,5;26,3;26,1;26,5;26,3;26,3;27,0;28,5;29,8;29,6;28,6;27,6;26,9;26,6;26,6;26,8;27,0;26,9;27,4;29,0;30,4;28,9;27,6;26,7;26,1;25,5;24,9;24,4;24,4;23,7;23,5;24,8;25,5;25,3;24,9;23,9;23,2;23,2;23,0;22,2;22,2;21,7;22,2;23,4;24,6;24,0;22,8;21,9;21,2;20,5;20,0;19,8;19,4;19,1;19,5;20,9;21,9;21,5;20,3;19,3;18,4;17,6;17,7;17,6;17,3;16,9;16,8;17,8;18,4;18,1;17,7;16,8;16,1;15,6;15,3;15,2;15,2;15,2;15,4;16,7;17,2;16,8;16,3;15,7;15,5;14,8;14,6;14,9;14,7;14,7;14,9;16,1;16,9;16,6;16,3;16,8;17,2;17,0;17,0;16,7;16,8;16,9;17,3;18,3;19,2;18,9;18,0;17,6;17,1;16,6;16,2;16,1;15,9;15,7;15,7;18,1;18,7;18,0;17,5;17,1;17,2;16,8;16,7;16,3;16,2;15,7;15,7;15,4;16,1;15,5;15,1;14,8;14,7;14,8;14,7;14,7;15,0;14,5;14,9;16,0;16,9;16,8;16,2;16,0;15,8;15,6;15,1;15,5;15,5;15,3;15,5;16,2;17,1;16,7;16,2;15,8;15,6;15,4;15,7;15,9;16,2;16,1;16,3;16,9;17,7;17,2;17,0;16,5
Powiat drawski;023216403000;27,2;26,8;26,8;25,8;25,4;25,0;24,7;24,4;23,9;23,9;24,6;26,6;27,2;27,4;26,0;25,4;25,2;24,5;23,9;23,7;23,8;23,1;23,6;24,9;25,9;25,4;25,0;24,6;23,3;23,2;22,9;23,0;23,3;23,2;24,0;25,0;25,8;25,2;24,4;23,7;22,7;22,1;22,0;21,7;22,0;21,9;22,1;23,5;24,7;24,7;23,9;22,8;22,0;21,4;21,8;21,6;21,4;21,4;21,7;21,7;22,5;21,8;20,6;19,0;17,9;17,6;17,7;17,7;17,5;17,5;17,7;17,7;18,0;17,7;17,1;16,6;17,1;16,8;17,0;17,2;16,9;16,6;16,6;16,9;17,0;16,4;15,7;14,8;14,0;13,1;13,2;13,3;12,9;12,8;12,8;13,2;13,8;13,7;13,5;13,0;12,7;12,5;12,4;12,4;12,0;12,0;12,0;11,6;12,2;12,1;11,9;12,8;13,2;13,3;13,0;12,7;12,7;12,8;13,0;13,5;14,0;14,0;13,8;13,4;13,2;12,8;12,5;12,5;12,1;11,7;11,1;13,0;13,5;13,6;13,4;13,0;12,5;11,9;11,5;11,7;11,6;11,7;11,7;11,7;12,6;12,5;11,9;11,7;11,4;11,0;10,9;10,7;10,6;10,9;10,7;10,9;11,5;11,6;11,7;11,3;11,1;11,0;10,8;11,0;11,3;11,1;11,1;11,5;12,2;12,2;12,0;12,0;11,6;11,4;11,9;12,1;12,4;12,7;12,8;12,6;13,3;13,4;12,9;12,7
Powiat myśliborski;023216410000;18,0;18,2;17,9;17,6;17,0;16,7;16,5;16,6;16,4;16,2;16,2;16,3;17,6;17,9;18,1;17,7;17,3;17,0;16,8;16,9;16,8;17,0;17,3;18,9;19,7;19,8;19,3;18,8;18,4;17,9;18,0;18,1;18,1;18,1;18,4;18,8;19,3;19,3;18,8;17,9;17,2;16,8;16,2;15,5;15,4;15,2;15,0;15,1;16,1;16,0;15,4;14,5;13,9;13,5;13,1;12,7;12,4;11,7;11,8;12,1;12,7;12,8;12,2;11,8;11,4;11,1;10,8;10,8;10,6;10,1;10,4;10,9;11,5;11,0;10,8;10,2;9,8;9,4;9,3;9,3;9,0;8,5;8,6;8,9;9,2;9,1;8,8;8,6;8,1;7,8;7,8;7,5;7,2;7,2;7,5;8,0;8,5;8,5;8,0;7,7;7,3;7,1;6,9;6,7;6,6;6,5;6,4;6,8;7,0;6,8;6,7;7,1;7,5;7,8;7,6;7,3;7,4;7,1;7,3;8,0;8,4;8,7;8,1;7,8;7,5;7,2;7,1;6,8;6,3;6,1;6,0;6,3;6,5;6,5;6,3;6,1;6,0;5,9;5,8;5,9;5,8;5,8;6,0;6,2;6,6;6,4;6,1;6,0;5,7;5,8;5,7;5,8;5,9;5,6;5,8;6,2;6,8;6,8;6,3;6,3;6,2;6,1;6,2;6,3;6,3;6,3;6,5;7,0;7,6;7,5;7,1;6,9;7,0;7,2;7,6;7,9;8,0;8,0;8,1;8,5;9,2;9,4;9,3;9,1
Powiat pyrzycki;023216412000;30,0;30,0;29,7;28,0;27,3;26,8;26,9;27,6;27,3;27,6;27,1;27,8;29,1;28,7;28,2;26,7;25,4;25,3;25,8;25,6;25,9;26,5;27,2;28,5;30,0;29,9;29,1;27,5;26,8;26,0;26,5;26,9;26,8;26,8;27,6;27,9;28,8;28,1;27,4;26,2;25,0;24,0;23,6;24,0;23,2;22,6;23,2;23,3;24,3;24,2;23,5;22,1;21,4;20,5;20,3;20,2;19,4;18,8;19,3;20,4;21,8;21,7;21,2;19,6;18,8;17,8;17,3;17,0;16,6;16,6;16,4;17,1;18,0;18,1;17,2;16,1;15,5;14,7;14,8;14,5;13,8;13,2;12,9;13,0;14,0;13,8;13,4;12,6;11,6;11,4;11,3;11,4;11,4;11,5;11,5;11,7;12,1;12,4;12,1;11,5;11,2;10,7;10,7;10,7;10,4;10,2;10,1;10,5;11,4;11,5;11,5;12,2;12,5;12,2;12,1;11,9;11,6;11,6;11,6;11,7;12,1;12,3;12,1;11,3;11,3;11,0;10,6;10,5;10,3;10,0;10,3;12,1;12,6;13,1;12,7;11,9;11,9;11,4;11,3;11,2;11,4;11,6;11,7;11,1;11,8;12,1;11,6;10,6;10,4;10,4;10,2;10,1;9,9;10,1;9,9;10,5;11,4;11,8;11,7;11,2;10,9;10,7;10,3;10,5;10,7;10,4;10,5;11,0;11,8;11,9;11,6;10,9;10,7;10,6;10,9;11,2;11,0;11,3;11,3;11,6;12,2;12,4;12,1;12,0
Powiat szczecinecki;023216415000;27,4;27,3;27,5;25,9;25,5;25,1;25,3;25,1;24,8;24,9;25,5;27,0;27,7;27,7;27,1;26,5;26,0;25,2;25,4;25,8;25,4;25,4;25,6;27,6;29,1;29,1;28,5;27,6;26,6;26,0;26,2;26,4;26,3;26,2;26,5;27,4;28,3;27,8;26,7;25,9;25,2;24,8;24,7;24,5;24,3;23,9;24,1;24,7;25,4;25,4;24,2;23,5;22,7;21,9;21,7;21,4;21,2;21,1;21,2;22,2;23,1;22,9;22,0;21,1;20,5;19,4;19,4;19,3;19,2;18,9;19,3;20,1;20,8;20,5;19,3;18,5;18,0;17,2;17,0;17,2;16,7;16,3;16,2;16,5;17,2;17,0;16,3;15,3;14,9;14,2;14,3;14,1;14,2;14,2;14,4;15,4;16,0;16,0;15,2;14,4;14,0;13,5;13,7;13,8;13,8;13,7;14,4;14,6;15,1;15,3;15,0;16,0;16,2;16,1;16,0;16,0;15,8;15,9;15,9;17,1;17,6;17,7;17,1;16,6;16,4;15,9;15,5;15,2;14,7;14,4;14,0;14,9;15,6;15,4;14,9;14,3;13,8;13,6;13,5;13,5;13,6;13,8;14,2;15,1;15,8;16,0;15,4;14,7;14,3;14,2;14,2;14,1;14,0;13,9;13,8;14,3;15,0;15,2;14,2;13,7;13,6;13,3;13,1;13,0;13,0;13,1;13,2;13,4;14,3;14,3;13,8;13,4;13,1;12,9;13,4;13,8;13,7;13,6;13,9;14,0;14,6;14,8;14,4;13,9
Powiat świdwiński;023216416000;28,5;27,8;27,7;27,1;26,0;24,4;24,0;23,9;24,0;24,4;25,3;26,2;27,0;26,9;26,6;25,3;24,3;23,1;23,2;23,3;22,6;23,3;23,7;26,7;27,9;27,4;27,0;26,7;26,0;24,5;24,8;24,9;24,8;25,2;25,9;27,0;27,3;26,8;26,3;25,2;24,3;23,3;22,7;22,6;22,6;22,8;23,0;24,2;25,3;24,4;23,9;22,9;22,0;21,1;20,6;20,6;20,4;20,3;20,6;21,7;22,3;21,9;20,8;19,3;18,6;17,8;17,4;17,4;17,2;17,4;17,5;17,8;19,1;18,5;17,8;17,0;17,1;16,0;15,9;16,1;15,8;15,6;15,9;16,0;16,5;16,5;16,3;16,0;15,3;14,5;14,1;14,1;13,9;13,7;13,8;14,5;15,5;15,0;14,6;14,0;13,3;12,7;12,3;12,1;11,9;11,9;11,9;12,4;13,5;13,3;13,2;14,3;14,6;14,7;14,7;14,7;13,9;13,5;13,8;14,7;15,7;15,6;15,5;15,3;14,7;13,9;13,5;13,2;12,2;11,6;11,4;12,9;13,7;13,8;13,7;13,4;13,1;12,5;12,4;12,5;12,7;12,8;13,0;12,7;13,4;13,6;13,4;13,1;13,0;12,7;12,8;13,0;12,7;12,9;12,9;13,3;14,3;14,4;13,9;13,3;13,3;13,1;13,1;13,3;13,2;13,3;13,1;13,6;14,4;14,3;14,1;13,9;13,9;13,9;14,2;14,1;14,3;14,4;14,6;15,1;15,8;16,1;15,8;15,6
Powiat wałecki;023216417000;21,5;21,7;22,1;21,0;20,4;19,9;19,2;18,5;18,9;18,8;19,2;19,8;20,8;21,1;21,2;20,4;19,8;18,9;17,4;17,1;17,4;18,9;19,7;20,6;21,7;21,2;21,1;20,6;19,7;18,5;18,3;17,9;17,3;17,9;18,5;19,9;20,7;20,6;19,9;19,6;18,7;18,1;17,1;16,9;16,0;16,2;16,5;16,9;17,8;18,3;17,8;17,1;15,9;15,3;14,7;14,3;13,7;13,5;14,1;14,8;15,5;15,5;15,2;13,9;13,3;12,3;11,9;11,8;11,5;11,4;12,0;12,5;12,9;12,5;11,8;10,6;10,3;9,4;9,3;9,4;9,0;8,7;8,7;9,7;10,0;9,7;9,5;8,7;8,3;7,7;7,4;7,5;7,5;7,5;7,8;8,7;8,8;8,9;8,5;8,0;7,6;7,1;7,3;7,4;7,6;7,7;8,2;8,7;9,1;9,2;9,2;10,0;10,2;9,8;9,3;8,8;8,8;8,8;9,4;9,8;10,0;9,9;9,6;9,2;8,7;8,4;8,1;8,3;7,8;7,6;7,7;8,9;8,9;8,8;8,9;8,8;8,8;8,2;7,9;8,0;7,7;7,8;8,2;8,5;9,0;8,9;8,6;8,5;8,3;8,1;7,8;7,9;7,9;8,1;8,6;9,0;9,5;9,4;8,9;8,7;8,4;8,0;7,8;8,2;8,4;9,0;9,2;9,8;10,5;10,4;10,0;9,4;9,3;9,3;9,4;9,7;9,8;10,2;10,3;11,0;11,5;11,6;11,5;10,8
Powiat łobeski;023216418000;30,1;30,4;29,8;29,1;28,4;27,1;26,8;27,0;26,9;26,6;27,3;29,3;30,7;31,0;30,7;30,0;29,0;27,8;28,0;28,0;27,5;27,1;28,0;29,8;30,6;31,2;30,8;29,6;28,4;27,4;27,8;27,8;27,2;26,7;27,7;28,7;29,8;29,9;28,9;27,0;26,3;25,4;25,5;25,8;25,8;24,7;24,2;25,3;27,0;26,9;25,7;24,8;24,3;24,0;23,5;23,4;22,6;22,3;23,0;23,9;25,2;25,5;25,0;23,9;23,5;23,0;23,0;22,9;22,5;22,1;22,2;23,7;24,5;24,6;23,6;22,7;22,3;21,6;21,7;20,9;20,9;20,2;20,2;21,2;21,6;21,1;20,7;20,5;20,2;19,8;19,6;19,4;18,7;18,7;19,1;20,3;20,4;20,3;20,1;19,4;19,1;18,7;18,9;18,6;18,0;17,9;18,4;19,0;19,7;19,3;18,9;19,4;19,1;18,6;18,5;17,8;17,3;17,1;17,7;18,3;18,9;18,9;17,7;17,0;16,6;15,8;15,5;15,5;14,7;14,4;14,6;16,0;16,6;16,6;16,5;15,6;15,4;15,0;15,1;15,0;14,6;14,9;15,0;15,2;16,2;16,1;15,6;15,3;15,2;15,6;14,9;15,0;14,7;15,0;15,4;15,9;16,5;16,4;16,0;15,2;15,0;14,8;14,7;15,0;14,6;14,6;14,3;15,0;15,6;15,7;15,0;14,6;14,6;14,5;14,7;15,0;15,3;15,2;15,2;15,4;16,2;16,0;15,9;15,7
Powiat m. Szczecin;023216562000;10,2;10,5;10,7;10,3;10,1;9,8;9,8;9,7;9,7;9,6;9,7;9,9;10,4;10,7;10,8;10,7;10,5;10,4;10,4;10,5;10,7;10,8;10,9;11,0;11,6;11,7;11,6;11,5;11,3;11,1;10,7;10,5;10,6;10,4;10,6;10,6;11,1;11,2;11,1;10,8;10,5;10,1;9,8;9,7;9,7;9,5;9,5;9,3;9,5;9,2;9,0;8,8;8,3;8,0;7,7;7,6;7,4;7,2;7,0;6,8;7,0;7,0;6,7;6,3;6,0;5,6;5,4;5,3;5,0;4,7;4,7;4,7;4,8;4,8;4,6;4,3;4,3;4,1;3,8;3,8;3,8;3,4;3,3;3,1;3,3;3,3;3,1;2,9;2,8;2,6;2,6;2,6;2,6;2,6;2,5;2,6;2,8;2,7;2,6;2,5;2,5;2,4;2,4;2,5;2,5;2,4;2,4;2,4;2,6;2,6;2,7;3,0;3,2;3,4;3,6;3,7;3,8;3,8;3,9;3,9;4,1;4,1;4,1;4,1;4,0;3,9;3,8;3,7;3,6;3,5;3,4;3,3;3,4;3,3;3,2;3,2;3,1;3,0;3,0;3,1;3,0;2,9;2,9;3,1;3,3;3,5;3,5;3,5;3,4;3,5;3,5;3,6;3,6;3,6;3,6;3,6;3,8;3,9;3,8;3,8;3,6;3,5;3,4;3,5;3,4;3,4;3,3;3,3;3,6;3,7;3,8;3,6;3,6;3,8;4,0;4,2;4,1;4,0;4,0;3,9;4,2;4,3;4,3;4,3
Powiat goleniowski;023216604000;19,6;20,0;19,5;19,4;18,7;17,9;17,6;17,1;16,7;16,4;16,3;16,1;17,1;17,6;17,5;17,2;16,6;15,6;15,3;15,4;15,3;15,2;15,7;15,9;16,7;17,0;16,4;15,8;15,3;14,8;14,4;14,2;14,0;13,3;13,4;13,3;14,0;13,9;13,3;12,9;12,1;11,5;11,4;11,3;11,2;10,5;10,4;10,7;11,5;11,5;11,2;10,7;10,1;9,5;9,4;9,6;9,5;9,1;9,1;9,0;9,7;9,6;9,1;9,0;9,0;8,9;8,7;8,7;8,9;8,6;8,3;8,0;8,3;8,2;7,9;7,7;7,6;7,4;7,4;7,3;7,3;6,9;6,5;6,1;6,4;6,3;6,3;6,1;5,8;5,7;5,8;5,7;5,8;5,8;5,6;5,5;5,8;5,8;5,6;5,6;5,6;5,6;5,6;5,4;5,3;5,3;5,2;5,2;5,7;5,5;5,3;5,7;6,0;6,2;6,2;6,4;6,5;6,5;6,6;6,7;7,1;7,2;7,2;7,1;6,9;6,5;6,2;5,7;5,2;4,7;4,3;4,4;4,5;4,6;4,5;4,3;4,1;3,9;3,7;3,8;3,6;3,6;3,4;3,4;3,9;3,9;3,9;3,9;3,8;3,8;3,9;4,0;4,1;4,0;3,5;3,8;4,2;4,2;4,1;4,1;4,1;4,1;4,0;4,2;4,2;4,1;4,1;4,3;4,8;4,9;4,6;4,4;4,3;4,5;4,8;5,0;5,4;5,3;5,3;5,3;5,7;5,7;5,7;5,4
Powiat gryficki;023216605000;25,4;25,6;25,3;23,4;21,5;20,0;18,9;18,6;20,2;21,6;23,0;24,5;25,9;26,3;25,6;23,5;22,0;20,5;19,4;19,4;20,6;22,2;23,7;25,4;27,3;27,7;27,4;25,4;23,9;22,0;20,8;20,7;22,4;23,7;24,8;26,8;27,8;27,2;26,2;24,0;22,5;20,8;19,5;19,4;20,3;22,1;22,8;23,6;24,9;24,9;24,3;22,3;20,9;19,3;18,2;18,3;19,5;21,1;21,2;21,3;22,1;22,2;21,0;18,2;16,4;14,5;13,1;12,5;13,8;15,0;15,6;16,3;17,3;16,9;15,1;13,2;12,0;10,2;9,2;9,3;10,3;10,7;11,2;11,6;12,1;11,8;10,9;9,2;7,9;7,2;7,1;7,0;7,6;8,2;9,1;9,3;9,8;9,8;9,2;7,5;6,6;5,9;5,8;5,8;6,4;7,1;7,5;8,3;9,2;9,2;9,0;10,2;10,5;9,9;8,6;8,0;7,8;8,5;9,0;9,5;10,6;10,9;10,5;9,5;8,6;7,5;6,8;6,4;6,5;6,8;7,3;7,7;8,1;8,0;7,8;7,2;6,5;5,8;5,5;5,6;6,0;6,6;6,9;7,4;8,2;8,1;8,1;7,4;6,9;6,4;6,2;6,2;6,5;7,2;7,7;8,3;9,1;9,1;8,7;8,0;7,5;7,3;6,8;6,8;7,3;7,8;8,5;8,7;9,5;9,5;9,1;8,6;8,0;7,7;7,7;8,0;8,6;9,2;9,9;10,2;11,0;11,4;10,9;10,4
Powiat gryfiński;023216606000;24,5;24,8;24,4;23,6;22,4;21,6;21,2;21,2;21,1;21,0;21,6;21,7;22,4;22,8;22,5;21,7;21,1;20,8;20,6;20,3;20,7;20,8;21,7;22,2;23,2;23,6;23,4;22,7;22,3;21,8;21,8;21,5;21,5;21,5;22,0;22,4;23,2;23,0;22,5;21,5;20,9;19,9;19,4;19,0;18,7;18,7;18,7;18,8;19,4;19,7;19,3;18,4;17,7;16,8;16,3;15,9;15,7;15,7;16,0;15,8;16,6;17,2;16,6;16,2;15,9;15,2;14,8;14,4;14,6;14,5;14,5;14,4;14,6;14,8;14,3;13,8;13,2;13,0;12,5;12,3;12,2;11,7;11,7;11,7;11,8;11,7;11,6;11,2;10,8;10,5;10,3;10,3;10,4;10,4;10,3;10,0;10,4;10,4;10,4;9,9;9,5;9,0;8,5;8,2;7,9;7,9;7,8;7,6;8,0;8,1;8,2;8,6;8,7;8,7;8,8;8,6;8,7;8,8;8,9;8,9;9,1;9,2;9,4;9,2;8,7;8,4;8,1;7,8;7,3;7,3;7,3;7,7;7,7;7,8;7,8;7,8;7,6;7,3;7,3;7,1;7,1;7,0;7,1;6,9;7,0;7,2;7,3;7,2;6,9;6,8;6,5;6,4;6,3;6,1;6,2;6,5;6,7;7,0;7,0;6,7;6,7;6,7;6,4;6,6;6,7;6,7;6,7;6,7;7,1;7,3;7,4;6,9;6,6;6,6;7,0;7,0;7,0;7,0;7,2;7,3;7,8;8,0;8,2;8,0
Powiat kamieński;023216607000;28,1;28,1;27,7;26,4;24,3;22,0;21,4;21,5;22,6;24,2;24,9;25,3;26,7;27,1;26,0;24,4;22,7;20,5;20,0;20,1;20,8;23,1;24,4;25,5;26,7;26,8;26,1;24,9;23,0;21,8;20,9;20,9;21,8;23,3;24,2;25,2;26,0;25,7;24,6;22,8;21,0;19,4;18,6;18,6;19,5;20,4;21,0;21,8;23,1;22,6;22,0;20,0;18,3;17,0;16,0;16,6;17,6;18,8;20,0;19,6;20,5;20,8;19,5;18,7;17,2;16,4;15,5;15,7;16,4;17,5;18,5;18,9;19,7;19,2;18,2;16,9;15,7;15,0;14,5;14,6;15,1;15,2;16,0;16,6;17,1;17,0;16,0;15,0;13,9;13,4;12,8;12,8;13,1;13,8;14,6;15,0;15,6;15,6;14,8;13,9;13,0;12,6;11,9;11,9;12,2;12,9;13,5;14,8;15,7;15,5;15,1;15,8;15,8;15,1;14,5;14,3;14,9;15,6;16,0;16,6;17,3;17,2;16,4;16,0;15,4;14,4;13,9;13,8;14,0;14,2;14,6;15,8;16,3;16,1;15,6;14,9;14,0;13,2;12,6;12,2;12,6;13,2;13,7;14,1;14,9;14,7;14,0;13,7;13,0;12,8;12,3;12,2;12,2;12,8;13,2;13,8;14,5;14,8;14,1;13,5;12,9;12,3;11,7;12,1;12,5;12,9;13,2;13,3;13,9;13,8;13,3;12,5;12,1;11,7;11,6;11,9;12,4;13,0;13,6;13,8;14,5;14,8;14,5;13,8
Powiat policki;023216611000;16,9;17,0;16,6;16,5;16,3;15,9;15,6;15,4;15,3;15,1;15,4;15,6;16,3;16,5;16,5;16,3;16,0;15,8;15,4;15,2;15,3;15,1;15,0;14,7;15,4;15,7;15,8;15,9;15,6;15,2;15,0;14,1;14,0;14,2;14,6;14,2;14,7;14,4;14,1;13,5;13,1;12,5;12,0;11,4;11,3;11,0;11,1;10,6;11,3;11,1;10,6;10,2;10,1;9,8;9,5;9,5;9,4;9,3;9,3;9,1;9,5;9,5;9,3;8,9;8,6;8,3;8,2;8,0;8,0;7,8;7,9;7,7;8,1;7,9;7,7;7,2;7,0;6,8;6,9;7,0;6,8;6,3;6,0;5,0;5,1;5,1;4,8;4,6;4,5;4,3;4,4;4,3;4,3;4,2;4,1;4,0;4,3;4,3;4,3;4,1;4,0;3,9;3,8;3,9;3,8;3,7;3,6;3,8;4,1;3,9;4,1;4,3;4,6;4,7;4,7;4,9;4,9;4,9;5,0;4,9;5,1;5,1;5,1;5,1;5,0;4,7;4,7;4,7;4,7;4,6;4,5;4,5;4,7;4,6;4,5;4,4;4,5;4,3;4,1;4,2;3,9;3,9;3,7;3,5;3,4;3,5;3,3;3,2;2,9;2,8;3,0;3,0;3,2;3,1;3,1;3,0;3,3;3,4;3,6;3,5;3,5;3,5;3,5;3,5;3,5;3,5;3,6;3,5;3,8;3,9;3,9;3,8;3,7;3,8;3,9;4,0;4,2;4,2;4,2;4,1;4,2;4,4;4,3;4,2
Powiat stargardzki;023216614000;21,4;21,6;21,9;21,0;20,2;19,6;19,4;19,2;19,2;19,1;19,5;20,1;21,0;21,3;20,7;20,1;19,6;19,0;18,8;18,9;18,8;18,7;19,3;20,0;21,3;21,5;21,3;20,7;19,9;19,5;19,4;19,1;18,9;18,9;19,3;19,7;21,2;20,9;20,4;19,6;19,1;18,5;18,2;17,7;17,7;17,2;17,1;17,3;18,3;18,3;17,3;17,0;16,4;15,7;15,3;15,0;14,4;14,0;14,1;14,4;15,1;15,3;14,7;14,3;13,5;12,8;12,2;11,7;11,5;11,3;11,2;11,1;11,8;11,6;10,9;10,6;10,2;9,7;9,7;9,7;9,5;9,0;8,9;8,9;9,4;9,2;8,7;8,4;8,3;8,2;8,0;8,0;8,0;7,9;8,1;7,9;8,5;8,5;8,2;8,0;7,8;7,6;7,6;7,6;7,6;7,7;7,5;7,5;8,0;7,8;7,7;7,9;8,2;8,3;8,2;8,2;8,1;8,2;8,0;8,4;8,5;8,6;8,5;8,6;8,6;8,4;8,3;8,2;7,8;7,7;7,7;7,7;7,8;8,0;7,7;7,9;8,0;7,8;7,6;7,5;7,4;7,4;7,4;7,1;7,5;7,5;7,3;7,3;7,2;7,2;7,1;7,1;7,0;7,0;7,1;7,2;7,5;7,7;7,5;7,4;7,3;7,2;7,1;7,1;6,9;6,7;6,8;7,1;7,5;7,6;7,4;7,4;7,4;7,5;7,8;8,1;8,0;8,1;8,1;8,2;8,7;8,8;8,8;8,9
Powiat m. Świnoujście;023216663000;12,7;12,3;12,3;11,4;10,4;9,1;8,8;8,6;9,2;9,6;10,6;10,7;11,6;12,0;11,2;10,5;9,6;8,8;8,5;8,2;8,6;8,9;9,6;10,0;11,2;11,2;11,1;10,4;9,5;8,7;8,8;8,7;9,1;9,5;10,1;10,5;10,5;10,2;8,9;7,5;6,6;6,0;5,8;6,1;6,3;7,0;7,8;8,3;9,1;9,3;8,2;7,2;6,6;6,3;5,9;6,0;5,9;6,4;6,8;7,0;7,6;7,7;7,2;6,6;6,1;5,5;5,4;5,4;5,3;5,6;5,8;5,7;6,0;6,2;6,1;5,5;5,3;5,0;4,7;4,5;4,6;4,6;4,9;5,0;5,2;5,3;5,1;4,8;4,6;4,2;3,9;3,6;3,8;3,9;4,2;4,4;4,7;4,7;4,6;4,0;3,7;3,5;3,2;3,3;3,2;3,1;3,3;3,5;3,9;3,9;4,1;5,0;5,6;5,5;5,0;4,6;4,3;4,1;4,7;5,2;5,8;6,4;6,6;6,5;5,9;5,2;4,3;4,1;3,8;3,9;3,9;4,2;4,4;4,3;4,2;4,1;3,8;3,3;3,3;3,2;3,3;3,6;3,8;4,0;4,4;4,5;4,6;4,3;4,1;4,0;3,8;3,6;3,7;3,8;4,1;4,2;4,6;4,8;4,4;4,3;4,0;3,9;3,8;3,9;4,0;4,2;4,4;4,5;4,9;4,8;4,5;4,6;4,6;4,7;4,6;4,7;4,8;5,0;5,1;5,3;5,8;5,8;5,9;5,6
Powiat bolesławiecki;030210101000;15,8;15,9;15,5;14,5;13,8;12,7;12,3;11,8;12,1;12,1;12,4;12,2;13,2;13,7;13,2;12,8;12,6;12,1;11,7;11,9;12,2;12,5;13,4;13,9;15,0;15,2;14,9;14,4;13,8;13,1;12,6;12,5;12,3;12,3;12,5;12,6;13,3;13,4;12,8;11,9;11,3;10,6;10,1;9,7;9,2;9,0;8,9;8,9;9,7;10,0;9,5;9,0;8,5;8,0;7,8;7,6;7,5;7,4;7,5;7,6;8,0;8,1;7,7;6,9;6,4;6,0;5,8;5,8;5,7;5,5;5,6;5,7;6,0;5,9;5,4;5,1;5,0;4,8;4,6;4,6;4,8;4,2;4,0;4,2;4,5;4,6;4,4;4,2;3,9;3,7;3,7;3,7;3,7;3,7;3,8;3,8;4,1;4,2;4,1;4,0;4,0;4,0;4,0;4,0;3,7;3,8;3,7;3,8;4,1;4,1;4,0;4,4;4,7;4,8;5,0;5,2;5,2;5,2;5,4;5,6;5,9;6,0;5,9;5,8;5,7;5,4;5,2;5,1;5,0;4,8;4,7;5,1;5,2;5,2;5,0;4,6;4,4;4,0;3,9;3,6;3,5;3,4;3,3;3,1;3,4;3,5;3,4;3,4;3,3;3,1;3,1;3,0;2,9;2,9;2,8;2,8;3,1;3,3;3,2;3,1;2,9;2,7;2,8;2,9;3,0;3,0;3,0;3,1;3,6;3,6;3,5;3,3;3,3;3,4;3,8;3,9;3,9;3,9;3,9;3,9;4,3;4,5;4,5;4,5
Powiat jaworski;030210105000;24,9;25,1;24,4;22,9;21,6;21,1;20,8;20,7;21,2;21,4;22,0;23,7;24,8;25,3;24,4;23,6;23,1;22,4;22,6;22,4;22,1;22,3;23,3;25,0;26,5;26,6;26,0;25,1;24,0;23,3;23,1;22,7;22,7;22,3;22,5;24,3;25,4;25,3;24,3;22,6;21,3;20,9;20,6;20,7;20,0;18,5;18,5;18,6;20,3;20,4;19,6;18,8;18,1;17,1;16,6;16,5;16,2;16,1;16,2;17,3;18,4;18,4;17,7;16,5;15,8;15,1;14,8;14,8;14,6;14,5;15,0;15,8;16,7;16,7;16,0;15,1;14,3;13,7;13,8;13,8;13,8;13,0;13,1;13,5;14,4;14,4;13,9;12,9;12,4;11,9;12,0;11,8;11,4;11,5;11,9;12,4;13,0;13,0;12,7;12,3;12,0;11,6;11,6;11,7;11,2;10,7;10,6;10,6;11,3;11,2;11,1;11,4;11,6;11,5;11,6;11,5;11,5;11,1;11,2;11,3;11,8;12,0;12,0;11,7;11,6;11,3;11,0;10,8;10,3;9,9;9,7;10,8;11,2;11,2;11,0;10,9;10,6;10,2;10,1;10,0;10,0;9,9;10,1;10,2;10,7;10,6;10,4;10,0;9,7;9,8;9,7;9,6;9,5;9,6;9,7;9,7;10,3;10,4;10,1;9,6;9,7;9,6;10,0;9,9;9,8;9,6;9,5;9,8;10,6;10,7;10,5;10,1;10,0;10,2;10,6;10,8;10,8;10,4;10,7;10,8;11,5;12,0;12,0;11,7
Powiat karkonoski;030210106000;23,4;23,7;23,8;22,5;22,0;21,5;21,1;20,9;21,3;21,9;22,0;21,0;21,6;21,6;21,8;21,2;21,1;20,6;20,5;20,2;20,2;20,3;20,8;20,8;21,1;21,0;21,1;20,8;20,1;19,6;19,3;19,4;19,2;19,3;19,7;19,8;20,0;20,0;19,6;18,9;18,2;17,6;17,4;17,2;17,1;16,6;17,1;15,7;16,0;16,0;15,5;15,0;14,7;13,8;13,5;13,2;13,0;12,7;13,0;12,9;13,0;13,1;12,9;12,5;12,2;11,7;11,5;11,3;11,4;11,1;11,2;11,4;11,2;11,2;10,8;10,3;10,0;9,8;9,5;9,5;9,3;9,0;9,0;9,2;9,3;9,2;9,2;8,8;8,6;8,6;8,5;8,4;8,4;8,4;8,7;8,9;9,1;9,2;9,1;8,8;8,6;8,4;8,2;8,0;8,0;7,9;8,1;8,2;8,4;8,7;8,6;8,9;9,3;9,4;9,2;9,0;9,3;9,3;9,7;10,1;10,5;10,6;10,7;10,7;10,8;10,6;10,4;10,3;10,0;9,9;10,1;10,5;10,2;10,2;10,0;9,7;9,5;9,2;8,9;8,8;8,9;8,9;8,9;8,5;8,7;8,8;8,8;8,6;8,4;8,3;8,2;8,0;8,0;8,1;8,4;8,5;8,9;8,9;8,8;8,7;8,6;8,4;8,4;8,4;8,5;8,4;8,6;8,4;8,8;8,8;8,6;8,4;8,3;8,4;8,7;8,8;8,7;8,6;8,7;8,7;9,1;9,2;9,5;9,5
Powiat kamiennogórski;030210107000;23,4;24,1;24,0;23,3;21,1;19,8;19,2;18,5;18,9;19,4;20,7;21,2;22,6;23,6;23,7;22,9;21,8;21,2;20,5;20,3;20,0;20,3;21,1;22,8;24,2;24,7;24,6;23,3;22,6;21,9;20,3;19,7;19,8;19,6;20,2;20,5;22,3;22,3;21,6;20,1;19,1;18,4;16,5;16,1;15,7;15,5;15,6;15,6;16,6;16,8;16,9;16,2;14,6;12,8;11,6;11,3;11,5;11,5;11,6;11,6;12,7;12,7;12,8;11,9;11,1;10,3;9,9;10,0;10,0;9,9;9,9;10,3;11,2;10,8;10,7;9,8;8,8;7,8;8,0;7,9;7,6;7,1;7,1;7,5;8,0;8,1;7,6;7,0;5,6;5,4;5,3;5,4;5,3;5,4;5,7;6,2;6,8;7,1;7,0;6,7;6,1;5,6;5,7;5,7;5,6;5,7;5,6;5,8;6,7;6,8;6,8;7,6;7,8;8,3;7,6;7,6;7,9;7,7;7,6;8,0;8,4;8,7;8,4;8,0;7,5;7,1;6,4;6,0;6,1;6,0;5,9;6,6;6,7;6,8;6,8;6,8;6,1;5,8;5,8;5,7;5,9;5,8;6,0;6,1;6,7;6,9;6,9;6,9;6,3;6,1;5,8;5,8;6,0;5,8;6,1;6,1;6,7;7,0;7,2;7,1;6,8;6,7;6,6;6,7;6,8;7,1;7,3;7,5;8,1;8,5;8,4;8,0;7,3;7,3;7,7;7,8;7,6;7,6;8,0;8,4;9,1;9,4;9,3;8,9
Powiat lubański;030210110000;25,6;26,0;25,6;24,4;23,6;23,1;22,4;22,5;22,6;22,6;22,9;22,9;23,7;24,2;24,0;23,0;22,4;22,0;22,1;22,3;22,3;22,4;22,6;23,1;24,2;24,5;24,4;24,1;23,5;22,5;21,9;21,6;21,6;21,2;21,5;21,6;22,8;22,4;21,9;21,2;20,7;19,8;19,3;18,7;18,5;17,9;18,2;17,8;18,3;17,8;17,2;16,7;16,0;15,8;15,4;14,7;14,3;14,2;14,1;14,2;14,8;15,1;14,8;14,3;13,9;13,2;12,6;12,0;11,3;11,1;11,1;11,3;11,9;11,8;11,2;10,9;10,5;10,1;9,6;9,4;9,4;9,0;9,1;9,3;9,3;9,4;9,1;8,6;8,3;8,0;7,4;7,4;7,3;7,4;7,2;7,3;7,6;7,7;7,4;6,9;6,5;6,3;6,1;6,0;6,0;6,2;6,2;6,9;7,1;7,1;7,2;7,8;8,5;8,5;8,8;8,6;8,6;8,4;8,3;8,9;8,7;9,0;9,1;9,0;9,1;8,7;8,4;8,2;7,7;7,1;6,7;8,0;7,8;7,8;7,8;7,6;7,4;6,8;6,8;6,5;6,6;6,4;6,5;7,1;6,9;7,3;7,4;7,3;6,9;6,7;6,7;6,5;6,5;6,8;7,3;6,7;7,1;7,4;7,7;7,2;7,0;6,7;6,8;7,0;7,0;6,9;7,5;7,1;7,5;7,7;7,6;7,2;6,9;7,0;7,3;7,6;7,5;7,4;7,4;7,7;7,7;7,9;8,0;8,0
Powiat lwówecki;030210112000;25,6;25,8;25,7;24,9;24,1;23,0;22,4;22,5;22,9;23,0;23,7;24,6;25,3;25,5;25,1;24,6;24,3;24,0;23,7;23,4;23,8;24,2;24,9;25,6;26,7;27,0;27,0;26,1;25,5;25,1;25,0;24,9;24,9;25,2;25,7;26,2;26,5;26,3;26,0;25,3;24,4;23,7;23,8;23,4;23,0;22,6;22,3;22,4;22,6;22,3;21,7;20,8;20,1;19,7;19,6;19,7;19,4;19,5;19,4;19,4;19,9;19,9;19,7;18,7;18,1;17,6;17,3;16,9;16,6;16,3;16,8;16,9;17,1;17,1;16,7;16,1;15,7;14,9;14,5;14,3;14,0;13,0;12,9;13,0;13,3;13,2;12,9;12,5;12,5;11,8;11,7;11,7;11,8;11,8;12,0;12,2;12,5;12,5;12,4;11,7;11,6;11,3;11,3;11,4;11,0;10,8;10,8;11,2;11,6;11,3;11,2;11,6;12,0;12,2;12,5;12,3;11,7;11,5;11,6;11,5;12,0;11,7;11,3;10,9;10,5;10,0;9,8;9,7;9,3;9,0;8,6;9,5;9,7;9,9;10,1;9,9;9,6;9,4;9,3;9,5;9,3;9,2;9,0;8,7;8,8;9,0;9,1;8,9;8,7;8,7;8,6;8,6;8,6;8,5;8,6;8,7;8,8;9,1;9,1;9,0;8,9;8,7;8,9;8,9;8,8;8,6;8,5;8,8;9,1;9,4;9,3;9,1;9,0;9,1;9,5;9,7;9,7;9,6;9,7;9,8;10,2;10,4;10,6;10,6
Powiat zgorzelecki;030210125000;13,7;14,3;14,1;13,7;13,4;12,8;12,5;12,4;12,3;12,2;12,1;12,6;13,4;13,9;13,9;13,8;13,5;13,2;12,6;12,9;12,9;13,2;13,4;14,4;15,3;16,1;16,1;15,9;15,4;14,9;14,6;14,6;14,4;14,5;14,4;14,7;15,2;15,4;14,8;14,5;14,1;13,6;13,5;13,2;12,9;12,7;12,2;12,1;12,4;12,4;12,4;11,4;10,5;9,9;9,5;9,2;8,9;8,9;8,9;9,0;9,3;9,4;9,4;9,1;9,1;8,5;8,2;7,9;7,7;7,3;7,7;7,7;7,8;7,9;7,5;7,1;6,8;6,5;6,2;6,0;6,1;5,6;5,5;5,4;5,6;5,5;5,5;5,4;5,2;4,9;4,8;4,7;4,8;4,7;4,9;5,1;5,5;5,6;5,5;5,2;5,0;4,8;4,6;4,8;5,0;5,0;4,9;4,9;5,4;5,4;5,6;5,8;6,4;6,4;6,1;6,1;5,8;5,6;5,7;6,0;6,4;6,5;6,5;6,4;6,3;6,2;6,0;5,8;5,6;5,5;5,4;5,6;5,8;5,9;5,9;5,7;5,4;5,2;5,0;4,8;5,0;5,0;5,0;5,1;5,3;5,5;5,4;5,3;5,1;5,2;5,1;5,1;5,1;5,1;5,0;5,0;5,3;5,5;5,5;5,2;5,2;5,2;5,1;5,1;5,1;5,2;5,3;5,2;5,6;5,7;5,5;5,3;5,2;5,1;5,4;5,5;5,5;5,6;5,4;5,5;5,9;5,9;5,9;6,1
Powiat złotoryjski;030210126000;28,0;28,3;27,4;26,0;25,5;25,6;25,1;25,3;25,4;25,4;25,5;26,6;27,5;27,7;27,2;26,0;25,4;25,0;24,8;25,1;25,2;25,2;25,7;27,5;28,8;28,8;28,4;27,3;26,6;26,4;26,7;26,2;26,6;26,8;27,3;28,6;29,2;28,7;27,7;26,9;26,1;25,7;25,5;25,3;24,9;24,6;24,2;24,5;25,2;25,5;24,9;23,8;22,7;22,1;21,2;20,7;20,7;20,6;20,4;21,2;22,4;22,3;21,7;20,5;19,4;18,8;18,7;18,6;18,2;18,2;18,6;18,9;19,3;19,0;18,6;17,5;16,8;16,5;16,2;16,3;16,2;15,7;15,8;16,0;16,6;16,2;15,8;15,2;14,8;14,3;14,2;14,0;14,2;14,4;14,5;14,8;15,2;14,9;14,6;14,2;13,8;13,5;13,4;13,1;12,8;12,6;12,9;13,1;13,9;13,3;13,4;14,1;14,7;14,8;14,9;14,7;14,3;13,7;13,5;14,2;14,9;14,5;14,2;13,7;13,5;12,9;12,9;12,6;12,2;12,0;12,1;13,8;14,2;13,7;13,9;13,8;13,5;13,2;13,3;13,3;13,5;13,3;13,8;13,7;14,5;14,2;13,8;13,6;13,2;13,3;13,4;13,3;13,3;13,0;13,1;13,3;14,1;14,1;13,9;13,4;13,3;13,1;12,8;13,2;13,4;13,3;13,5;14,0;14,8;14,5;14,4;13,8;13,6;13,6;13,9;14,1;13,9;13,7;14,0;14,3;15,1;15,2;14,8;14,5
Powiat m. Jelenia Góra;030210161000;11,2;11,3;10,9;10,8;10,4;10,0;9,9;9,6;9,6;10,0;9,6;9,9;10,1;10,4;10,4;10,5;10,3;10,0;9,7;9,6;9,5;9,6;9,9;10,1;10,5;10,6;10,1;9,9;9,5;9,4;9,2;9,0;9,1;9,1;8,9;9,3;9,7;9,6;8,8;8,3;8,0;7,6;7,5;7,6;7,3;7,2;7,2;7,5;7,8;7,8;7,1;6,9;6,6;6,0;5,8;5,6;5,3;5,2;5,7;5,7;5,9;6,1;5,3;5,2;5,0;4,5;4,5;4,4;4,5;4,4;4,2;4,6;4,7;4,8;4,2;4,1;3,8;3,6;3,5;3,5;3,3;3,2;3,2;3,6;3,6;3,7;3,3;3,2;3,2;3,1;3,1;3,2;3,2;3,1;3,2;3,6;3,8;3,8;3,5;3,4;3,3;3,2;3,1;3,2;3,1;3,0;3,0;3,2;3,4;3,6;3,4;3,7;4,0;4,1;4,1;4,0;4,1;4,2;4,2;4,6;4,8;4,9;4,7;4,7;4,6;4,4;4,2;4,1;3,9;3,7;3,7;3,8;3,9;3,9;3,6;3,6;3,6;3,5;3,4;3,4;3,4;3,5;3,5;3,6;3,8;3,9;3,7;3,7;3,6;3,5;3,5;3,6;3,6;3,6;3,5;3,9;4,2;4,5;4,2;4,1;4,1;4,0;3,9;4,0;3,9;4,0;4,0;4,2;4,5;4,8;4,5;4,3;4,2;4,3;4,6;4,7;4,7;4,7;4,6;4,5;4,7;4,9;5,0;5,1
Powiat głogowski;030210203000;15,2;15,6;15,6;15,5;14,9;14,2;14,2;14,0;13,7;13,7;13,7;14,3;15,1;15,6;15,5;15,0;14,7;14,2;13,9;14,2;15,3;15,3;15,5;15,7;16,7;17,3;17,2;17,0;16,1;15,7;15,6;15,4;14,9;14,9;15,2;14,9;15,5;15,8;15,7;15,0;14,4;14,0;13,9;13,9;13,8;13,7;14,0;13,6;14,1;14,0;13,5;13,0;12,7;12,0;12,1;11,9;11,8;12,0;12,3;12,5;12,7;13,1;13,1;12,7;12,1;11,8;11,5;11,4;11,2;10,8;10,3;10,5;10,7;10,9;10,4;10,3;10,1;9,8;9,8;9,8;9,9;9,4;9,3;9,1;9,6;9,7;9,7;9,4;9,3;9,2;9,3;9,2;9,3;9,3;9,1;8,9;9,3;9,3;9,2;8,8;8,7;8,5;8,3;7,8;7,5;7,2;7,3;7,1;7,3;7,3;7,1;7,5;7,8;7,9;7,9;7,8;7,8;7,7;7,7;7,8;8,0;8,1;7,9;7,8;7,7;7,6;7,6;7,6;7,6;7,7;7,4;7,7;7,8;7,7;7,5;7,7;7,7;7,2;7,0;6,9;6,6;6,6;6,7;6,4;6,8;6,8;6,6;6,4;6,3;6,4;6,5;6,5;6,4;6,5;6,4;6,5;6,9;7,1;6,9;6,7;6,6;6,6;6,6;6,7;6,6;6,6;6,7;6,7;7,1;7,3;7,1;6,8;6,7;6,7;7,2;7,4;7,4;7,3;7,4;7,5;7,8;8,0;8,0;7,9
Powiat górowski;030210204000;27,8;28,2;27,7;26,8;26,4;25,3;25,5;25,7;25,3;25,3;25,5;26,4;27,6;28,1;27,7;26,7;25,9;25,3;25,1;25,2;25,7;25,8;26,5;27,9;29,5;29,9;29,1;28,5;27,6;26,9;26,7;26,9;26,9;26,7;27,2;28,3;29,2;28,7;27,9;26,9;26,0;25,0;24,3;24,3;23,4;23,3;23,2;23,4;24,7;24,5;23,8;22,8;21,8;20,8;20,8;20,6;20,9;20,8;21,0;22,2;23,0;22,4;21,7;20,6;20,0;19,4;19,1;18,8;19,2;18,4;17,9;18,5;19,4;18,9;18,3;17,1;16,3;16,0;15,6;15,8;15,9;15,7;15,8;16,5;17,0;16,9;16,1;15,4;14,6;15,0;15,0;14,8;14,8;14,7;14,8;15,3;16,2;16,0;15,2;14,3;14,0;13,7;13,7;13,7;13,5;13,3;13,9;14,2;15,2;15,2;15,1;15,5;15,9;16,0;15,9;16,0;15,7;15,3;15,3;15,7;16,2;16,2;15,9;15,9;15,5;14,9;14,6;14,8;14,8;14,4;14,0;18,3;18,7;18,2;17,4;16,7;16,3;15,8;15,2;15,4;15,5;15,5;15,5;13,8;15,0;14,9;14,5;14,2;13,6;13,7;13,7;13,8;14,0;14,0;14,0;14,2;14,8;14,7;14,5;14,1;14,0;13,9;13,8;14,2;14,2;13,8;13,9;14,5;15,2;15,1;14,6;14,3;13,9;14,1;14,8;15,1;15,4;15,2;15,6;15,9;16,9;17,1;16,9;16,6
Powiat legnicki;030210209000;21,4;21,8;21,6;20,9;20,1;19,8;20,0;20,2;20,6;20,6;20,7;21,2;22,4;22,8;22,6;22,1;21,5;21,1;20,9;21,1;20,9;21,1;21,2;21,6;23,0;23,2;23,0;22,5;21,9;21,4;21,6;21,5;21,1;21,1;21,6;21,3;22,0;21,7;20,9;20,5;19,9;19,3;19,2;19,1;18,6;18,2;18,1;17,4;17,8;17,8;17,5;16,8;16,3;15,8;15,5;15,3;14,9;14,7;14,7;14,8;15,5;15,3;15,1;14,6;14,2;13,9;13,7;13,7;13,7;13,6;13,4;13,0;13,5;13,2;13,0;12,5;12,5;12,1;12,1;12,3;12,3;11,8;11,5;11,5;12,0;11,7;11,6;11,4;11,2;11,0;11,1;11,0;10,8;10,8;10,7;10,1;10,4;10,1;9,7;9,3;9,4;9,2;9,6;9,5;9,2;8,9;8,6;8,1;8,7;8,3;8,2;8,7;9,0;9,3;9,3;9,4;9,5;9,4;9,1;8,7;9,0;8,9;9,0;8,9;8,7;8,5;8,4;8,3;8,1;7,9;7,8;8,4;8,7;8,5;8,4;8,4;8,3;8,2;8,3;8,2;8,1;7,9;7,9;8,1;8,5;8,2;8,1;7,9;7,7;7,6;7,6;7,6;7,4;7,4;7,3;7,3;7,9;7,8;7,7;7,5;7,4;7,4;7,6;7,3;7,3;7,2;7,1;7,2;7,8;7,7;7,5;7,3;7,2;7,3;7,5;7,7;7,7;7,6;7,7;7,9;8,3;8,3;8,2;8,2
Powiat lubiński;030210211000;10,6;10,8;10,6;9,9;9,5;9,1;9,0;9,3;9,4;9,3;9,6;9,7;10,4;10,6;10,5;10,3;10,3;10,3;10,2;10,4;10,4;10,2;10,3;10,6;11,4;11,6;11,4;11,4;11,1;10,9;10,6;10,5;10,7;10,4;10,6;10,9;11,6;11,4;11,0;10,6;10,4;10,0;9,8;9,6;9,2;8,9;8,9;8,9;9,7;9,5;9,1;8,6;8,0;7,1;7,0;7,1;6,9;6,7;6,7;7,0;7,4;7,2;7,0;6,5;6,4;6,1;6,0;5,8;5,6;5,5;5,8;5,9;6,3;6,1;5,9;5,4;5,2;5,1;5,4;5,3;5,3;5,0;4,7;5,0;5,4;5,4;5,3;5,0;4,7;4,7;4,7;4,9;4,9;4,8;4,8;4,8;5,1;5,0;4,9;4,6;4,3;4,3;4,3;4,3;4,2;4,0;4,0;4,1;4,4;4,4;4,4;4,8;5,3;5,4;5,3;5,2;5,0;4,9;4,9;5,0;5,2;5,3;5,1;4,9;4,7;4,3;4,2;4,2;4,0;3,9;3,9;4,0;4,4;4,4;4,6;4,3;4,3;4,2;4,0;4,0;4,0;3,9;4,0;3,9;4,1;4,0;4,0;3,9;3,8;3,7;3,8;3,9;3,8;3,7;3,6;3,8;4,2;4,2;3,9;3,9;3,9;3,9;3,9;4,1;4,1;3,9;3,9;3,9;4,4;4,6;4,6;4,3;4,2;4,4;4,7;4,9;5,0;4,8;4,9;5,0;5,2;5,4;5,3;5,1
Powiat polkowicki;030210216000;9,9;9,9;9,5;9,0;9,0;8,8;8,9;8,8;8,8;8,7;8,9;9,0;9,5;9,6;9,2;9,1;8,8;8,6;8,4;8,5;8,6;8,5;8,7;9,1;9,6;9,5;9,4;9,1;8,9;8,5;8,5;8,4;8,4;8,4;8,5;8,8;9,3;9,3;8,9;8,7;8,5;8,3;8,2;7,9;7,8;7,5;7,6;7,8;8,1;7,8;7,6;7,2;6,9;6,8;6,6;6,6;6,4;6,3;6,3;6,3;6,7;6,5;6,3;5,8;5,7;5,6;5,5;5,5;5,6;5,5;5,5;5,8;6,1;5,9;5,5;5,1;4,9;4,7;4,7;4,7;4,6;4,5;4,3;4,7;4,9;4,9;4,6;4,4;4,3;4,2;4,1;4,2;4,3;4,2;4,1;4,5;4,7;4,6;4,5;4,4;4,4;4,3;4,3;4,2;4,2;4,2;4,2;4,4;4,7;4,7;4,5;4,5;4,7;4,8;4,9;5,0;4,8;4,6;4,7;4,8;5,1;5,0;4,8;4,7;4,8;4,6;4,6;4,5;4,3;4,4;4,4;4,9;5,1;5,0;4,8;4,7;4,5;4,3;4,3;4,3;4,1;4,2;4,3;4,4;4,6;4,7;4,4;4,2;4,1;4,1;4,1;4,0;4,0;4,1;4,1;4,3;4,4;4,4;4,2;4,2;4,2;4,2;4,3;4,4;4,2;4,2;4,0;4,2;4,5;4,5;4,3;4,2;4,0;4,0;4,3;4,4;4,4;4,3;4,3;4,5;4,7;4,8;4,7;4,6
Powiat m. Legnica;030210262000;10,4;10,7;10,8;10,5;10,2;9,7;9,7;9,8;10,1;10,1;10,0;10,1;10,9;11,3;11,4;11,2;10,7;10,5;10,3;10,4;10,2;9,9;10,1;10,5;11,3;11,5;11,6;11,4;10,9;10,6;10,6;10,7;10,6;10,3;10,2;10,3;11,0;10,9;10,5;10,1;10,0;9,7;9,7;9,7;9,6;9,1;8,8;8,5;9,1;9,2;8,9;8,6;8,3;7,8;7,8;7,8;7,6;7,5;7,5;7,1;7,5;7,5;7,4;7,2;6,8;6,6;6,6;6,6;6,6;6,5;6,4;6,7;7,0;6,9;6,7;6,4;6,3;6,1;6,1;6,3;6,1;5,7;5,5;5,5;5,7;5,7;5,6;5,3;5,1;5,1;5,2;5,2;5,2;5,2;5,1;5,0;5,2;5,2;5,1;4,8;4,7;4,6;4,6;4,6;4,6;4,4;4,2;4,2;4,6;4,5;4,4;4,7;4,9;5,2;5,5;5,6;5,8;5,7;5,6;5,7;6,0;6,1;6,0;5,9;5,9;5,8;5,7;5,7;5,5;5,4;5,2;5,2;5,5;5,5;5,7;5,7;5,5;5,2;5,3;5,2;5,2;5,1;5,0;5,1;5,4;5,3;5,1;4,9;4,7;4,6;4,5;4,4;4,4;4,4;4,5;4,5;5,0;5,1;4,9;4,8;4,8;4,7;4,6;4,8;4,9;4,8;4,8;4,9;5,3;5,3;5,3;5,0;4,9;4,8;5,1;5,3;5,3;5,3;5,4;5,6;5,9;6,0;6,1;5,9
Powiat dzierżoniowski;030210302000;23,1;22,9;22,1;21,2;19,9;18,7;18,6;18,9;18,7;18,4;18,8;19,3;20,5;20,7;20,8;20,4;19,5;18,7;18,5;18,6;18,8;19,0;19,6;20,5;21,7;22,3;22,3;21,9;21,0;20,2;19,9;19,6;19,4;19,2;19,6;20,2;21,1;20,9;20,5;19,9;18,7;17,7;17,2;17,0;16,6;16,0;16,4;15,8;16,6;16,9;16,7;15,9;14,8;13,8;12,8;12,1;11,9;11,5;11,6;11,9;12,6;13,0;13,1;12,8;11,7;11,0;10,6;10,3;10,0;10,0;10,0;10,0;10,6;10,6;10,3;9,6;9,0;8,3;8,1;8,1;8,0;7,8;7,5;7,4;7,9;8,1;8,0;7,6;7,0;6,6;6,3;6,2;6,0;6,0;6,2;6,1;6,6;6,5;6,3;6,0;5,4;4,9;4,9;5,0;4,9;4,8;4,9;5,2;5,8;6,0;6,2;6,6;7,0;7,4;7,6;7,4;7,1;6,9;6,8;6,8;7,3;7,3;7,1;6,8;6,5;6,0;5,7;5,5;5,5;5,4;5,5;5,5;5,9;6,1;6,3;6,2;5,9;5,4;5,4;5,5;5,6;5,4;5,4;5,2;5,6;5,8;5,8;5,7;5,7;5,7;5,7;5,7;5,6;5,4;5,4;5,6;6,2;6,5;6,5;6,3;6,2;6,0;5,8;5,9;6,0;6,0;6,0;6,2;6,8;7,0;7,0;6,8;6,7;6,7;7,0;7,2;7,5;7,3;7,2;7,5;8,1;8,4;8,8;8,6
Powiat kłodzki;030210308000;25,7;25,9;26,0;25,5;24,3;23,5;23,0;23,0;23,1;23,2;23,8;24,9;25,8;26,4;26,0;25,5;24,9;24,5;24,5;24,6;24,7;25,1;26,0;27,1;28,2;28,8;28,8;28,2;27,2;26,5;26,4;26,2;26,2;26,2;26,9;27,1;27,8;27,7;27,3;26,3;25,5;24,6;24,2;23,8;23,6;23,3;23,4;23,6;24,1;24,1;23,7;23,0;22,2;21,3;20,9;20,6;20,2;19,8;19,8;19,9;20,2;20,4;20,2;19,2;18,7;17,8;17,3;17,0;16,8;16,7;16,0;16,0;16,3;15,9;15,6;14,7;14,0;13,4;13,4;13,2;13,3;12,6;12,0;12,5;12,7;12,6;12,3;12,0;11,6;11,2;11,2;11,1;11,0;11,1;11,3;11,8;12,3;12,2;12,0;11,5;11,1;10,8;10,7;10,8;10,8;10,6;10,8;11,1;11,6;11,6;11,4;12,2;12,9;13,1;12,9;12,9;12,7;12,5;12,6;12,6;12,9;13,0;13,1;12,9;12,6;12,3;11,9;11,9;11,7;11,6;11,7;12,5;12,8;12,6;12,6;12,4;12,2;11,9;11,9;11,9;11,9;12,0;11,9;11,8;12,3;12,3;12,3;12,2;11,8;11,6;11,6;11,5;11,4;11,6;11,6;11,7;12,1;12,3;12,2;12,1;12,1;12,1;12,0;12,3;12,4;12,4;12,4;12,9;13,5;13,4;13,4;13,1;12,9;12,8;13,0;13,0;13,3;13,2;13,2;13,4;14,0;14,1;14,1;14,0
Powiat świdnicki;030210319000;15,0;15,3;15,2;13,9;12,6;11,8;11,8;11,9;11,9;11,9;12,4;12,9;14,1;14,6;14,5;13,7;13,3;13,1;13,1;13,1;13,3;13,5;14,2;15,3;16,6;17,1;16,7;16,2;15,1;14,4;14,0;13,7;13,6;13,3;13,5;13,8;15,0;14,7;14,1;13,3;12,4;11,8;11,5;11,5;11,3;10,8;11,1;11,2;12,2;12,1;11,9;11,3;10,9;10,0;9,5;9,3;9,0;9,1;9,1;9,9;10,6;10,7;10,0;9,3;8,8;8,4;8,1;7,8;7,8;7,8;8,2;8,6;9,3;9,1;8,6;8,0;7,6;7,2;7,0;7,1;6,9;6,6;6,4;6,9;7,3;7,3;6,9;6,5;6,3;6,0;6,0;6,0;6,0;5,8;6,0;6,2;6,8;6,6;6,2;5,9;5,6;5,4;5,2;5,2;5,2;5,2;5,4;5,6;6,3;6,0;6,1;6,3;6,7;7,0;6,9;6,8;6,7;6,7;6,7;6,9;7,3;7,4;7,0;6,8;6,5;6,3;6,3;6,2;6,1;5,8;5,6;5,7;6,0;5,9;5,7;5,5;5,3;5,0;5,1;5,0;5,0;5,0;5,2;5,6;6,2;6,2;6,0;5,9;5,9;5,8;5,8;5,9;5,7;5,6;5,6;5,9;6,5;6,8;6,5;6,4;6,2;6,2;6,2;6,3;6,2;6,1;6,1;6,4;7,1;7,1;6,9;6,7;6,5;6,6;6,9;7,0;7,0;6,9;7,0;7,2;7,8;7,9;7,7;7,4
Powiat wałbrzyski;030210321000;20,1;20,4;20,4;19,8;18,7;18,1;18,0;17,9;18,0;18,0;18,4;19,1;20,1;20,6;20,7;20,0;19,5;19,1;18,9;18,9;19,3;19,7;20,1;20,9;33,9;34,4;34,0;33,4;32,3;31,6;31,3;30,9;31,0;30,7;31,4;29,8;30,7;30,7;30,2;29,0;27,6;27,1;26,1;25,7;24,9;24,7;25,4;24,9;25,8;26,3;25,9;24,9;24,2;23,2;22,4;22,0;21,1;20,6;20,9;22,4;23,1;23,2;22,7;22,1;21,1;20,2;19,2;18,7;18,1;18,5;18,5;19,3;19,9;19,9;19,1;18,3;16,4;15,7;15,7;15,2;14,9;13,6;13,4;14,3;15,3;15,6;15,3;14,1;13,4;13,1;13,1;13,0;13,1;13,1;13,4;13,6;14,2;14,2;13,8;13,1;12,2;11,8;11,7;11,7;11,9;11,8;12,0;12,8;13,3;13,5;13,5;13,9;14,3;14,5;14,4;14,4;14,6;14,6;14,7;14,9;15,5;15,6;15,5;15,1;14,5;14,0;13,8;13,7;13,6;13,3;13,2;13,9;14,2;14,3;14,1;13,6;13,1;13,0;12,5;12,4;12,4;12,2;12,4;11,7;12,5;13,0;12,6;12,3;11,7;11,5;11,6;11,4;11,3;11,1;11,2;11,7;12,8;13,3;12,8;12,3;12,0;11,8;11,5;11,7;11,6;11,3;11,4;11,8;12,4;12,4;12,1;11,1;10,5;10,5;10,7;11,0;11,0;10,7;11,0;10,8;11,5;12,1;12,4;12,5
Powiat ząbkowicki;030210324000;24,4;25,6;24,9;23,7;22,5;21,9;21,8;21,6;21,4;21,6;21,9;22,0;24,0;24,7;24,4;23,7;22,4;21,9;22,0;22,2;22,7;21,9;22,5;22,8;24,6;25,4;25,1;24,1;23,1;22,6;21,8;22,0;21,6;21,2;21,7;22,4;23,7;24,2;23,9;22,3;21,3;21,0;20,2;19,5;19,4;18,8;18,4;19,0;20,1;20,0;19,5;18,8;16,7;15,2;15,2;14,6;14,8;14,4;14,4;14,9;15,9;16,4;16,3;15,7;14,6;14,4;14,0;13,8;13,6;13,3;13,7;13,8;14,5;14,6;14,2;13,4;12,6;12,3;12,2;12,2;11,9;11,1;11,2;11,8;12,9;12,6;12,6;11,9;11,0;10,8;10,6;10,6;10,5;10,4;10,6;10,9;11,4;11,4;11,4;10,9;10,5;9,8;9,7;9,3;9,1;9,0;9,0;9,4;10,2;10,2;10,3;11,1;11,5;11,3;11,3;11,1;10,8;10,1;10,2;10,2;10,8;10,8;10,5;10,3;10,0;9,7;9,5;9,4;9,3;8,9;8,6;9,7;10,2;10,2;10,3;10,4;9,9;9,4;9,5;9,9;10,0;10,0;9,9;9,5;10,1;10,2;9,8;9,5;9,1;9,2;9,6;9,2;9,3;9,3;9,5;10,1;10,8;11,1;10,8;10,5;10,2;10,0;9,9;10,2;10,4;9,8;9,8;10,4;11,3;11,3;11,1;10,6;10,4;10,2;10,8;11,2;11,2;11,1;10,9;11,4;12,1;12,2;12,3;12,0
Powiat m. Wałbrzych od 2013;030210365000;;;;;;;;;;;;;;;;;;;;;;;;;18,2;18,5;18,3;17,8;16,8;16,4;16,3;16,3;16,3;16,3;16,5;16,8;17,3;17,1;16,6;16,0;15,1;14,5;14,2;14,0;13,6;13,1;13,3;13,1;13,8;14,1;14,0;13,6;13,1;12,5;11,9;11,6;11,0;10,7;10,3;10,4;10,9;10,9;10,7;10,6;10,2;9,9;9,5;9,2;9,1;8,9;8,8;9,2;9,4;9,2;9,1;8,8;8,4;8,2;8,0;8,0;7,9;7,4;7,2;7,2;7,3;7,4;7,3;6,8;6,6;6,4;6,1;5,9;5,8;5,6;5,7;6,0;6,0;6,1;5,9;5,4;5,2;5,1;4,6;4,6;4,6;4,6;4,7;4,9;5,4;5,5;5,3;5,5;6,0;6,2;6,2;6,2;5,9;5,6;5,6;6,0;6,4;6,5;6,3;6,2;5,6;5,3;4,9;4,8;4,8;4,7;4,7;4,8;5,0;5,1;5,1;5,0;4,4;4,1;4,3;4,3;4,3;4,2;4,2;4,2;4,7;5,0;4,9;4,7;4,6;4,4;4,5;4,3;4,1;4,1;4,3;4,4;4,8;5,3;5,2;4,9;4,8;4,6;4,5;4,8;4,9;4,7;4,8;5,2;5,5;5,8;5,9;5,4;5,2;5,3;5,5;5,7;5,7;5,9;5,9;5,8;6,3;6,6;6,9;6,9
Powiat milicki;030210413000;18,5;19,0;18,6;17,6;17,1;16,3;16,2;15,9;16,3;16,2;16,8;17,2;18,1;18,3;18,3;17,5;16,9;16,3;16,4;16,3;16,6;16,8;17,3;17,9;19,2;19,3;19,2;18,5;17,8;17,0;16,9;16,8;16,8;17,0;17,7;18,1;18,9;19,0;18,2;17,8;17,4;16,7;16,2;16,0;15,2;14,6;14,6;14,5;15,5;15,5;15,0;14,1;13,4;12,5;12,2;12,0;11,4;11,2;11,7;12,0;12,8;12,8;12,1;11,6;11,0;10,5;10,6;10,6;10,4;10,2;9,9;9,8;10,2;10,0;9,5;8,9;8,4;8,1;8,2;8,2;7,8;7,7;7,7;7,8;7,8;7,3;7,2;6,8;6,7;6,4;6,4;6,5;6,6;6,4;6,7;6,8;7,2;7,1;6,8;6,7;6,5;6,3;6,3;6,5;6,5;6,1;6,4;6,4;6,7;6,6;6,6;7,2;7,4;7,5;7,2;7,0;6,6;6,6;6,7;6,9;7,2;7,2;6,8;6,4;6,4;6,0;5,7;5,8;5,5;5,3;5,3;5,8;6,1;6,0;6,0;6,1;5,8;5,7;5,8;6,0;6,1;6,2;6,3;6,3;6,9;7,0;6,5;6,2;5,9;5,9;6,0;6,1;6,1;6,1;6,2;6,4;6,9;7,0;6,9;6,7;6,6;6,4;6,0;6,2;6,3;6,0;5,9;6,1;6,9;7,0;6,7;6,4;6,4;6,5;6,6;6,8;7,1;7,1;7,3;7,3;7,8;8,0;8,0;7,9
Powiat oleśnicki;030210414000;17,0;17,0;16,4;15,5;15,1;14,6;14,4;14,5;14,2;14,2;14,6;14,9;16,2;16,4;16,1;15,4;15,0;14,6;14,6;14,7;14,8;15,1;15,6;16,0;17,1;17,4;17,0;16,8;16,4;15,9;15,9;15,6;15,6;15,7;15,8;16,0;16,5;16,6;15,8;15,2;14,4;13,7;13,5;13,1;12,7;12,3;12,2;12,0;12,6;12,8;12,5;12,0;11,3;10,9;10,7;10,6;10,4;10,2;10,0;9,8;10,4;10,3;10,1;9,6;9,0;8,5;8,3;8,2;8,1;7,9;8,0;8,0;8,5;8,3;8,2;7,7;7,3;6,9;6,9;6,9;6,9;6,6;6,2;6,1;6,5;6,6;6,3;6,1;5,7;5,5;5,4;5,5;5,5;5,3;5,3;5,4;5,8;5,8;5,6;5,4;5,1;5,0;5,1;5,2;5,2;5,2;5,2;5,2;5,6;5,4;5,3;5,9;6,4;6,5;6,6;6,8;6,9;6,9;6,7;6,7;7,0;6,9;6,8;6,9;6,6;6,5;6,4;6,3;6,0;5,8;5,7;6,0;6,3;6,4;6,3;6,2;6,0;5,8;6,0;6,0;6,1;6,1;6,1;6,0;6,4;6,5;6,3;6,0;5,9;5,9;6,0;6,0;6,1;6,0;5,8;5,8;6,2;6,3;6,2;6,0;5,8;5,8;6,0;5,9;6,0;6,0;6,0;5,9;6,3;6,4;6,3;6,0;6,1;6,2;6,5;6,8;7,0;7,0;6,9;7,0;7,3;7,5;7,5;7,6
Powiat oławski;030210415000;11,9;11,9;11,8;11,4;10,7;10,3;10,7;10,9;10,5;10,4;10,7;10,6;11,1;11,3;10,9;10,6;10,3;10,0;10,3;10,6;10,5;10,6;11,1;11,9;12,8;12,8;13,1;13,0;12,7;12,5;12,7;13,0;13,2;13,0;13,1;12,7;13,2;13,1;12,7;12,4;10,0;9,5;9,6;9,7;9,3;9,0;9,0;8,7;9,0;9,0;8,8;8,5;8,2;7,9;7,9;8,0;7,7;7,4;7,6;7,8;8,1;8,1;7,9;7,7;7,4;7,2;7,3;7,3;7,0;6,8;6,9;7,0;7,2;7,1;6,7;6,6;6,4;6,1;6,2;6,4;6,2;5,9;5,7;5,6;5,8;5,7;5,7;5,7;5,6;5,4;5,5;5,4;5,4;5,2;5,2;5,4;5,6;5,6;5,5;5,3;5,2;5,0;5,2;5,2;5,2;4,7;4,4;4,4;4,5;4,4;4,4;4,6;4,9;5,1;5,3;5,4;5,1;4,9;4,9;4,9;5,0;5,1;4,9;4,8;4,7;4,7;4,6;4,3;4,1;4,0;3,8;4,0;4,2;4,2;4,2;4,3;4,1;4,0;4,0;4,0;4,1;4,2;4,3;4,2;4,6;4,6;4,5;4,4;4,3;4,3;4,3;4,2;4,2;4,0;4,0;3,9;4,2;4,5;4,5;4,4;4,3;4,3;4,4;4,5;4,5;4,4;4,4;4,3;4,7;4,9;4,7;4,6;4,6;4,6;4,9;4,9;5,0;5,1;5,1;5,0;5,3;5,5;5,7;5,7
Powiat strzeliński;030210417000;18,2;18,8;18,5;18,2;16,8;16,1;15,9;15,6;14,8;14,7;15,0;15,6;17,1;17,4;17,6;17,7;17,7;17,5;17,4;17,4;16,9;16,9;17,5;18,8;20,0;20,8;20,4;20,1;19,5;18,5;18,5;18,4;17,9;17,5;17,5;18,0;19,1;18,7;18,8;18,1;17,4;16,8;16,5;16,3;15,9;14,9;14,9;15,1;16,0;16,6;16,0;15,9;14,7;14,2;13,8;13,7;13,1;12,6;12,8;13,3;14,4;14,3;14,4;13,9;13,6;13,4;13,4;13,1;12,4;12,2;12,3;12,3;13,1;13,1;12,8;12,5;12,2;12,1;12,0;11,9;11,3;11,0;10,7;11,0;11,4;11,4;11,2;10,9;10,8;10,6;10,6;10,6;10,5;10,3;10,3;10,5;10,8;10,7;10,5;10,2;10,1;9,6;9,8;9,8;9,6;9,5;9,4;9,7;10,1;10,2;10,2;10,7;11,1;11,2;11,3;11,4;11,3;11,1;10,9;11,2;11,5;11,7;11,7;11,3;11,1;10,9;10,8;10,9;10,7;10,5;10,5;11,8;11,9;12,0;12,2;11,9;11,8;11,5;11,5;11,3;11,3;11,1;10,9;10,4;11,1;11,0;10,9;10,8;10,8;10,8;10,6;10,6;10,3;10,1;9,9;10,4;11,0;11,3;11,2;11,0;10,9;10,7;10,7;10,9;10,9;10,7;10,4;10,7;11,3;11,5;11,7;11,2;11,3;11,0;11,4;11,7;11,9;11,7;11,9;12,1;12,5;12,6;12,4;12,4
Powiat średzki;030210418000;14,0;14,1;13,8;13,2;12,7;12,2;11,9;11,9;12,0;12,2;12,6;13,2;14,0;14,6;14,4;14,2;13,8;13,4;13,2;13,2;13,1;13,4;13,7;14,0;15,1;15,3;15,1;14,6;14,0;13,5;13,4;13,1;13,2;13,3;13,2;13,1;13,8;14,0;13,6;13,1;12,5;11,8;11,6;11,1;10,8;10,5;10,5;10,5;11,1;11,2;10,7;10,5;10,4;9,9;9,4;9,0;8,7;8,5;8,5;8,2;8,7;8,8;8,7;8,5;8,1;8,0;7,7;7,6;7,4;7,2;7,4;7,3;7,4;7,4;7,2;7,0;6,6;6,4;6,5;6,3;6,4;6,2;6,2;6,0;6,2;6,1;6,0;5,9;6,0;5,7;5,6;5,6;5,7;5,7;5,5;5,5;5,7;5,7;5,5;5,4;5,2;5,1;5,1;5,0;5,0;4,7;4,8;4,8;4,9;4,9;4,7;4,9;5,2;5,5;5,7;5,8;5,9;5,9;5,7;5,8;6,0;6,0;5,9;5,8;5,7;5,7;5,6;5,7;5,6;5,5;5,3;5,8;5,8;5,7;5,6;5,7;5,5;5,3;5,2;5,0;4,9;4,8;4,7;4,7;5,0;4,9;4,7;4,8;4,6;4,6;4,4;4,5;4,6;4,5;4,4;4,6;4,9;5,1;5,1;4,8;4,8;4,8;4,9;4,9;5,0;4,9;5,0;5,0;5,3;5,5;5,4;5,3;5,2;5,3;5,5;5,7;5,7;5,4;5,2;5,5;5,9;6,1;6,3;6,2
Powiat trzebnicki;030210420000;14,7;15,3;14,8;14,2;13,6;12,8;12,4;12,6;12,5;12,5;12,7;12,6;13,7;14,0;13,6;13,4;13,0;12,4;12,2;12,5;13,0;13,1;13,6;14,5;16,0;16,3;16,3;16,2;15,8;15,0;14,5;14,4;14,1;13,9;14,3;14,4;15,4;15,1;14,3;13,4;12,6;11,8;11,4;11,1;11,2;10,7;10,9;10,9;11,8;11,5;10,9;10,5;10,1;9,6;9,1;9,0;8,9;8,8;8,7;9,0;9,6;9,6;9,4;9,1;8,7;8,4;8,2;8,3;8,2;8,1;8,1;7,9;8,4;8,3;7,9;7,7;7,4;7,2;7,0;7,1;7,0;6,6;6,6;6,7;6,9;6,8;6,6;6,5;6,2;6,0;6,0;6,1;6,0;5,9;5,9;5,8;6,2;6,1;5,9;5,7;5,6;5,4;5,3;5,4;5,3;5,1;5,0;5,1;5,3;5,2;5,2;5,6;5,8;6,1;6,1;5,9;5,7;5,4;5,5;5,5;5,8;5,9;5,7;5,7;5,4;5,2;5,0;5,0;4,8;4,7;4,6;5,1;5,2;5,2;5,1;5,1;4,9;4,8;4,7;4,9;4,9;4,8;4,8;4,8;5,1;5,1;5,0;4,9;4,8;4,8;4,8;4,9;5,1;4,9;4,9;5,0;5,3;5,4;5,3;5,2;5,1;5,0;5,0;5,1;5,1;5,0;5,0;5,1;5,4;5,5;5,4;5,3;5,3;5,4;5,6;5,9;5,9;5,9;5,8;6,0;6,2;6,3;6,4;6,3
Powiat wołowski;030210422000;21,9;22,5;22,4;21,8;20,9;19,8;19,1;19,3;19,3;19,3;19,3;20,2;21,1;21,2;20,9;20,7;20,3;19,9;20,1;20,4;20,5;20,8;21,4;22,3;22,8;23,1;23,0;22,5;21,7;21,2;21,2;20,8;20,8;20,8;21,0;21,8;22,3;22,2;21,4;20,6;19,5;19,1;18,8;18,3;17,8;17,5;17,7;18,3;19,0;18,9;18,5;17,8;17,0;15,7;14,4;14,2;14,2;14,5;14,6;15,0;15,7;15,6;15,3;14,3;14,5;13,9;13,9;13,6;13,5;13,9;14,5;14,4;14,8;14,8;14,3;13,6;13,3;13,0;12,9;12,7;12,5;12,2;12,3;12,1;12,3;12,1;11,8;11,4;11,2;10,9;11,0;11,0;11,0;10,8;10,8;11,3;11,9;11,9;11,6;11,2;11,1;10,8;10,9;10,9;10,5;10,5;10,6;10,6;11,2;11,1;11,2;11,4;11,7;11,8;11,9;11,9;11,9;11,9;11,8;11,7;12,0;12,1;11,9;11,7;11,6;11,3;11,3;11,2;11,2;11,1;11,2;12,2;12,4;12,4;12,2;12,1;11,8;11,4;11,3;11,3;11,3;11,4;11,4;11,2;11,7;11,5;11,4;11,0;10,8;10,7;10,9;10,9;11,0;11,0;10,9;11,2;11,4;11,5;11,3;11,0;10,9;10,6;10,2;10,4;10,3;10,3;10,4;10,3;10,7;10,5;10,5;10,3;10,2;10,2;10,4;10,5;10,9;10,9;10,9;11,0;11,5;11,6;11,4;11,4
Powiat wrocławski;030210423000;5,2;5,5;5,5;5,3;5,0;4,7;4,6;4,6;4,5;4,4;4,5;4,5;4,8;5,0;5,0;5,0;5,0;4,9;4,9;4,9;5,0;5,0;5,3;5,7;6,0;6,1;6,1;5,9;5,7;5,4;5,3;5,2;5,1;5,2;5,3;5,3;5,4;5,4;5,4;5,3;5,1;5,0;4,8;4,7;4,6;4,4;4,4;3,9;4,0;4,0;3,9;3,8;3,7;3,7;3,6;3,5;3,5;3,5;3,4;3,4;3,6;3,6;3,5;3,4;3,3;3,2;3,1;3,1;3,0;2,9;2,9;2,7;2,8;2,8;2,7;2,6;2,5;2,5;2,5;2,4;2,3;2,2;2,1;2,0;2,1;2,2;2,1;2,1;2,1;1,9;2,0;1,9;1,9;1,8;1,9;1,8;1,9;1,9;1,9;1,8;1,8;1,7;1,7;1,7;1,7;1,6;1,6;1,6;1,6;1,7;1,7;1,8;2,0;2,1;2,3;2,3;2,3;2,2;2,2;2,0;2,1;2,2;2,2;2,2;2,3;2,2;2,2;2,2;2,1;2,0;1,9;1,8;1,8;1,8;1,7;1,6;1,6;1,5;1,6;1,6;1,6;1,5;1,5;1,4;1,5;1,5;1,5;1,4;1,4;1,4;1,4;1,4;1,4;1,3;1,4;1,4;1,5;1,5;1,5;1,5;1,5;1,5;1,5;1,5;1,5;1,5;1,5;1,5;1,6;1,6;1,7;1,7;1,7;1,8;1,9;2,0;2,0;2,0;2,0;2,0;2,1;2,2;2,2;2,3
Powiat m. Wrocław;030210564000;5,7;5,8;5,9;5,7;5,5;5,2;5,1;5,0;4,9;4,9;4,8;5,0;5,2;5,4;5,4;5,3;5,3;5,2;5,2;5,2;5,2;5,3;5,6;5,7;6,0;6,1;6,2;6,1;5,9;5,7;5,7;5,6;5,6;5,5;5,7;5,5;5,6;5,5;5,5;5,4;5,2;5,0;5,0;4,9;4,8;4,6;4,5;4,1;4,2;4,1;4,1;4,0;3,9;3,8;3,7;3,7;3,5;3,5;3,4;3,3;3,4;3,5;3,4;3,3;3,2;3,1;3,1;3,1;3,0;2,9;2,8;2,7;2,8;2,7;2,7;2,6;2,6;2,5;2,5;2,4;2,4;2,2;2,2;2,1;2,2;2,2;2,2;2,1;2,1;2,0;1,9;1,9;1,9;1,8;1,9;1,9;1,9;1,9;1,9;1,8;1,8;1,7;1,7;1,7;1,6;1,6;1,7;1,6;1,7;1,7;1,7;1,9;2,1;2,2;2,3;2,4;2,4;2,3;2,3;2,4;2,5;2,6;2,6;2,6;2,6;2,5;2,5;2,4;2,3;2,2;2,1;1,9;1,9;1,9;1,8;1,7;1,7;1,6;1,6;1,6;1,6;1,6;1,6;1,6;1,7;1,7;1,7;1,6;1,6;1,6;1,6;1,6;1,6;1,6;1,6;1,6;1,6;1,7;1,7;1,7;1,7;1,7;1,7;1,7;1,7;1,6;1,6;1,7;1,7;1,8;1,8;1,8;1,8;1,9;2,0;2,2;2,2;2,2;2,2;2,3;2,3;2,4;2,5;2,5
Powiat brzeski;031613101000;22,5;22,0;21,7;21,0;20,5;19,8;19,8;20,1;20,2;19,7;19,7;20,3;21,6;22,5;21,9;21,3;21,0;20,1;19,5;19,4;19,2;18,9;19,4;21,0;22,2;22,4;22,9;22,6;21,9;21,6;21,6;21,5;21,4;21,4;21,9;22,7;23,4;22,8;22,2;21,6;21,2;20,5;20,3;20,1;19,4;18,2;17,9;17,2;17,1;17,1;16,9;16,6;15,5;14,5;14,0;13,8;13,4;13,3;13,4;13,8;14,4;14,4;14,3;14,0;13,6;13,6;13,5;13,4;13,1;12,7;12,5;12,6;12,8;12,9;12,6;12,3;12,1;11,7;11,7;11,5;10,9;10,1;9,9;10,4;10,5;10,3;9,7;9,3;8,7;8,7;8,8;8,6;8,5;8,4;8,5;8,9;9,3;9,1;8,6;8,1;7,7;7,7;7,8;8,0;7,6;7,5;7,5;7,8;8,2;8,2;8,1;8,7;9,0;9,2;9,2;9,1;8,9;8,8;8,7;8,8;9,1;9,2;9,1;8,9;8,5;8,4;8,5;8,5;8,3;8,2;8,1;8,3;8,5;8,4;8,3;8,2;7,9;7,7;7,7;7,9;7,8;7,9;7,7;7,9;8,6;8,9;9,0;8,8;8,6;8,6;8,1;7,9;7,7;7,7;7,9;8,4;8,8;8,7;8,4;8,1;7,9;7,9;7,8;8,2;8,0;8,0;8,0;8,2;8,8;9,0;8,9;8,6;8,5;8,3;8,8;8,9;8,9;8,7;8,5;8,6;8,9;8,8;8,9;8,8
Powiat głubczycki;031613102000;18,8;19,0;18,3;17,8;17,2;16,5;16,6;16,2;16,1;16,3;16,7;18,0;19,1;19,5;19,1;18,7;18,5;18,1;18,0;18,1;18,5;18,2;18,7;19,8;20,8;21,0;20,6;19,7;18,9;18,2;17,7;17,7;17,4;17,1;18,1;19,1;19,9;20,1;19,5;19,1;18,7;17,7;16,8;16,6;16,2;15,8;16,2;16,7;17,5;17,9;17,4;16,5;16,1;14,9;13,7;13,4;13,3;13,3;13,3;14,1;14,9;14,8;14,3;13,7;13,2;13,4;13,2;12,9;12,3;12,4;12,5;13,4;14,1;13,6;13,2;12,3;12,1;11,5;11,1;11,1;11,1;10,7;10,5;11,1;11,7;11,5;11,2;10,7;10,2;9,8;9,7;9,5;9,4;9,1;9,1;9,5;10,2;10,1;9,6;9,1;9,0;8,8;8,5;8,3;8,3;8,2;8,7;9,1;9,7;9,9;9,6;10,2;10,7;10,7;10,6;10,2;9,9;9,9;10,0;10,6;11,2;11,1;10,8;10,5;10,2;9,9;9,7;9,3;9,0;8,8;8,8;10,6;10,9;10,8;10,8;10,6;10,3;9,8;9,8;9,8;9,9;9,6;9,7;10,0;10,7;10,7;10,6;10,3;10,2;10,4;10,1;9,9;9,7;9,6;9,6;10,3;10,6;10,7;10,5;10,0;9,7;9,6;9,7;10,1;10,1;10,0;10,2;10,6;11,2;11,4;11,2;10,6;10,5;10,4;10,9;11,2;11,4;11,5;11,7;11,8;12,2;12,3;12,5;12,4
Powiat namysłowski;031613106000;19,1;19,8;19,4;18,9;18,8;17,8;17,6;17,5;17,4;17,8;17,8;18,1;18,8;19,0;18,8;18,1;17,8;17,5;17,1;17,5;18,0;17,9;18,0;19,2;19,8;20,3;20,0;19,4;19,3;18,8;18,7;18,8;19,2;18,8;19,0;19,1;19,8;19,7;19,4;18,5;18,1;17,5;17,4;17,3;16,8;16,6;16,4;17,0;17,4;17,2;16,7;16,2;15,9;14,6;13,4;13,4;12,8;12,6;12,5;12,4;12,9;12,5;11,9;11,4;12,2;12,0;11,4;11,7;12,0;11,7;11,5;11,6;12,1;11,5;11,1;10,4;10,2;10,0;9,9;9,9;10,0;9,6;9,3;9,1;9,2;8,7;8,1;7,6;7,4;7,3;7,2;7,0;7,1;7,1;7,2;7,8;8,4;8,0;8,1;7,9;8,0;7,7;7,8;7,9;7,8;7,8;7,9;7,5;8,0;7,6;7,5;7,9;8,4;8,3;8,4;8,5;8,3;8,4;8,6;8,6;9,1;9,0;9,0;8,8;8,9;8,7;8,8;8,8;8,8;8,7;8,5;9,0;9,4;9,1;9,0;9,0;8,9;8,9;9,1;9,1;9,3;9,2;9,1;8,9;9,4;9,4;9,3;9,2;9,2;9,4;9,3;9,3;9,2;9,0;8,9;9,1;9,6;9,3;9,0;8,8;8,8;9,0;9,0;9,2;9,2;9,0;8,9;9,2;9,9;9,6;9,4;9,4;9,1;9,3;9,6;9,8;9,9;9,7;9,3;9,5;10,1;10,4;9,9;10,0
Powiat nyski;031613107000;21,4;21,5;20,8;19,6;18,4;17,7;17,5;17,7;17,9;18,0;18,3;19,0;20,2;20,8;20,4;20,0;19,3;18,9;19,0;19,1;19,4;19,5;20,5;21,4;23,8;24,2;24,3;23,9;22,3;20,1;20,0;19,7;19,6;19,7;20,4;20,2;22,4;22,1;21,2;19,9;19,2;18,0;17,5;17,1;16,3;15,6;15,6;16,8;18,1;18,2;17,5;16,7;15,9;14,9;14,2;13,7;13,2;13,2;13,5;14,3;15,6;15,8;15,2;14,2;13,1;12,6;12,0;11,6;11,5;11,3;11,4;12,0;12,9;13,1;12,6;11,9;11,1;10,1;9,7;9,5;9,3;8,4;8,6;9,4;10,0;9,9;9,5;9,1;8,1;7,6;7,7;7,7;7,6;7,4;7,5;7,8;8,4;8,4;8,2;7,5;7,2;6,8;6,9;7,0;7,0;6,8;6,8;7,2;7,9;8,0;7,8;8,7;9,1;9,1;8,8;8,9;8,9;8,9;8,8;8,9;9,6;9,8;9,4;9,1;8,8;8,6;8,3;8,1;7,6;7,4;7,4;8,4;8,8;9,2;9,0;8,7;8,3;8,0;7,7;7,8;7,7;7,7;7,4;7,3;8,1;8,2;8,1;7,9;7,6;7,5;7,2;7,1;6,8;6,8;6,8;7,3;8,0;8,2;7,7;7,5;7,2;7,0;6,9;7,1;7,0;6,9;7,0;7,1;8,1;8,3;7,8;7,6;7,3;7,2;7,5;7,8;7,8;7,7;7,8;8,0;8,8;9,0;9,1;9,0
Powiat prudnicki;031613110000;19,2;19,1;18,5;17,8;17,1;17,1;16,8;16,9;17,6;17,5;17,8;18,6;19,4;19,7;19,8;18,8;18,5;18,4;18,1;18,0;18,0;18,0;18,5;19,5;20,6;20,8;20,4;20,3;19,4;18,9;18,8;18,8;19,3;19,2;19,5;20,4;20,9;20,3;19,6;18,9;18,0;17,4;17,1;17,0;16,8;16,8;17,2;17,8;18,3;18,1;18,0;17,2;16,7;15,9;14,8;14,5;14,3;13,6;13,6;15,2;15,2;15,0;14,5;14,0;13,5;13,0;13,1;13,1;13,0;12,9;13,0;13,5;13,8;13,4;12,8;12,0;11,3;10,4;9,8;9,8;9,8;9,2;9,3;10,1;10,3;10,0;9,5;9,1;8,6;8,3;8,3;8,2;8,4;8,2;8,9;9,9;10,0;9,6;9,3;9,1;9,0;8,8;8,9;8,8;8,6;8,5;8,5;8,9;9,1;8,9;8,9;9,7;10,1;10,0;10,0;9,9;9,7;9,4;9,5;9,7;10,2;9,9;9,3;9,1;8,9;8,7;8,6;8,7;8,8;8,3;8,2;9,1;9,3;9,0;9,3;9,3;9,2;9,0;8,7;8,9;9,0;9,0;9,0;9,1;9,6;9,7;9,6;9,4;9,2;9,4;9,2;9,0;8,8;8,5;8,5;9,2;9,5;9,5;9,3;9,2;9,2;9,2;9,0;9,3;9,4;9,3;9,2;9,8;10,2;10,0;9,7;9,3;9,1;9,0;9,3;9,5;9,8;10,0;10,0;10,5;11,0;10,9;11,1;11,0
Powiat kędzierzyńsko-kozielski;031613203000;14,4;14,5;14,2;13,5;13,0;12,3;12,3;11,9;12,3;12,2;12,6;12,9;14,0;14,4;14,2;13,8;13,7;13,3;13,2;13,4;13,5;13,7;13,8;14,5;15,5;15,8;15,9;15,6;15,2;14,7;14,5;14,2;14,4;14,3;14,6;14,7;15,4;15,4;14,8;14,0;13,4;12,9;12,8;12,5;12,3;12,3;12,4;12,3;12,6;12,6;12,2;11,7;11,4;11,2;10,8;10,8;10,7;10,6;10,7;11,8;11,9;11,8;11,4;11,0;10,8;10,4;10,2;10,3;10,0;10,0;10,0;10,2;10,4;10,5;9,8;9,5;9,2;8,8;8,8;8,9;8,9;8,3;8,5;9,1;9,0;8,9;8,7;8,4;8,1;7,9;7,9;7,7;7,5;7,6;7,7;8,1;8,2;7,9;7,6;7,3;7,1;6,8;6,9;7,0;6,9;6,8;6,9;7,5;7,7;7,5;7,4;7,8;8,0;8,0;8,0;8,1;8,2;8,0;8,1;8,3;8,7;8,7;8,5;8,3;8,1;7,9;7,8;7,9;7,6;7,4;7,4;8,1;8,2;8,1;7,8;7,5;7,4;7,0;7,1;7,2;7,2;7,2;7,4;7,4;7,8;7,7;7,4;7,3;7,3;7,4;7,4;7,2;7,0;6,7;6,7;7,4;7,3;7,2;6,8;6,7;6,5;6,4;6,3;6,5;6,5;6,4;6,4;6,5;6,9;7,1;7,0;6,8;6,4;6,4;6,8;7,0;7,2;7,1;7,4;7,4;7,8;7,8;7,9;7,8
Powiat kluczborski;031613204000;16,7;17,0;16,7;16,0;15,2;14,7;14,6;14,4;13,9;14,0;14,3;15,2;16,0;16,3;15,8;15,1;14,5;14,1;13,8;13,6;13,8;13,7;14,1;15,2;15,9;16,0;15,6;14,8;14,1;14,2;14,1;14,2;14,1;14,2;14,7;14,9;15,3;15,0;14,4;14,2;13,7;13,2;13,0;12,7;12,6;12,2;12,5;12,3;12,9;12,9;12,7;12,8;12,1;11,6;10,6;10,3;10,1;10,0;10,2;10,7;11,3;11,3;10,9;10,5;10,1;9,9;9,5;9,7;9,5;9,5;9,5;9,6;10,0;9,9;9,5;9,1;8,6;8,4;8,2;8,1;7,8;7,7;7,9;8,1;8,2;8,1;7,9;7,4;7,0;6,7;6,9;6,8;6,7;6,8;7,1;7,6;8,0;7,6;7,5;7,2;7,0;6,9;7,1;7,1;6,9;6,9;6,8;7,2;7,6;7,5;7,4;7,9;8,4;8,4;8,4;8,2;8,3;8,3;8,3;8,7;9,0;9,0;8,6;8,2;7,9;7,8;7,9;7,7;7,3;7,3;7,1;7,9;8,1;7,8;7,5;7,3;7,2;7,1;7,2;7,0;6,7;6,8;7,0;6,9;7,2;7,2;7,2;7,1;7,2;7,3;7,2;6,8;6,6;6,7;6,6;6,8;7,3;7,0;6,7;6,6;6,3;6,2;6,4;6,6;6,4;6,4;6,5;6,7;7,1;6,8;6,4;6,1;6,0;6,1;6,2;6,4;6,4;6,4;6,4;6,7;7,1;7,2;7,2;7,1
Powiat krapkowicki;031613205000;11,6;11,5;10,9;10,2;9,6;9,0;9,1;9,1;9,2;9,3;9,6;10,1;10,8;11,0;10,4;10,1;10,0;9,7;9,7;9,9;10,1;10,1;9,9;10,9;11,8;11,8;11,6;11,4;10,8;10,3;10,0;9,7;9,9;9,9;10,1;9,8;10,2;10,0;9,7;9,2;9,0;8,8;8,7;8,7;8,6;8,4;8,4;8,6;8,9;8,7;8,3;7,9;7,7;7,7;7,6;7,6;7,5;7,3;7,3;7,9;8,2;8,0;7,5;7,2;6,9;6,6;6,3;6,3;6,3;6,3;6,3;6,8;6,9;7,0;6,5;6,3;6,1;5,9;5,8;5,8;5,6;5,4;5,3;5,5;5,7;5,6;5,5;5,1;5,0;4,9;4,9;5,0;4,9;5,0;5,1;5,4;5,5;5,5;5,3;5,0;4,9;4,9;4,9;4,9;5,1;4,9;5,1;5,5;5,8;5,6;5,7;6,2;6,4;6,3;6,2;6,2;6,1;6,0;5,8;5,9;6,1;6,1;5,8;5,7;5,6;5,5;5,5;5,5;5,4;5,3;5,4;5,9;6,1;6,1;5,9;5,6;5,5;5,3;5,3;5,3;5,4;5,3;5,3;5,1;5,4;5,4;5,2;5,1;4,9;5,0;5,0;4,9;4,7;4,8;4,8;5,1;5,4;5,2;5,1;5,0;4,9;4,7;4,7;4,8;4,8;4,7;4,7;4,6;5,1;5,0;4,8;4,7;4,8;4,7;4,8;5,0;5,1;5,1;5,3;5,2;5,4;5,6;5,6;5,3
Powiat oleski;031613208000;9,5;9,6;9,2;8,9;8,7;8,5;8,9;8,8;9,0;9,2;9,6;10,2;10,9;10,8;10,7;10,3;10,0;9,7;9,4;9,6;9,8;10,0;10,1;10,6;11,4;11,6;11,6;10,9;10,5;10,1;9,7;9,6;9,8;9,9;10,1;10,2;10,5;10,6;10,0;9,7;9,2;8,9;8,9;8,6;8,8;8,5;8,5;8,6;9,0;9,1;8,6;8,3;7,9;7,5;7,7;7,6;7,7;7,5;7,5;7,4;7,8;7,7;7,4;7,0;6,6;6,4;6,4;6,4;6,4;6,5;6,5;6,5;6,7;6,6;6,2;6,0;5,7;5,6;5,5;5,3;5,1;4,9;4,9;4,9;5,1;4,9;4,6;4,3;4,2;4,2;4,1;4,1;4,0;4,2;4,3;4,1;4,3;4,3;4,1;3,8;3,8;3,7;3,9;3,8;3,8;3,8;3,8;4,1;4,3;4,2;4,3;4,7;4,9;4,9;4,8;4,8;4,8;4,7;4,7;4,8;4,9;4,9;4,7;4,4;4,3;4,2;4,2;4,1;4,0;4,0;3,9;4,6;4,7;4,6;4,6;4,6;4,4;4,4;4,4;4,5;4,6;4,5;4,5;4,4;4,9;4,7;4,8;4,8;4,8;4,8;4,8;4,6;4,5;4,4;4,4;4,5;4,8;4,9;4,7;4,4;4,4;4,4;4,3;4,4;4,4;4,4;4,5;4,7;5,2;5,2;5,0;4,7;4,5;4,5;4,8;4,9;5,0;5,1;5,1;5,2;5,4;5,4;5,3;5,3
Powiat opolski;031613209000;14,0;14,4;14,0;13,2;12,6;12,1;12,1;12,3;12,3;12,4;12,3;12,2;13,0;13,5;13,3;13,0;12,7;12,5;12,5;12,3;12,6;12,9;13,1;13,5;14,5;14,9;15,4;14,9;14,3;13,9;13,6;13,6;13,8;14,0;13,5;14,0;14,7;14,6;14,3;13,8;13,3;12,8;12,6;12,5;12,3;12,1;11,8;11,7;12,1;12,3;11,7;11,4;11,0;10,5;10,4;10,2;10,1;10,0;9,8;10,2;10,7;10,7;10,4;10,0;9,7;9,3;9,2;9,3;9,2;9,1;9,1;9,1;8,7;8,7;8,6;8,2;8,0;7,8;7,8;7,7;7,5;7,0;6,9;7,8;8,0;7,8;7,6;7,2;6,9;6,6;6,6;6,6;6,5;6,3;6,1;6,4;6,6;6,5;6,3;5,9;5,7;5,5;5,5;5,5;5,3;5,2;5,3;5,6;5,8;5,7;5,9;6,7;7,1;7,2;7,2;7,4;7,5;7,3;7,2;7,4;7,7;7,6;7,4;7,1;7,1;6,9;6,8;6,7;6,5;6,4;6,1;6,7;6,7;6,6;6,5;6,4;6,3;6,3;6,1;6,2;6,2;6,1;5,8;5,7;6,2;6,1;5,9;5,8;5,6;5,6;5,8;5,8;5,7;5,5;5,3;5,7;6,0;6,0;5,9;5,6;5,5;5,6;5,6;5,7;5,6;5,5;5,5;5,6;6,1;6,0;5,9;5,5;5,6;5,6;5,8;6,0;6,0;5,8;5,8;6,1;6,5;6,5;6,3;6,0
Powiat strzelecki;031613211000;12,4;12,2;11,8;10,9;10,4;9,7;9,7;9,6;9,7;9,4;9,5;10,2;10,9;11,2;11,0;10,4;10,0;9,9;9,9;9,8;9,6;9,9;10,3;11,3;12,2;12,3;11,9;11,1;10,3;10,1;9,9;9,5;9,4;9,6;9,9;10,6;11,2;11,0;10,3;9,7;9,2;8,9;8,4;8,3;8,2;8,2;8,2;8,2;8,6;8,6;8,1;7,6;7,5;7,2;7,3;7,3;7,2;7,0;7,2;7,4;7,7;7,7;7,3;6,7;6,3;6,1;5,9;5,8;5,8;5,9;6,0;6,6;6,8;6,7;6,2;5,6;5,3;5,1;5,2;5,1;5,1;4,9;5,1;5,6;5,8;5,6;5,4;5,0;4,7;4,6;4,7;4,7;4,7;4,7;4,8;5,1;5,4;5,2;5,2;4,8;4,7;4,7;4,8;4,8;4,8;4,7;4,7;4,9;5,1;5,1;5,0;5,4;5,6;5,4;5,2;5,1;5,3;5,2;5,2;5,4;5,7;5,6;5,2;5,0;4,8;4,5;4,5;4,5;4,4;4,2;4,0;4,6;4,7;4,7;4,3;4,1;4,1;4,0;4,2;4,2;4,2;4,3;4,4;4,4;4,6;4,6;4,4;4,4;4,3;4,3;4,2;4,1;4,1;4,0;4,2;4,4;4,7;4,6;4,3;4,3;4,2;4,1;4,1;4,3;4,4;4,8;4,8;5,0;5,3;5,2;4,9;4,6;4,4;4,4;4,7;4,6;4,7;4,7;4,8;5,2;5,6;5,7;5,6;5,3
Powiat m. Opole;031613261000;6,8;7,0;6,9;6,3;6,1;6,0;6,0;6,0;6,0;6,1;6,1;6,2;6,7;6,9;6,8;6,8;6,8;6,7;6,6;6,6;6,7;6,9;7,0;7,1;7,5;7,7;8,1;7,9;7,5;7,2;7,0;7,1;7,1;7,3;6,8;6,9;7,3;7,2;7,2;6,9;6,6;6,3;6,4;6,3;6,4;6,1;6,0;6,0;6,2;6,2;6,1;5,9;5,8;5,5;5,5;5,5;5,3;5,2;5,1;5,3;5,5;5,5;5,5;5,4;5,2;5,0;4,9;5,0;4,9;4,8;4,8;4,9;5,3;5,2;5,1;4,8;4,8;4,6;4,6;4,6;4,5;4,1;4,0;3,9;4,2;4,0;3,9;3,8;3,7;3,5;3,6;3,5;3,3;3,2;3,2;3,2;3,2;3,1;3,0;2,9;2,8;2,7;2,8;2,8;2,6;2,5;2,6;2,8;2,9;2,9;3,0;3,3;3,5;3,6;3,7;3,8;3,7;3,6;3,6;3,8;4,0;4,0;3,9;3,9;3,8;3,6;3,6;3,6;3,4;3,3;3,2;3,2;3,2;3,2;3,2;3,2;3,1;3,1;3,0;3,1;3,1;3,1;3,0;3,1;3,2;3,2;3,1;3,1;3,0;3,1;3,1;3,1;3,0;3,0;2,8;2,9;3,0;3,0;3,0;3,0;2,9;2,9;3,0;3,0;2,8;2,8;2,9;2,9;3,1;3,1;3,0;2,9;2,9;3,0;3,1;3,2;3,2;3,2;3,1;3,2;3,3;3,4;3,4;3,3
Powiat bydgoski;040410603000;13,5;13,5;13,5;13,1;12,8;12,4;12,0;12,1;12,4;12,4;12,7;12,6;13,3;13,4;13,2;13,2;12,9;12,8;12,8;12,7;12,8;12,9;13,2;13,4;14,1;14,1;14,3;14,0;13,7;13,1;13,1;13,1;13,1;13,0;13,3;13,8;14,3;14,2;13,6;13,1;12,7;12,3;12,1;12,0;12,1;11,9;11,8;11,8;12,2;11,7;11,3;10,7;10,2;9,7;9,4;9,0;9,0;8,9;8,9;8,9;9,3;9,5;9,0;8,8;8,2;7,9;7,9;7,9;7,8;7,8;7,9;7,8;8,2;8,1;7,9;7,6;7,3;7,0;6,9;6,9;6,6;6,5;6,6;6,4;6,7;6,7;6,4;6,1;5,9;5,9;5,7;5,7;5,7;5,7;5,6;5,5;5,9;5,7;5,6;5,2;5,0;4,8;4,7;4,7;4,6;4,4;4,3;4,1;4,4;4,2;4,0;4,2;4,5;4,8;4,8;5,0;5,0;5,0;4,9;5,2;5,5;5,6;5,6;5,5;5,2;5,0;4,9;4,8;4,7;4,4;4,1;3,9;4,0;3,9;3,6;3,4;3,3;3,1;3,1;3,1;3,1;3,3;3,3;3,3;3,7;3,7;3,6;3,6;3,4;3,3;3,2;3,1;3,1;3,0;3,1;3,1;3,5;3,5;3,4;3,3;3,2;3,1;3,1;3,1;3,1;3,1;3,2;3,3;3,6;3,5;3,5;3,5;3,5;3,6;3,9;4,1;3,7;3,5;3,4;3,4;3,7;3,7;3,8;3,7
Powiat toruński;040410615000;20,1;20,6;20,3;19,7;18,9;17,8;17,5;17,3;17,2;16,5;16,4;17,0;18,6;19,0;18,8;18,3;18,0;17,9;17,9;18,2;18,1;17,7;18,1;20,4;22,1;22,1;22,1;21,1;20,5;20,6;20,9;20,6;20,6;20,5;20,5;21,3;22,2;22,3;21,1;20,1;19,4;19,1;19,3;19,1;18,3;17,9;17,3;17,9;19,1;19,4;18,5;17,9;17,4;16,8;16,7;16,5;16,3;15,5;15,4;15,9;16,9;17,0;16,4;15,5;15,0;14,6;14,6;14,5;14,1;13,5;13,4;13,7;14,3;14,4;14,2;13,9;13,4;12,9;12,8;12,8;12,6;12,0;11,9;12,3;12,8;12,8;12,6;12,3;11,7;11,2;11,2;11,2;11,2;10,9;10,9;11,0;11,4;11,2;11,0;10,7;10,3;9,8;9,9;9,9;9,8;9,5;9,3;9,4;10,0;9,8;9,6;10,2;10,6;10,7;10,6;10,7;10,6;10,3;10,7;10,5;10,9;11,2;11,1;10,8;10,5;10,3;10,2;10,2;10,0;9,8;9,5;10,6;10,8;11,0;10,8;10,5;10,2;9,7;9,4;9,6;9,4;9,2;9,0;8,4;9,0;9,1;8,9;8,6;8,3;8,1;8,1;8,0;7,9;7,8;7,8;8,0;8,7;8,8;8,6;8,3;8,2;8,1;8,1;8,2;8,2;8,1;8,1;8,3;9,0;9,0;8,9;8,4;8,3;8,3;8,6;8,9;8,9;8,9;8,7;8,7;9,3;9,4;9,4;9,3
Powiat m. Bydgoszcz;040410661000;8,4;8,4;8,3;8,1;7,9;7,7;7,5;7,6;7,7;7,7;7,6;7,9;8,2;8,5;8,6;8,6;8,5;8,4;8,3;8,2;8,2;8,3;8,4;8,6;9,0;9,4;9,4;9,4;9,4;9,2;9,1;9,0;8,9;8,7;8,7;8,8;9,1;9,1;8,9;8,6;8,4;8,2;8,0;8,0;8,0;7,8;7,7;7,4;7,6;7,5;7,2;6,8;6,5;6,1;6,1;5,8;5,7;5,5;5,5;5,4;5,7;5,7;5,6;5,4;5,2;5,1;5,0;5,0;4,9;4,9;4,9;4,8;5,0;5,0;4,8;4,6;4,4;4,3;4,3;4,3;4,2;4,0;4,0;3,9;4,1;4,0;3,9;3,8;3,8;3,7;3,7;3,7;3,6;3,6;3,6;3,6;3,7;3,7;3,6;3,5;3,4;3,3;3,3;3,3;3,2;3,0;2,9;2,9;3,0;2,9;2,8;2,9;3,2;3,3;3,4;3,5;3,5;3,5;3,4;3,6;3,7;3,7;3,7;3,6;3,5;3,4;3,3;3,2;3,1;2,8;2,7;2,5;2,5;2,4;2,3;2,2;2,2;2,1;2,1;2,1;2,1;2,1;2,2;2,3;2,5;2,5;2,5;2,5;2,4;2,3;2,3;2,2;2,2;2,2;2,3;2,2;2,4;2,4;2,4;2,3;2,3;2,3;2,3;2,3;2,3;2,2;2,3;2,3;2,5;2,5;2,6;2,6;2,6;2,7;2,9;3,0;2,7;2,6;2,6;2,5;2,7;2,8;2,8;2,8
Powiat m. Toruń;040410663000;8,7;9,0;8,8;8,6;8,1;7,7;7,5;7,6;7,7;7,5;7,8;8,1;8,8;9,3;9,5;9,4;9,2;9,1;8,7;9,0;9,2;9,0;9,3;9,6;10,5;10,8;10,7;10,6;10,4;10,3;10,2;10,2;10,1;10,0;10,2;10,4;10,9;10,9;10,7;10,3;9,8;9,4;9,2;9,1;8,9;8,6;8,6;8,1;8,5;8,6;8,1;7,9;7,6;7,4;7,2;7,0;7,1;7,0;6,8;6,9;7,2;7,2;7,0;6,7;6,4;6,0;6,0;6,0;6,0;5,9;5,9;6,1;6,3;6,2;6,0;5,7;5,6;5,4;5,4;5,4;5,4;5,2;5,2;5,2;5,4;5,3;5,1;4,9;4,8;4,7;4,8;4,8;4,7;4,6;4,6;4,7;4,9;4,8;4,6;4,4;4,3;4,1;4,1;4,1;4,0;3,9;4,0;4,1;4,3;4,2;4,1;4,3;4,5;4,5;4,5;4,4;4,4;4,4;4,4;4,7;4,8;4,8;4,8;4,7;4,6;4,4;4,3;4,2;4,0;3,9;3,8;4,0;3,9;3,9;3,8;3,7;3,6;3,5;3,5;3,4;3,4;3,4;3,4;3,6;3,7;3,7;3,5;3,4;3,3;3,2;3,2;3,1;3,0;2,9;3,0;3,1;3,4;3,3;3,3;3,1;3,1;3,0;3,0;3,0;3,0;3,1;3,1;3,3;3,5;3,5;3,5;3,4;3,4;3,3;3,5;3,5;3,6;3,7;3,8;3,9;4,1;4,1;4,1;4,0
Powiat brodnicki;040410702000;17,0;17,3;16,6;15,4;14,8;13,9;13,4;12,7;12,9;13,1;14,0;14,8;16,0;16,3;16,0;15,2;14,6;14,1;13,6;13,4;13,9;13,8;14,6;15,1;16,3;16,7;16,2;15,7;15,1;14,4;14,2;13,8;14,0;14,5;15,1;15,7;16,6;16,8;16,1;15,0;14,2;13,5;13,1;12,9;13,3;13,2;13,1;13,2;13,8;13,9;13,5;12,7;12,2;11,6;11,2;11,0;11,0;11,2;11,3;11,4;12,3;12,4;11,9;11,0;10,5;10,2;9,8;9,5;9,7;9,8;9,8;9,8;10,1;10,1;9,6;9,1;8,6;8,1;7,9;7,8;7,8;7,9;7,9;7,7;8,0;8,0;7,5;7,1;6,9;6,7;6,6;6,6;6,8;6,8;6,9;7,2;7,8;7,9;7,7;7,4;6,8;6,7;6,4;6,4;6,5;6,6;6,7;7,0;7,5;7,5;7,3;7,6;7,9;8,1;7,9;8,0;8,0;7,9;8,0;8,4;8,7;8,8;8,6;8,2;7,9;7,5;7,0;6,5;6,5;6,2;6,2;6,7;7,0;6,9;7,0;6,6;6,4;6,2;6,1;6,0;6,6;6,8;6,8;6,9;7,4;7,5;7,1;6,6;6,3;6,1;6,1;6,2;6,2;6,2;6,5;6,7;7,2;7,4;7,2;6,5;6,3;6,1;6,1;6,5;6,7;6,6;6,6;6,8;7,5;7,6;7,4;6,9;6,4;6,6;7,1;7,1;7,4;7,6;7,5;7,5;8,1;8,1;8,3;8,1
Powiat chełmiński;040410704000;23,2;23,5;23,7;23,6;22,9;21,8;21,4;20,6;20,7;20,6;21,9;22,9;24,0;25,2;25,1;25,0;24,9;23,9;23,9;23,8;23,1;23,4;23,9;24,6;25,9;26,3;25,5;25,1;24,9;24,5;24,1;23,8;24,3;24,4;24,7;24,7;25,3;24,8;23,6;22,6;22,4;22,3;21,9;21,8;21,2;20,0;19,9;20,9;21,7;21,9;21,2;20,6;19,5;18,7;18,7;18,0;17,4;17,3;17,8;17,5;18,5;18,7;17,6;16,9;16,2;15,4;15,2;15,0;15,0;15,1;15,5;15,7;16,3;16,8;16,1;15,2;14,7;14,5;14,5;14,4;14,3;13,3;13,4;13,8;14,5;14,1;13,5;13,2;12,7;12,6;12,3;12,4;12,0;11,8;12,1;12,6;12,9;12,6;12,5;12,0;11,6;11,1;11,2;11,4;11,2;11,6;11,6;11,8;12,7;12,4;12,2;12,8;13,3;13,5;13,2;13,3;13,4;13,2;13,3;13,2;13,5;13,5;13,1;12,8;12,8;12,3;12,1;11,8;11,5;11,4;11,4;12,8;13,3;13,4;13,4;13,3;13,1;12,8;12,9;12,6;12,7;13,1;12,8;12,3;13,3;12,9;12,7;12,6;12,4;12,3;12,1;11,7;11,7;11,8;11,7;11,8;12,2;12,6;12,5;12,4;12,1;12,2;11,8;12,0;11,6;11,9;12,1;12,5;13,2;12,9;12,7;12,5;12,3;12,1;12,5;12,5;12,6;12,6;12,6;13,1;13,7;13,7;13,5;13,4
Powiat golubsko-dobrzyński;040410705000;22,3;23,0;23,1;22,1;21,3;20,2;20,9;21,3;21,1;21,1;21,7;22,3;23,5;24,5;23,8;23,1;22,3;21,8;22,4;22,8;22,7;22,9;23,3;23,4;24,5;24,8;24,9;24,5;23,9;22,8;23,2;23,6;23,5;23,6;24,2;23,6;24,0;24,4;23,9;22,8;22,2;21,1;20,9;20,6;20,5;20,7;20,9;20,1;20,7;20,2;19,7;19,0;18,5;17,4;17,2;17,4;17,3;17,0;16,6;16,7;17,3;16,8;16,3;15,1;14,4;14,0;13,6;13,6;13,9;13,9;13,8;13,5;14,2;14,1;13,5;12,4;12,2;11,8;11,8;11,7;11,5;11,1;10,9;11,0;11,6;11,1;10,9;10,5;10,0;9,3;9,4;9,6;9,6;9,7;10,0;10,2;11,1;10,7;10,4;9,9;9,4;9,4;9,5;9,5;9,5;9,6;9,7;10,0;10,6;10,4;10,4;10,9;11,2;11,3;11,3;11,3;11,3;11,3;11,5;11,9;12,3;12,1;11,8;11,4;11,4;11,1;11,0;10,9;10,7;10,5;10,6;12,1;12,5;12,2;12,1;11,9;11,7;11,4;11,2;11,2;11,1;10,9;10,9;10,6;11,2;11,1;10,9;10,8;10,8;10,7;10,8;10,7;10,4;10,2;10,0;10,2;11,0;10,8;10,5;10,3;10,4;10,3;10,3;10,5;10,5;10,4;10,3;10,6;11,0;10,9;10,6;10,5;10,4;10,3;10,8;10,9;10,9;11,0;10,9;11,1;11,5;11,2;11,1;10,9
Powiat grudziądzki;040410706000;28,7;28,8;28,1;26,8;25,7;24,7;24,3;24,6;24,8;25,1;26,1;27,6;28,8;28,6;27,5;27,0;26,5;26,2;25,9;25,8;25,6;26,0;26,7;28,1;29,6;29,6;28,9;28,7;28,2;26,5;25,4;25,5;25,9;25,6;26,4;26,0;27,1;26,9;26,6;25,5;24,6;23,8;22,9;22,6;21,7;20,8;20,8;20,4;21,4;21,0;20,2;19,2;17,9;17,1;16,9;16,5;15,8;15,5;15,8;16,5;17,3;17,2;16,8;16,8;16,7;16,3;15,7;15,8;15,8;15,2;15,6;16,5;17,4;17,0;16,7;15,8;15,4;14,8;14,4;14,4;14,2;13,6;13,8;14,2;14,8;14,7;14,6;13,9;13,4;13,3;13,0;13,0;13,0;12,7;12,8;13,4;14,0;13,9;13,3;12,9;12,3;11,8;11,1;11,2;10,9;10,7;10,9;10,6;11,2;11,4;11,1;11,8;12,3;12,4;12,8;12,7;12,5;12,2;12,4;12,3;12,9;12,7;12,8;12,7;12,6;12,3;12,3;12,0;12,0;11,9;12,1;13,4;14,0;13,7;13,2;12,7;12,8;12,6;12,5;12,5;12,2;11,8;11,7;11,3;11,4;11,0;10,5;10,3;10,3;10,1;10,0;10,1;10,2;10,0;10,4;10,5;11,1;11,0;10,6;10,6;10,4;10,5;10,1;10,4;10,6;10,5;10,8;11,1;11,7;11,7;11,4;10,9;11,1;11,0;11,0;11,1;11,2;11,1;11,1;11,1;11,4;11,4;11,0;10,6
Powiat rypiński;040410712000;21,0;21,3;20,8;19,2;18,2;17,7;17,5;17,5;17,5;17,7;18,1;19,1;20,2;20,8;20,5;19,0;18,7;18,3;18,2;18,2;18,5;18,7;18,9;20,5;21,9;22,0;22,1;21,3;20,5;20,2;20,1;20,2;20,3;20,2;20,3;21,2;22,0;22,0;21,4;20,2;19,2;18,7;18,2;18,1;17,9;17,6;17,7;18,5;19,3;19,4;18,1;17,1;16,6;16,3;16,0;15,5;15,3;14,8;14,8;15,7;16,7;16,6;15,8;14,8;14,3;13,8;13,5;13,1;12,7;12,8;13,3;13,8;14,5;14,4;13,4;12,4;12,2;11,5;11,4;11,2;11,0;10,7;10,8;11,8;12,5;12,2;11,3;10,5;10,2;10,0;10,1;9,9;9,7;9,7;10,3;11,6;12,1;12,1;11,2;10,7;10,5;10,1;9,6;9,3;8,9;8,8;8,9;9,9;10,7;10,5;9,8;10,1;10,5;10,4;10,2;10,1;9,8;9,6;9,7;10,5;11,1;11,0;10,4;9,8;9,7;9,2;9,1;8,8;8,3;8,1;8,2;10,5;10,8;10,5;9,6;9,2;8,8;8,6;8,7;8,9;8,9;8,4;8,7;8,9;9,8;9,9;8,9;8,5;8,2;8,3;8,4;8,3;8,1;7,8;8,3;9,0;9,7;9,6;8,7;8,3;8,5;8,8;8,7;9,3;9,0;9,2;9,3;10,0;10,8;10,8;10,0;9,2;9,0;8,8;9,2;9,3;9,5;9,7;10,1;10,6;11,3;11,3;10,8;10,5
Powiat wąbrzeski;040410717000;21,9;21,7;21,4;21,1;20,9;20,5;20,7;20,5;20,4;20,8;20,9;21,3;22,2;22,4;22,2;21,8;21,8;21,5;21,3;21,2;21,3;21,3;21,9;22,6;23,9;23,6;23,0;23,0;22,4;21,8;22,0;22,2;22,2;22,0;22,6;22,8;23,5;23,2;23,0;22,4;21,6;20,9;20,8;20,8;20,2;19,8;19,9;20,1;20,4;19,9;19,6;19,1;18,9;18,3;18,2;17,6;17,7;17,4;17,6;17,9;18,8;18,5;18,2;17,4;17,3;16,7;16,6;16,2;16,0;15,8;16,0;16,7;17,0;16,3;16,0;15,4;15,2;14,9;14,8;14,4;14,3;13,8;13,5;13,6;14,0;13,6;13,1;12,6;12,5;12,5;12,4;12,4;12,4;11,8;11,8;12,0;12,5;12,0;11,8;11,5;11,5;11,1;11,0;11,2;10,9;10,8;10,9;11,5;12,1;12,3;11,9;12,9;13,2;13,0;13,0;12,7;12,8;12,4;12,6;13,0;13,4;13,2;12,8;12,6;12,4;11,9;11,8;11,9;11,5;11,3;11,1;11,7;12,0;11,9;11,8;11,4;11,3;10,9;11,0;10,9;11,0;10,9;11,1;12,7;13,5;13,2;12,7;12,2;12,3;12,3;12,3;12,1;12,1;11,9;11,7;12,3;13,0;12,8;12,0;11,8;11,4;11,2;10,9;11,1;11,0;10,9;10,7;11,1;11,9;11,8;11,1;10,6;10,5;10,7;11,0;11,1;11,1;11,0;11,0;11,1;11,6;11,6;11,5;11,3
Powiat m. Grudziądz;040410762000;23,5;23,9;23,4;22,9;22,4;21,7;21,5;21,1;21,2;21,2;21,7;22,3;23,4;23,5;22,8;22,4;22,1;21,8;21,5;21,4;21,6;21,6;21,9;22,6;23,8;24,1;23,8;23,3;22,8;21,9;20,6;20,1;20,0;19,8;20,3;20,9;21,7;21,5;21,0;19,9;19,2;18,4;17,4;17,1;16,5;16,3;16,6;16,4;17,5;17,3;16,7;15,8;14,9;14,3;13,8;13,4;13,4;13,6;13,6;14,2;15,3;15,3;14,9;14,6;14,1;13,7;13,2;13,0;12,8;12,7;12,9;13,0;13,7;13,3;12,8;12,4;12,0;11,6;11,4;11,2;10,9;10,4;10,5;10,6;11,3;11,2;10,7;10,4;9,9;9,5;9,4;9,3;9,4;9,1;9,5;9,2;9,5;9,4;9,0;8,8;8,5;8,2;8,2;8,2;8,0;8,1;8,2;8,4;8,9;9,1;9,1;9,6;10,3;10,5;10,6;10,7;10,9;11,1;11,2;11,7;12,2;12,2;12,1;12,0;12,0;11,8;11,7;11,6;11,6;11,5;11,5;11,5;11,8;11,7;11,5;11,2;11,2;11,0;10,6;10,5;10,4;10,1;10,0;10,0;10,0;9,7;9,5;9,4;9,2;9,0;8,9;9,0;8,9;8,8;9,1;9,2;9,8;9,9;9,6;9,5;9,4;9,2;8,8;9,3;9,3;9,6;9,7;9,6;10,1;10,2;10,0;9,9;9,7;9,7;10,1;10,2;10,3;10,2;10,1;10,1;10,4;10,3;10,2;10,0
Powiat aleksandrowski;040410801000;21,5;21,6;21,1;19,8;19,2;18,7;18,4;18,4;18,8;19,5;20,3;21,2;22,2;22,7;22,4;21,4;20,4;20,3;20,3;20,4;21,3;21,6;22,2;23,6;24,6;24,7;24,3;23,4;22,7;22,4;22,4;22,4;22,9;23,1;23,9;24,2;24,9;25,0;24,5;23,3;22,5;22,2;21,7;21,4;21,5;21,7;21,9;22,3;23,1;22,8;22,2;20,9;19,1;18,4;17,9;18,0;18,0;17,7;18,3;18,9;19,9;20,1;19,4;19,0;17,9;17,0;16,6;16,4;15,8;15,8;16,3;16,9;17,3;17,3;16,8;15,1;14,3;13,7;13,4;13,4;13,2;13,4;13,7;14,2;14,4;14,3;13,9;12,9;12,3;12,0;11,8;11,8;11,8;12,1;12,7;12,9;13,5;13,7;13,1;12,1;11,7;11,1;11,0;10,9;11,0;11,4;11,7;12,2;12,8;12,7;12,6;13,3;13,4;13,4;13,2;13,4;13,5;13,6;14,0;14,8;15,4;15,5;15,3;14,6;14,3;13,6;13,2;12,6;12,0;11,8;11,8;13,5;14,0;13,8;14,0;13,3;12,6;12,1;11,9;11,6;11,8;11,6;11,7;11,3;12,1;12,1;12,0;11,5;11,4;11,1;10,9;10,9;10,9;11,0;10,8;10,9;11,4;11,5;11,3;10,8;10,5;10,2;10,1;9,9;9,8;9,9;10,2;10,2;11,2;11,1;10,9;10,6;10,1;10,0;10,2;10,5;10,8;11,3;11,5;11,8;12,5;12,4;12,1;11,8
Powiat lipnowski;040410808000;30,4;30,8;31,1;30,3;29,9;28,4;28,3;28,2;28,0;27,8;28,5;28,4;29,1;29,0;28,5;27,4;27,1;26,9;26,8;27,1;27,2;27,3;27,6;28,7;30,0;29,8;28,7;28,0;27,2;26,3;26,5;26,9;27,3;27,5;28,1;28,7;28,9;30,3;29,1;27,1;25,7;24,5;23,9;23,6;23,8;23,2;24,2;25,5;27,3;27,5;26,1;24,8;23,2;22,1;21,9;20,9;21,1;20,6;20,7;20,3;21,2;21,3;20,2;20,0;20,1;19,4;19,2;19,5;19,7;19,5;19,6;21,7;22,4;22,0;20,4;19,5;18,9;18,2;17,9;17,3;17,3;17,1;17,4;17,8;18,6;18,7;17,7;17,1;16,5;15,8;15,8;15,5;15,5;15,6;16,0;17,0;18,1;17,5;16,3;15,7;15,1;14,5;14,3;14,5;14,5;14,7;15,3;15,5;16,1;15,3;14,2;14,4;14,8;15,5;15,8;15,2;15,3;15,1;15,3;15,9;17,6;16,8;15,7;15,2;15,0;14,5;14,0;13,9;13,4;12,8;12,6;15,6;16,8;15,8;14,9;13,7;13,1;12,5;12,3;12,7;12,4;12,9;13,4;12,7;14,1;14,4;14,2;13,7;13,5;13,7;12,4;12,3;12,2;12,1;12,8;13,0;13,6;13,5;13,4;13,3;13,6;12,8;12,2;12,5;12,7;12,8;13,0;13,3;14,2;14,0;13,4;13,4;13,1;13,1;13,5;14,0;14,3;14,2;14,2;14,3;14,9;15,5;15,2;15,0
Powiat radziejowski;040410811000;23,6;24,0;23,9;23,1;22,9;22,7;23,1;22,7;22,8;23,3;23,7;23,9;24,6;24,7;23,9;23,0;22,9;22,4;22,6;22,8;22,7;23,1;23,1;24,3;25,2;25,2;24,6;23,6;23,1;22,9;23,7;24,5;25,1;25,2;25,6;26,1;26,1;25,2;24,3;23,6;22,9;22,7;23,1;23,4;23,0;22,3;22,7;22,9;24,0;23,4;23,0;22,4;21,5;21,0;21,0;21,5;21,1;20,8;21,1;21,7;22,8;22,7;22,0;21,1;20,6;20,6;20,1;20,3;20,4;19,6;20,1;20,5;20,9;20,8;20,0;18,9;18,5;17,8;18,0;18,0;18,2;18,0;18,1;18,4;18,3;18,1;17,8;17,0;16,8;16,6;16,2;15,9;15,8;15,9;16,4;16,6;17,5;17,2;16,8;16,3;15,8;15,4;15,2;15,5;15,4;15,5;15,8;16,6;17,3;16,9;16,4;16,7;16,7;16,4;16,2;16,5;15,9;15,7;16,2;16,2;17,0;16,5;16,0;15,4;15,2;14,9;14,7;14,6;14,5;14,3;14,5;18,7;19,1;18,7;17,6;17,0;16,5;16,2;16,2;16,2;16,4;16,7;16,8;15,3;16,1;15,8;15,3;15,2;14,8;14,7;14,5;14,6;14,6;14,3;14,8;16,0;16,7;16,1;15,3;15,1;14,7;14,8;14,2;14,7;14,4;14,3;14,8;15,1;15,8;15,3;14,8;14,2;13,9;13,9;14,1;14,6;14,7;14,5;14,8;15,2;15,7;15,5;14,6;14,4
Powiat włocławski;040410818000;27,0;27,5;27,2;26,2;25,8;25,2;24,8;24,9;25,2;25,4;25,9;27,0;27,7;28,0;27,1;26,3;26,1;25,7;25,6;25,7;25,8;26,4;27,2;28,7;29,6;29,6;28,9;28,3;27,9;27,1;26,3;25,9;26,2;26,3;27,6;27,3;27,8;27,8;27,0;26,2;25,4;25,0;25,1;25,2;25,5;24,7;24,8;25,4;25,9;25,8;24,9;24,0;23,3;22,9;22,1;21,9;21,9;22,2;22,7;23,3;24,0;23,8;23,0;22,3;21,6;21,4;21,0;20,8;21,0;21,1;21,4;22,0;22,3;22,0;21,1;20,0;19,5;18,8;18,6;18,4;18,0;17,8;18,1;18,5;18,7;18,5;17,8;17,2;16,7;16,4;15,8;15,3;15,0;15,0;15,7;15,6;16,1;15,9;15,1;14,6;14,2;14,0;13,9;13,8;13,6;13,5;14,0;13,9;14,3;14,2;13,9;14,4;14,8;14,7;14,7;14,3;14,3;14,2;14,5;14,6;15,2;15,1;14,7;14,3;14,1;13,8;13,7;13,6;13,2;13,0;12,9;16,0;16,4;16,0;15,3;14,7;14,3;14,1;14,0;14,1;14,0;14,0;14,5;13,4;14,2;14,2;13,4;13,0;12,8;12,7;12,6;12,5;12,5;12,5;13,0;12,8;13,5;13,6;13,2;12,9;12,9;12,8;13,2;13,2;13,0;12,8;13,0;14,0;14,7;14,6;14,1;13,8;13,7;13,6;13,9;14,0;14,2;14,2;14,5;14,6;15,1;15,2;14,7;14,7
Powiat m. Włocławek;040410864000;20,0;20,3;20,2;19,7;19,3;18,7;18,4;18,5;18,6;18,9;19,0;19,8;20,5;20,8;20,5;20,3;19,9;19,7;19,4;19,5;19,7;20,1;20,3;21,3;21,9;22,2;22,1;21,9;21,5;20,8;20,3;19,9;19,8;19,5;20,0;20,3;20,9;20,8;20,3;19,9;19,2;18,9;19,0;19,0;19,2;19,0;18,6;18,9;19,3;19,2;18,8;18,5;17,6;16,9;16,6;16,2;16,3;16,5;16,4;16,9;17,3;17,4;17,2;16,6;16,4;16,1;15,7;15,5;15,6;15,5;15,7;16,4;16,6;16,4;15,9;15,2;14,7;14,2;13,9;13,6;13,4;13,1;13,1;12,8;12,8;12,5;12,0;11,7;11,3;11,0;10,7;10,5;10,4;10,2;10,4;10,7;11,0;10,9;10,4;10,0;9,6;9,4;9,3;9,1;8,9;9,0;9,1;9,3;9,6;9,5;9,4;10,0;10,6;10,6;10,4;10,4;10,3;10,2;10,5;10,9;11,3;11,5;11,1;10,8;10,5;10,1;9,9;9,7;9,3;9,0;8,8;8,7;8,9;8,8;8,5;8,4;8,1;8,1;8,0;8,0;7,8;7,8;8,0;8,4;8,8;8,8;8,5;8,3;8,0;8,0;8,0;8,0;7,9;7,8;8,1;8,2;8,6;8,6;8,4;8,3;8,3;8,3;8,3;8,4;8,5;8,4;8,6;8,5;9,0;9,0;8,9;8,8;8,6;8,6;8,7;8,8;8,9;9,0;9,2;9,5;9,9;10,0;9,8;9,7
Powiat inowrocławski;040416707000;22,3;22,8;23,0;22,8;22,6;21,7;21,6;21,0;20,9;20,8;21,3;22,2;22,9;23,4;23,6;23,0;22,6;22,1;21,9;22,0;21,9;21,8;22,7;23,7;24,3;24,8;24,8;24,2;23,6;23,2;23,1;23,0;23,0;22,8;23,2;23,8;24,3;24,6;24,5;23,8;23,1;22,5;22,0;21,6;20,5;19,7;20,1;20,0;20,8;21,1;21,0;20,6;19,7;19,0;18,5;18,5;18,1;17,8;17,9;18,2;18,6;19,1;19,0;18,6;18,1;17,4;16,9;16,8;16,6;16,5;16,8;16,9;17,3;17,5;17,4;16,7;16,1;15,4;15,2;15,2;14,9;14,6;14,5;14,4;14,7;14,7;14,5;14,0;13,5;13,0;12,7;12,4;12,3;12,1;12,3;12,6;13,0;13,1;12,9;12,3;12,0;11,6;11,5;11,3;10,9;10,6;10,6;11,0;11,5;11,6;11,3;11,9;12,5;12,5;12,4;12,5;12,3;12,1;12,3;12,7;13,1;13,4;13,3;13,0;12,7;12,3;12,1;11,9;11,7;11,5;11,6;12,4;12,6;12,8;12,9;12,5;12,1;11,3;10,9;10,6;10,4;10,4;10,5;10,3;11,0;11,2;10,9;10,7;10,5;10,2;10,1;10,0;10,0;9,9;9,9;10,6;11,2;11,2;11,1;10,8;10,5;10,3;10,0;10,2;10,1;10,2;10,4;10,7;11,4;11,5;11,2;10,9;10,7;10,6;10,9;11,2;11,5;11,6;11,8;11,9;12,3;12,5;12,4;12,2
Powiat mogileński;040416709000;22,3;22,9;22,4;22,0;21,7;20,8;20,1;19,7;19,2;19,0;19,4;19,9;20,9;21,2;21,0;20,5;20,2;19,8;19,6;19,3;19,4;19,4;20,1;21,2;22,4;22,9;23,0;22,5;22,5;22,1;21,8;22,0;21,8;21,8;22,3;22,6;23,0;23,0;22,6;21,2;20,9;19,9;19,7;19,3;18,8;18,4;18,4;18,8;19,4;19,3;19,1;18,2;17,8;17,2;17,0;16,6;16,2;16,0;15,9;15,8;16,6;17,0;16,3;15,2;15,2;14,7;14,3;14,5;13,9;13,6;13,6;13,9;14,6;14,3;13,9;12,9;12,4;12,0;12,1;12,3;11,9;11,4;11,3;11,5;12,1;12,2;11,8;11,0;10,8;10,5;10,7;10,6;10,5;10,4;10,7;10,7;11,1;11,1;10,8;10,2;10,0;9,6;9,8;9,8;9,4;9,4;9,4;9,8;10,4;10,5;10,1;10,5;10,9;10,8;10,9;10,8;10,6;10,4;10,6;10,7;11,3;11,1;10,9;10,5;10,4;10,1;9,9;10,0;9,5;9,5;9,6;10,6;11,1;11,0;10,8;10,2;9,9;9,9;10,1;10,2;9,7;9,6;10,1;9,6;10,4;10,7;10,4;9,9;9,7;9,9;10,1;10,0;9,7;9,5;9,5;9,7;10,3;10,4;9,9;9,7;9,4;9,3;9,3;9,4;9,1;9,3;9,4;9,6;10,3;10,4;10,0;9,5;9,3;9,7;10,1;10,2;9,9;9,6;9,9;10,0;10,4;10,7;10,5;10,0
Powiat nakielski;040416710000;24,3;24,5;24,1;22,8;21,9;21,3;20,9;20,7;20,8;21,0;21,9;22,8;24,1;24,5;24,1;23,3;22,6;21,6;21,5;21,5;21,7;21,8;22,5;23,5;25,0;25,4;24,9;24,5;23,6;23,2;22,7;22,2;22,4;22,2;22,8;23,6;24,7;24,3;23,4;22,5;21,7;20,9;20,3;20,1;20,6;20,1;20,7;20,7;21,5;21,5;21,2;20,2;19,0;18,0;17,5;17,3;17,1;17,1;17,3;17,5;18,4;19,0;19,0;17,8;17,5;16,7;16,2;16,1;16,0;15,4;15,3;15,7;16,3;16,0;15,6;14,6;14,2;13,7;13,5;13,5;13,2;12,7;12,7;13,1;13,6;13,6;13,4;12,7;12,3;11,7;11,5;11,4;11,4;11,1;11,1;11,7;12,4;12,2;11,7;11,1;10,9;10,6;10,3;10,4;10,2;10,0;10,1;10,5;11,3;11,2;11,1;11,8;12,3;12,5;12,5;12,5;12,4;12,1;12,2;12,8;13,4;13,0;12,7;12,3;12,1;11,8;11,5;11,4;11,1;10,7;10,6;11,6;12,1;12,2;12,0;11,6;11,4;11,0;10,9;10,8;11,0;10,7;10,7;10,4;10,9;10,8;10,5;10,4;10,1;10,1;9,9;9,7;9,6;9,4;9,4;9,8;10,6;10,8;10,5;10,0;9,8;9,6;9,3;9,6;9,6;9,6;9,7;10,2;10,9;11,0;10,5;10,1;9,8;9,9;10,0;10,2;10,0;10,0;10,1;10,4;10,9;11,1;10,8;10,4
Powiat żniński;040416719000;22,7;23,2;23,5;22,7;22,5;21,9;21,6;21,1;21,0;21,3;22,0;22,4;23,5;24,0;23,9;22,6;21,8;21,1;21,3;21,1;21,1;21,4;22,2;22,7;23,9;24,9;24,2;23,1;22,1;21,6;21,6;21,4;21,6;21,7;22,7;23,0;24,0;24,4;23,4;22,0;21,1;19,9;19,4;19,3;19,5;18,9;19,2;19,3;20,0;20,5;19,8;19,0;18,4;17,5;17,2;17,0;17,0;16,7;16,5;17,0;18,0;18,5;18,1;17,3;16,5;15,9;15,6;15,5;15,2;15,2;15,5;15,5;15,9;16,2;15,8;14,8;14,2;13,4;13,2;12,9;12,7;12,1;11,8;12,2;12,6;12,8;12,3;11,7;11,2;10,7;10,6;10,4;10,2;10,3;10,5;10,6;11,0;11,2;10,7;9,7;9,2;9,1;9,0;8,9;8,8;8,9;9,0;9,4;10,0;10,1;9,6;9,9;10,2;10,3;10,0;9,9;9,9;9,5;9,7;10,2;10,8;11,2;10,6;10,1;9,8;9,3;9,4;9,0;8,9;8,8;8,8;9,7;10,2;10,1;9,7;8,9;8,6;8,3;8,1;8,2;8,3;8,2;8,5;8,9;9,7;9,8;9,3;8,9;8,8;8,9;8,4;8,5;8,5;8,6;8,5;9,1;10,1;10,2;9,6;9,1;8,8;8,8;8,7;8,9;8,8;8,7;8,8;9,3;10,0;10,1;9,6;9,1;9,1;9,0;9,5;9,9;10,0;10,0;10,2;10,4;10,9;11,2;11,1;10,7
Powiat sępoleński;040416813000;26,4;26,7;25,9;24,3;23,4;22,8;23,3;22,2;22,7;23,9;24,7;25,5;26,0;25,7;24,7;23,5;23,1;22,9;23,1;22,8;22,4;22,5;23,3;24,7;25,7;25,5;25,1;24,1;23,3;22,8;23,0;23,0;22,4;22,9;22,9;25,0;25,6;24,7;24,1;22,7;22,0;21,2;21,5;20,8;20,3;19,4;20,5;21,5;22,1;21,3;20,0;19,1;18,7;18,8;19,4;18,1;17,4;16,8;18,0;19,3;19,7;19,6;19,0;17,7;17,3;16,8;17,1;16,2;15,8;15,6;16,0;17,1;17,6;16,8;16,0;15,1;14,6;14,1;14,4;13,8;13,3;13,1;13,3;14,2;14,3;13,6;13,2;12,9;12,5;12,0;12,2;11,9;11,2;11,3;11,6;12,5;12,4;12,4;11,7;11,2;11,0;10,8;11,0;10,7;10,3;10,2;10,5;11,6;11,7;11,3;11,2;11,8;12,2;12,3;12,5;11,9;11,5;11,3;11,7;12,3;12,1;11,7;11,3;11,1;10,9;10,7;10,9;10,6;10,2;10,2;10,3;11,5;11,3;11,0;10,9;10,6;10,4;10,2;10,5;10,4;10,3;10,3;10,2;10,7;11,0;10,7;10,3;10,2;10,1;10,2;10,5;10,3;10,1;10,2;10,3;11,5;11,6;11,3;11,2;10,7;10,7;10,4;10,2;10,5;10,2;10,1;10,2;11,1;11,1;10,8;10,6;10,6;10,7;10,6;11,1;11,3;11,0;10,7;10,5;11,2;11,3;11,1;10,8;10,8
Powiat świecki;040416814000;20,6;20,9;20,5;19,9;19,3;18,5;17,9;17,6;17,2;17,1;17,3;18,3;19,1;18,7;19,0;17,9;17,5;17,1;16,6;16,6;16,7;17,6;17,8;18,8;19,8;20,1;19,9;19,5;19,0;18,2;17,3;17,0;17,4;17,5;17,7;18,2;18,9;19,1;18,6;17,3;16,3;15,3;15,0;14,6;14,7;15,0;15,1;15,2;15,6;15,5;15,0;14,0;13,8;12,4;11,8;11,9;12,0;11,8;12,1;12,3;13,0;13,3;12,8;12,2;11,5;10,9;10,4;10,1;10,0;10,0;10,3;10,3;10,7;10,9;10,9;10,3;9,7;9,0;8,6;8,5;8,5;8,2;8,4;8,5;8,8;8,9;8,9;8,1;7,7;7,2;7,1;6,9;7,0;7,1;7,4;7,5;7,9;7,9;7,5;7,0;6,7;6,4;6,3;6,3;6,5;6,5;6,7;7,0;7,4;7,3;7,2;7,6;7,8;7,8;7,3;7,1;6,7;6,8;6,9;7,2;7,5;7,6;7,6;7,1;6,9;6,4;6,0;5,9;5,9;6,0;6,0;6,5;6,9;6,8;6,5;6,2;6,0;5,7;5,7;5,7;6,1;6,3;6,5;6,2;6,7;6,9;6,5;6,2;5,9;6,0;5,7;5,8;6,0;6,2;6,1;6,3;6,7;6,8;6,6;6,3;6,3;6,1;5,9;6,1;6,2;6,3;6,3;6,5;6,9;6,8;6,7;6,2;6,3;6,3;6,4;6,4;6,5;6,8;6,8;6,9;7,3;7,4;7,2;7,1
Powiat tucholski;040416816000;21,1;21,3;21,1;20,3;19,3;18,7;18,1;18,2;18,6;18,5;18,8;19,6;20,9;21,2;20,8;20,1;19,6;19,2;19,2;19,2;19,6;19,4;20,5;21,1;22,5;22,6;22,5;22,1;21,5;20,8;21,1;21,0;21,2;21,3;21,5;21,9;22,9;22,4;21,6;20,6;19,6;19,1;18,8;18,7;18,5;18,3;18,9;18,7;20,0;19,6;19,2;18,0;17,5;16,9;16,8;16,6;16,7;16,6;16,7;16,8;17,7;17,5;17,3;16,6;16,2;15,6;15,1;15,3;15,0;14,8;14,9;14,9;15,3;14,9;14,4;13,7;13,2;13,1;13,0;12,9;12,7;12,4;12,3;12,5;13,1;13,0;12,6;11,9;11,6;11,3;10,9;10,7;10,7;10,6;10,8;11,0;11,1;10,9;10,2;9,8;9,5;9,2;9,2;9,2;8,9;9,0;9,3;9,7;10,2;10,1;10,3;10,8;11,3;11,1;10,7;10,8;10,8;10,7;10,8;11,0;11,3;11,2;11,1;10,7;10,5;9,8;9,7;9,6;9,6;9,5;9,6;10,6;10,9;10,8;10,7;10,6;10,2;9,8;9,6;9,5;9,8;10,0;10,1;10,3;10,7;10,6;10,2;10,2;10,1;10,2;10,1;10,1;10,1;10,3;10,5;10,8;11,4;11,5;11,4;10,9;10,6;10,4;10,2;10,2;10,1;10,3;10,3;10,9;11,4;11,3;11,0;10,6;10,5;10,5;10,6;10,6;10,9;11,1;11,2;11,2;11,7;11,6;11,7;11,4
Powiat gdański;042214004000;8,4;8,8;8,8;8,5;8,0;7,6;7,4;7,3;7,4;7,4;7,5;7,4;8,0;8,6;8,7;8,7;8,6;8,4;8,3;8,4;8,5;8,6;8,9;9,0;9,7;10,3;10,5;10,6;10,4;10,1;10,0;9,9;9,9;9,8;9,7;9,5;10,0;9,9;9,8;9,6;9,4;9,0;8,6;8,6;8,7;8,5;8,4;8,2;8,5;8,7;8,6;8,2;8,1;7,6;7,2;7,0;6,7;6,6;6,4;6,1;6,4;6,4;6,3;6,0;5,9;5,7;5,6;5,6;5,7;5,6;5,6;5,4;5,5;5,6;5,5;5,4;5,2;5,0;5,0;5,0;4,9;4,6;4,6;4,5;4,6;4,8;4,7;4,6;4,4;4,2;4,2;4,3;4,2;4,1;4,1;4,1;4,2;4,3;4,3;4,3;4,3;4,2;4,1;4,1;4,0;3,9;3,8;3,7;3,9;3,8;3,9;4,2;4,6;4,7;4,9;4,9;5,0;5,1;5,2;5,3;5,6;5,8;5,9;5,9;5,8;5,5;5,4;5,4;5,3;5,1;4,9;4,8;4,8;4,7;4,4;4,3;4,1;4,0;3,9;3,9;4,0;3,9;3,8;3,7;3,9;4,1;4,2;4,1;3,9;3,9;3,8;3,9;3,9;3,9;3,8;3,7;3,8;3,9;3,9;3,9;3,9;3,7;3,8;3,6;3,8;3,8;3,7;3,6;3,7;3,7;3,8;3,8;3,7;3,8;3,9;3,9;4,0;4,1;4,2;4,2;4,4;4,5;4,7;4,6
Powiat kartuski;042214005000;10,9;11,2;11,1;10,7;10,4;9,9;9,8;9,7;10,0;10,1;10,2;10,5;10,8;10,9;10,7;10,4;9,9;9,6;9,6;10,0;10,2;10,5;10,6;10,9;11,9;12,1;12,0;11,7;11,2;10,7;10,7;10,5;11,1;10,9;11,0;11,1;11,4;11,4;10,8;10,2;9,7;9,2;9,0;9,0;8,9;8,9;8,6;8,0;8,3;8,2;7,9;7,3;6,7;6,2;6,2;6,1;6,1;5,7;5,6;5,4;5,9;6,0;5,4;4,9;4,7;4,1;4,0;4,1;4,2;4,3;4,3;4,1;4,4;4,6;4,1;3,8;3,8;3,7;3,6;3,8;4,0;3,9;3,5;3,4;3,5;3,6;3,4;3,0;2,9;2,8;2,8;2,8;2,8;2,9;2,8;2,9;3,1;3,2;3,0;2,7;2,5;2,3;2,2;2,2;2,3;2,4;2,5;2,5;2,7;2,9;3,0;3,2;3,4;3,5;3,6;3,7;3,9;3,9;4,0;3,8;4,1;4,2;4,3;4,1;3,9;3,7;3,6;3,6;3,6;3,7;3,6;3,8;3,8;3,9;3,7;3,6;3,5;3,2;3,0;3,0;3,2;3,3;3,4;3,2;3,3;3,3;3,2;3,0;2,8;2,7;2,8;2,9;2,8;2,8;2,7;2,6;2,9;3,0;2,9;2,6;2,3;2,3;2,4;2,5;2,4;2,3;2,3;2,4;2,7;2,9;2,7;2,4;2,4;2,6;2,8;3,0;3,2;3,4;3,3;3,3;3,5;3,7;3,5;3,4
Powiat nowodworski;042214010000;30,1;30,3;30,1;28,8;26,9;25,9;24,8;24,6;25,4;26,7;27,4;29,5;30,6;30,8;30,5;29,6;28,3;26,7;26,2;26,6;27,6;28,6;29,7;30,9;32,0;32,3;31,7;30,5;29,3;27,6;26,5;26,2;27,8;28,7;29,8;30,7;31,6;31,9;31,2;29,3;27,6;25,8;24,5;24,5;25,2;26,3;26,9;26,5;27,3;27,9;27,2;25,6;24,5;22,8;21,6;21,0;22,3;23,2;23,7;23,4;24,0;24,0;22,8;20,9;18,6;15,8;14,5;14,4;15,4;16,7;17,5;18,2;17,3;16,5;15,7;13,9;12,1;10,7;10,1;10,4;11,6;12,8;13,9;13,9;14,6;15,0;14,4;13,0;12,4;10,9;10,0;10,0;11,1;12,1;12,7;13,2;14,3;14,5;13,8;12,8;11,6;10,5;9,9;9,9;10,3;11,0;11,2;12,1;12,6;12,7;12,8;13,5;13,5;13,5;13,0;13,0;13,5;14,1;14,7;15,1;16,0;15,9;15,9;15,5;15,0;14,1;13,2;12,8;13,0;13,0;12,9;13,9;14,2;14,2;14,0;12,9;12,4;11,2;10,3;10,3;11,0;11,8;12,2;12,3;12,7;13,1;12,4;11,9;11,3;10,7;10,0;9,7;10,7;10,8;11,3;11,4;12,1;12,1;11,7;10,9;9,9;9,1;8,4;8,5;9,1;9,7;10,1;10,7;11,7;11,8;11,5;10,7;10,2;9,9;9,6;9,9;10,4;11,2;11,8;12,0;12,5;12,8;12,2;12,0
Powiat pucki;042214011000;13,7;14,2;14,2;13,1;12,3;11,2;10,4;10,3;11,4;12,1;12,7;14,1;15,3;15,7;15,3;14,4;13,6;12,6;11,4;11,3;12,5;13,4;14,1;15,4;16,7;17,0;17,1;16,4;15,2;13,6;11,8;11,9;12,9;14,0;14,8;15,4;16,2;16,4;16,0;14,9;13,5;12,2;10,8;10,6;11,9;13,0;13,7;13,9;14,6;14,6;14,4;13,7;12,4;11,3;10,0;10,0;11,3;12,0;12,4;12,0;12,7;12,5;11,7;10,8;9,9;8,6;7,7;7,9;9,2;9,8;9,9;9,9;10,5;10,3;9,9;9,0;8,3;7,4;6,6;6,8;7,6;8,1;8,2;8,0;8,3;8,2;7,8;7,3;6,5;6,0;5,5;5,6;6,3;6,9;7,1;7,1;7,4;7,4;7,1;6,5;6,0;5,4;4,9;5,2;5,8;6,4;6,7;6,8;7,0;7,0;7,2;7,8;7,9;7,2;6,5;6,3;6,8;7,3;7,5;7,5;8,0;8,1;7,8;7,5;6,9;6,2;5,7;5,8;5,8;6,2;6,3;6,3;6,7;6,6;6,4;6,0;5,6;4,9;4,5;4,7;5,2;5,7;6,0;6,0;6,3;6,5;6,3;5,9;5,7;4,9;4,4;4,5;5,0;5,4;5,6;5,8;6,3;6,3;6,2;5,8;5,3;4,7;4,2;4,2;4,6;5,1;5,3;5,5;5,9;5,9;5,7;5,3;5,2;4,8;4,7;4,8;5,4;5,9;6,1;6,6;7,1;7,4;7,2;6,9
Powiat wejherowski;042214015000;16,1;16,5;16,4;15,6;14,8;14,2;13,8;13,7;14,2;14,2;14,7;15,1;16,1;16,6;16,4;15,8;15,4;15,2;15,1;15,2;15,7;16,0;16,4;16,4;17,6;18,1;17,9;17,4;16,8;16,3;15,8;15,4;15,6;15,7;15,8;15,7;16,5;16,6;15,9;15,2;14,9;14,4;14,2;14,2;14,1;14,1;14,3;14,2;14,6;14,6;13,9;13,3;12,4;12,1;11,8;11,8;11,9;12,0;12,0;11,9;12,2;12,4;11,9;11,4;10,9;10,3;10,0;9,8;9,9;9,8;9,8;9,7;9,8;9,5;8,4;7,8;7,7;7,2;7,1;7,2;7,1;7,1;7,1;7,0;7,4;7,4;7,1;6,9;6,7;6,6;6,5;6,6;6,5;6,6;6,6;6,5;6,7;6,8;6,5;6,1;6,0;5,7;5,5;5,4;5,4;5,3;5,4;5,4;5,8;5,8;5,9;6,5;6,8;6,9;6,7;6,7;6,7;6,8;7,0;6,9;7,3;7,4;7,2;7,0;6,8;6,4;6,3;6,1;6,1;5,9;5,6;5,5;5,7;5,7;5,5;5,4;5,2;5,1;5,0;5,0;5,2;5,2;5,3;5,1;5,4;5,6;5,5;5,2;5,1;5,1;4,9;5,1;5,2;5,3;5,3;5,2;5,5;5,8;5,7;5,4;5,3;5,3;5,1;5,2;5,3;5,5;5,5;5,5;5,9;5,9;5,8;5,5;5,4;5,5;5,7;6,1;6,4;6,5;6,6;6,5;6,8;6,6;6,7;6,6
Powiat bytowski;042214101000;23,5;23,2;23,1;22,0;21,3;20,8;20,9;20,6;20,6;20,8;21,3;22,7;23,5;23,3;22,8;22,1;21,7;21,4;21,8;22,1;22,3;22,2;22,7;23,6;24,4;24,5;24,1;23,2;23,1;22,5;22,9;22,9;23,1;22,8;23,1;23,4;24,3;24,1;23,5;22,4;21,7;21,1;21,1;21,0;20,7;20,1;20,3;20,7;20,9;20,7;20,1;19,1;18,5;17,9;17,8;17,8;17,7;17,6;17,3;17,6;18,2;17,9;17,3;16,2;15,4;15,0;14,9;14,9;14,7;14,5;14,4;14,4;14,1;13,3;12,6;12,1;11,7;11,3;11,1;11,0;10,8;10,6;10,5;10,5;11,2;11,1;10,7;10,2;10,0;9,7;10,0;9,9;10,1;9,9;9,9;9,7;10,1;10,1;9,8;9,4;9,1;8,8;8,8;8,9;9,1;9,0;9,0;9,1;9,6;9,5;9,5;10,2;10,5;10,3;10,2;10,0;9,9;9,6;9,4;9,3;10,0;9,8;9,6;9,5;9,3;9,0;9,0;9,0;9,0;9,0;8,7;9,1;9,6;9,6;9,5;9,2;9,2;9,0;8,9;9,0;9,2;9,4;9,4;9,3;9,9;9,7;9,5;9,2;9,1;9,1;9,0;9,1;9,4;9,3;9,2;9,3;9,8;9,7;9,6;9,2;9,2;8,8;8,7;8,8;8,8;8,7;8,7;8,6;9,2;9,1;9,1;8,9;8,9;9,0;9,1;9,4;9,6;9,4;9,5;9,4;10,1;10,4;10,0;9,8
Powiat lęborski;042214108000;20,9;21,3;20,9;20,1;19,1;18,0;17,5;17,4;17,7;18,1;18,5;19,5;20,9;21,3;20,9;20,3;19,5;18,9;18,5;18,4;18,8;19,3;20,1;21,4;22,7;22,9;22,7;22,0;21,0;20,6;19,9;19,8;20,2;20,4;20,7;21,2;22,0;21,9;20,9;20,2;19,4;18,2;17,5;17,5;17,8;17,4;17,5;17,1;18,1;18,2;17,4;16,5;15,3;14,4;13,6;13,7;13,7;13,7;14,2;14,7;15,3;15,2;14,6;13,4;12,0;11,1;10,3;9,8;10,0;10,2;10,6;10,6;11,4;11,3;10,4;9,3;8,5;7,6;7,2;7,2;7,4;7,6;7,8;8,0;8,4;8,2;8,0;7,7;7,3;7,0;6,8;7,0;7,4;7,9;8,4;8,8;9,4;9,4;9,2;9,1;8,8;8,4;8,4;8,3;8,5;8,8;8,7;8,7;9,1;9,1;9,1;9,7;10,0;9,7;9,4;9,3;9,6;10,1;10,4;10,6;10,9;11,1;11,0;10,7;10,4;10,1;9,9;10,0;10,1;10,1;10,3;10,7;11,0;10,9;10,8;10,6;10,2;9,9;9,8;9,9;9,9;10,0;10,3;10,5;11,0;10,9;10,7;10,5;10,3;9,9;9,7;9,8;10,2;10,3;10,5;10,6;11,2;11,2;11,0;10,7;10,6;10,2;10,1;10,1;10,1;10,2;10,3;10,1;10,5;10,4;10,1;9,7;9,5;9,4;9,5;9,5;9,5;9,9;10,0;10,3;10,8;10,7;10,7;10,4
Powiat słupski;042214112000;24,0;24,1;23,8;23,0;22,3;21,2;21,2;21,4;21,5;21,5;21,9;22,1;23,1;23,4;22,8;22,2;21,7;21,4;21,1;21,2;21,3;21,5;21,9;22,8;24,0;23,9;23,7;23,0;22,3;21,5;21,2;21,3;21,7;21,5;22,0;21,7;22,4;22,5;22,1;21,1;20,5;19,7;19,4;19,5;19,1;19,2;19,3;19,2;20,1;20,0;19,5;18,7;17,8;16,4;15,8;15,6;15,5;15,2;15,5;15,4;16,5;16,4;16,0;15,5;14,6;13,8;13,4;13,5;12,8;12,4;12,5;11,9;12,1;12,0;11,6;10,8;10,3;9,6;9,0;8,8;8,6;8,5;8,4;8,2;8,6;8,5;8,1;7,8;7,5;7,1;6,9;7,1;6,9;7,1;7,1;6,9;7,4;7,3;7,0;6,7;6,6;6,3;6,3;6,3;6,3;6,2;6,3;6,4;7,0;7,1;7,0;7,5;8,2;8,4;8,5;8,7;8,9;9,0;9,3;9,3;9,7;9,8;9,8;9,9;9,7;9,4;9,4;9,7;9,7;9,8;9,6;10,1;10,4;10,2;9,7;9,1;8,5;8,0;7,7;7,6;7,7;7,8;7,8;7,8;8,4;8,2;8,0;7,8;7,5;7,5;7,3;7,1;7,3;7,3;7,4;7,4;8,1;8,3;8,1;7,8;7,7;7,4;7,1;7,2;7,5;7,5;7,6;7,5;8,1;8,1;7,9;7,5;7,3;7,2;7,3;7,5;7,9;8,0;8,0;7,5;7,7;7,8;7,8;7,7
Powiat m. Słupsk;042214163000;12,8;13,1;13,1;12,6;12,3;11,7;11,4;11,6;11,7;11,5;11,4;11,5;12,1;12,2;12,3;12,1;11,6;11,3;11,1;11,4;11,4;11,4;11,7;12,0;12,8;13,0;12,9;12,7;12,5;12,0;12,0;12,0;11,9;11,7;11,7;12,2;12,8;12,8;12,6;12,1;11,8;11,3;11,3;11,3;11,1;11,1;11,1;11,1;11,5;11,4;11,1;10,6;10,1;9,4;8,9;8,4;8,1;7,8;7,8;7,9;8,4;8,5;8,0;8,0;7,6;7,1;6,9;7,0;6,5;6,1;6,0;5,8;6,2;6,0;5,7;5,4;5,2;4,8;4,7;4,7;4,6;4,4;4,3;4,2;4,5;4,4;4,1;3,9;3,8;3,7;3,7;3,7;3,7;3,5;3,5;3,5;3,7;3,9;3,6;3,5;3,4;3,3;3,3;3,3;3,3;3,2;3,3;3,2;3,6;3,7;3,6;4,0;4,5;4,7;5,0;5,0;5,2;5,2;5,4;5,7;6,0;6,1;6,3;6,3;6,2;6,1;6,1;6,3;6,0;5,9;5,6;5,5;5,6;5,4;5,0;4,7;4,4;4,0;3,8;3,7;3,7;3,6;3,5;3,6;4,0;4,0;3,9;3,8;3,5;3,6;3,5;3,5;3,6;3,6;3,7;3,7;4,2;4,4;4,3;4,3;4,3;4,1;3,9;4,0;4,0;3,8;3,9;4,0;4,4;4,6;4,5;4,4;4,3;4,5;4,8;5,0;5,3;5,3;5,3;5,0;5,5;5,4;5,3;5,3
Powiat kwidzyński;042214207000;14,9;15,7;15,9;16,2;15,9;14,9;14,9;15,5;15,1;14,8;15,0;17,3;18,5;19,2;19,5;18,9;18,2;18,2;18,0;17,6;17,7;18,1;18,9;19,9;21,8;22,2;22,1;21,4;20,5;19,4;19,1;18,3;17,6;17,7;17,9;17,1;17,8;18,0;17,4;16,4;15,4;14,2;13,4;12,9;13,2;13,0;13,1;12,7;13,5;13,5;12,8;12,3;11,4;10,7;10,6;10,3;10,2;9,9;9,6;9,1;9,7;9,7;9,2;9,5;9,0;8,4;8,0;8,1;8,1;8,1;8,4;8,4;8,8;8,8;8,1;7,7;7,0;6,7;6,6;6,5;6,5;6,3;6,3;6,3;6,4;6,3;6,2;5,9;5,6;5,3;5,5;5,5;5,3;5,2;5,4;5,5;5,9;6,0;6,0;5,9;5,7;5,5;5,7;5,8;5,7;5,5;5,4;5,6;6,1;6,2;6,3;6,6;7,0;7,2;7,4;7,4;7,5;7,2;7,3;7,1;7,4;7,4;7,2;7,1;6,9;6,8;6,8;6,8;6,6;6,5;6,5;7,3;7,5;7,2;6,9;6,7;6,4;6,2;6,1;6,1;5,8;5,9;5,9;5,9;6,5;6,6;6,6;6,4;6,4;6,3;6,3;6,5;6,7;6,8;6,9;7,1;7,6;8,1;7,9;7,7;7,5;7,3;7,2;7,3;7,2;7,2;7,2;7,6;8,3;8,5;8,4;8,1;8,1;7,9;8,1;8,3;8,4;8,3;8,3;8,2;8,8;8,8;8,7;8,6
Powiat malborski;042214209000;25,2;26,0;26,0;25,1;24,3;23,4;23,2;23,2;23,0;23,1;23,5;24,4;25,7;26,2;25,9;25,9;25,1;24,3;23,9;23,7;23,7;24,0;24,7;25,1;26,7;27,4;27,3;27,1;26,2;25,3;24,9;24,7;24,7;24,8;25,3;25,6;26,5;26,6;26,2;24,7;24,0;23,4;22,5;21,8;21,1;21,2;21,5;21,3;23,1;23,0;22,2;21,6;20,5;20,0;19,8;19,5;19,5;19,3;19,6;19,5;21,1;20,8;20,3;19,5;18,4;17,6;17,5;17,3;16,6;16,3;16,1;15,7;15,6;15,5;14,8;13,8;12,9;12,4;12,7;13,0;13,1;12,7;13,0;13,0;13,8;13,6;12,7;12,3;12,6;12,0;11,8;12,0;11,8;12,3;12,5;12,6;13,2;13,2;13,0;12,4;11,7;11,2;10,3;10,1;9,7;10,0;10,1;10,0;10,8;10,6;10,2;11,0;11,3;11,4;11,4;11,1;11,1;11,6;11,7;11,9;12,8;13,0;12,6;12,3;11,9;11,4;10,8;10,2;9,8;9,3;9,2;9,0;9,6;9,7;9,6;9,5;9,2;8,8;8,8;8,8;8,7;8,6;8,9;8,5;9,2;9,4;9,3;8,8;8,4;8,3;8,2;8,2;8,2;8,3;8,4;8,3;9,2;9,4;9,2;8,9;8,5;8,1;7,8;8,2;8,0;8,1;8,4;8,5;9,5;9,8;9,7;9,3;9,0;9,1;9,6;10,1;10,3;10,3;10,3;10,1;10,7;10,6;10,5;10,5
Powiat starogardzki;042214213000;20,5;21,1;20,5;19,7;19,1;18,4;18,1;18,0;18,4;18,5;19,3;20,1;21,0;21,1;20,5;19,3;18,8;18,5;18,3;18,7;19,2;19,0;19,2;20,9;21,9;21,8;21,8;20,8;19,7;19,6;19,1;18,8;18,7;18,3;18,3;19,2;19,9;19,7;19,1;18,5;17,5;17,2;16,6;16,2;15,6;14,9;15,1;15,2;15,9;15,4;14,6;13,7;12,8;12,3;11,9;11,5;11,3;11,0;11,1;11,4;11,9;11,7;11,3;10,6;10,2;9,4;9,0;8,6;8,4;8,1;8,1;8,6;8,6;7,6;6,9;6,4;6,0;5,9;5,9;5,9;5,9;5,5;5,4;5,7;6,0;6,0;5,8;5,6;5,6;5,4;5,2;5,2;5,2;5,1;5,1;5,6;5,8;5,8;5,5;5,2;4,9;4,8;4,7;4,7;4,8;4,9;5,1;5,3;5,7;5,5;5,6;6,0;6,4;6,5;6,7;6,9;7,1;7,1;7,0;7,4;7,7;7,9;7,7;7,8;7,6;7,4;7,2;6,8;6,3;6,0;5,8;6,1;6,2;6,3;6,0;5,8;5,6;5,3;5,2;5,4;5,4;5,5;5,6;5,6;6,0;6,2;6,0;5,9;5,7;5,4;5,3;5,4;5,6;5,5;5,5;5,7;6,3;6,3;6,1;5,9;5,7;5,4;5,4;5,6;5,5;5,4;5,5;5,7;6,3;6,3;6,1;5,8;5,6;5,8;6,1;6,0;6,3;6,4;6,5;6,7;7,1;7,3;7,2;6,9
Powiat tczewski;042214214000;15,2;15,6;15,7;15,1;14,5;13,4;12,9;12,9;13,0;12,9;13,4;13,4;14,6;15,0;14,7;13,9;13,7;13,2;12,9;12,7;12,6;12,6;13,2;13,7;15,0;15,4;15,3;15,0;14,3;13,7;13,8;13,6;13,7;13,6;13,8;14,0;14,8;14,7;14,2;13,3;12,6;11,9;11,7;11,6;11,3;11,0;11,1;10,8;11,6;11,7;11,3;10,7;10,4;10,3;9,7;9,5;9,2;9,0;9,1;9,1;9,7;9,9;9,5;8,9;8,5;8,2;8,0;8,0;7,7;7,5;7,5;7,5;7,9;8,0;7,7;7,2;7,1;7,0;7,1;7,1;7,0;6,7;6,6;6,9;7,3;7,5;7,2;6,8;6,7;6,4;6,4;6,5;6,5;6,4;6,3;6,6;7,1;7,2;7,0;6,6;6,3;6,0;5,9;5,8;5,6;5,6;5,6;5,7;6,3;6,3;6,2;6,5;6,8;6,9;7,0;7,2;7,4;7,4;7,4;7,9;8,4;8,5;8,3;8,0;7,7;7,3;7,2;7,0;6,7;6,3;6,1;6,3;6,6;6,6;6,3;6,1;5,9;5,7;5,8;5,7;5,6;5,6;5,5;5,5;6,1;6,3;6,0;5,8;5,9;5,7;5,6;5,8;5,8;5,7;5,7;5,9;6,4;6,5;6,3;6,1;5,8;5,6;5,4;5,7;5,8;5,5;5,7;5,8;6,3;6,4;6,2;6,0;5,9;6,0;6,0;6,1;6,3;6,2;6,1;6,3;6,8;6,8;6,7;6,5
Powiat sztumski;042214216000;26,1;26,7;26,7;25,7;24,8;23,8;24,0;23,9;24,5;23,9;24,5;25,0;26,4;27,2;27,0;26,4;25,5;24,7;24,3;24,6;25,4;25,5;25,6;27,3;29,8;29,9;29,9;29,1;28,8;27,8;27,8;27,2;27,4;26,4;26,2;27,1;28,6;28,3;28,1;27,1;25,8;25,5;24,4;23,7;23,2;22,5;23,0;22,9;24,1;23,7;23,3;22,4;19,5;16,5;16,0;15,8;16,2;16,4;16,6;16,3;17,8;18,2;18,2;18,1;17,4;16,4;15,8;15,0;14,3;13,6;13,8;14,2;14,8;14,6;13,7;13,4;12,6;11,7;11,5;11,7;11,3;10,6;10,5;10,7;10,8;10,9;10,6;9,8;9,3;9,0;9,0;9,1;9,1;9,2;9,4;9,7;10,1;9,9;9,6;9,1;9,0;8,6;8,1;8,2;8,0;8,1;8,0;8,4;9,0;8,8;8,6;9,2;9,7;9,7;9,3;9,3;9,2;9,3;9,3;9,2;9,3;9,3;8,6;8,1;7,8;7,4;7,2;7,2;7,2;6,9;7,2;7,4;7,9;7,7;7,3;7,0;6,5;6,0;5,8;5,7;5,2;5,4;5,5;5,9;6,2;6,7;6,0;6,0;5,6;5,2;5,0;5,2;5,2;5,1;5,1;5,3;5,8;6,0;5,9;5,7;5,2;5,2;4,8;4,9;4,9;4,9;4,6;4,9;5,5;5,4;5,3;4,8;4,3;4,4;4,9;5,3;5,5;5,7;5,7;5,8;6,4;6,8;6,6;6,3
Powiat m. Gdańsk;042214361000;5,7;5,9;5,9;5,8;5,5;5,1;5,1;5,0;5,1;5,2;5,3;5,4;5,8;6,2;6,2;6,1;6,0;5,9;5,7;5,9;5,9;6,0;6,2;6,3;6,7;7,2;7,4;7,4;7,2;6,9;6,9;6,8;6,8;6,8;6,7;6,5;6,9;6,9;6,8;6,6;6,4;6,1;5,9;5,8;5,8;5,7;5,7;5,5;5,8;5,8;5,6;5,5;5,4;5,1;4,8;4,7;4,5;4,3;4,3;4,0;4,2;4,2;4,1;4,0;3,8;3,7;3,7;3,8;3,7;3,7;3,7;3,5;3,6;3,6;3,6;3,5;3,4;3,3;3,2;3,3;3,3;3,0;3,0;2,7;2,8;2,8;2,8;2,7;2,7;2,6;2,6;2,6;2,6;2,6;2,6;2,6;2,7;2,7;2,7;2,6;2,6;2,5;2,5;2,5;2,5;2,4;2,3;2,4;2,5;2,5;2,6;2,8;3,1;3,2;3,2;3,3;3,3;3,4;3,5;3,5;3,7;3,8;3,9;3,9;3,8;3,7;3,6;3,5;3,4;3,3;3,2;2,9;2,9;2,8;2,7;2,7;2,6;2,5;2,4;2,4;2,4;2,3;2,3;2,3;2,4;2,5;2,6;2,6;2,5;2,5;2,5;2,5;2,5;2,5;2,5;2,4;2,5;2,6;2,6;2,7;2,6;2,5;2,5;2,5;2,6;2,6;2,5;2,5;2,6;2,6;2,7;2,7;2,7;2,7;2,8;2,8;2,9;2,9;3,0;3,0;3,2;3,3;3,4;3,4
Powiat m. Gdynia;042214362000;5,7;5,8;5,9;5,6;5,3;5,1;5,0;5,0;5,1;5,1;5,3;5,5;5,9;6,1;6,0;5,9;5,8;5,8;5,7;5,8;5,9;6,0;6,2;6,5;6,8;7,0;7,1;7,0;6,8;6,6;6,5;6,4;6,3;6,2;6,3;6,3;6,4;6,5;6,5;6,4;6,3;6,1;5,9;5,9;5,8;5,6;5,7;5,8;5,8;5,9;5,7;5,6;5,4;5,3;5,2;5,2;5,0;4,9;5,0;4,9;5,0;5,1;5,0;4,8;4,6;4,4;4,2;4,1;4,0;3,9;3,9;3,8;3,8;3,7;3,6;3,4;3,3;3,2;3,1;3,1;3,1;2,9;2,9;2,8;2,9;3,0;2,9;2,7;2,6;2,4;2,4;2,4;2,4;2,4;2,4;2,5;2,6;2,6;2,5;2,4;2,3;2,1;2,1;2,1;2,0;2,1;2,0;2,1;2,3;2,3;2,4;2,7;3,0;3,1;3,1;3,2;3,2;3,2;3,3;3,5;3,6;3,8;3,6;3,7;3,6;3,4;3,2;3,1;2,9;2,7;2,5;2,4;2,3;2,3;2,2;2,2;2,2;1,9;1,9;1,9;1,9;1,8;1,8;2,0;2,2;2,3;2,3;2,2;2,1;2,0;2,0;2,0;2,0;2,0;1,9;2,0;2,1;2,3;2,3;2,3;2,3;2,2;2,2;2,2;2,1;2,2;2,2;2,3;2,4;2,5;2,5;2,5;2,5;2,5;2,7;2,7;2,7;2,7;2,7;2,8;2,9;3,0;3,0;3,1
Powiat m. Sopot;042214364000;4,2;4,2;4,0;3,8;3,6;3,5;3,4;3,5;3,6;3,5;3,7;4,0;4,3;4,5;4,4;4,4;4,2;4,3;4,2;4,3;4,2;4,2;4,4;4,6;4,9;5,2;5,2;5,1;4,9;4,7;4,8;4,7;4,8;4,8;4,8;4,8;4,9;4,9;4,9;4,9;4,6;4,4;4,3;4,2;4,1;3,9;3,9;4,1;4,3;4,3;4,3;4,1;4,0;3,9;3,7;3,6;3,5;3,4;3,4;3,4;3,6;3,7;3,5;3,3;3,3;3,1;3,0;3,0;3,0;3,0;2,9;2,8;2,9;2,8;2,7;2,5;2,5;2,3;2,2;2,1;2,2;2,0;2,1;2,1;2,1;2,1;2,1;2,0;1,9;1,9;1,9;1,8;1,8;1,8;1,8;1,8;1,9;1,8;1,8;1,7;1,6;1,5;1,5;1,4;1,3;1,4;1,3;1,4;1,5;1,6;1,8;2,0;2,1;2,2;2,2;2,2;2,3;2,3;2,4;2,4;2,5;2,6;2,6;2,6;2,5;2,4;2,3;2,1;2,0;1,9;1,9;1,7;1,6;1,6;1,6;1,6;1,7;1,5;1,5;1,5;1,4;1,4;1,5;1,8;1,9;2,0;2,1;2,0;1,8;1,6;1,5;1,6;1,6;1,7;1,7;1,9;2,1;2,1;2,1;2,1;2,0;1,9;1,9;2,1;2,2;2,1;2,1;2,1;2,2;2,3;2,4;2,2;2,2;2,2;2,2;2,3;2,3;2,3;2,3;2,3;2,5;2,7;2,8;2,8
Powiat chojnicki;042217202000;19,3;19,7;19,5;19,0;18,1;17,5;17,7;17,3;17,8;18,2;18,4;20,2;21,0;21,0;20,7;19,9;19,9;19,3;19,2;19,4;20,0;19,6;19,9;20,0;21,0;21,1;21,0;20,7;20,1;19,1;19,1;19,4;19,5;19,3;19,6;19,4;20,2;20,3;19,7;18,7;18,4;17,9;17,6;17,4;16,9;16,9;16,8;16,8;17,5;17,6;17,4;16,7;15,7;14,7;14,5;14,5;14,2;14,3;14,4;14,4;15,0;15,1;14,8;14,0;13,7;13,0;12,7;12,5;12,1;12,2;12,1;12,3;12,7;12,7;12,1;11,3;10,9;10,6;10,4;10,4;10,3;9,9;9,7;9,3;9,7;9,7;9,5;9,1;8,8;8,5;8,5;8,2;8,3;8,6;8,6;8,6;9,0;9,0;8,7;8,4;8,1;7,8;7,8;7,6;7,8;7,8;7,7;7,6;8,1;8,1;8,0;8,4;8,6;8,6;8,5;8,3;8,3;8,2;8,1;8,1;8,6;8,7;8,5;8,2;8,1;8,0;7,9;8,0;7,9;7,8;7,8;8,5;8,9;9,0;8,7;8,4;8,2;8,0;8,1;8,1;8,3;8,4;8,4;8,4;9,0;9,2;8,9;8,6;8,5;8,3;8,3;8,2;8,4;8,6;8,6;8,6;9,1;9,2;8,9;8,8;8,6;8,4;8,4;8,4;8,5;8,6;8,6;8,5;9,1;9,3;8,9;8,6;8,6;8,5;8,9;9,1;9,2;9,3;9,4;9,5;9,9;10,0;9,9;9,6
Powiat człuchowski;042217203000;25,6;25,6;25,4;24,8;24,2;23,3;23,1;23,2;22,7;22,7;22,9;23,0;23,8;23,5;23,2;22,2;21,8;21,3;21,5;21,9;21,7;22,0;22,3;23,8;24,9;24,9;25,0;24,5;23,7;23,0;22,9;23,1;23,3;23,3;23,7;24,1;24,6;24,6;23,7;23,1;22,1;21,1;20,8;20,7;20,8;20,6;21,1;21,2;22,0;22,0;21,4;21,2;20,3;19,6;18,5;18,5;18,6;18,4;18,9;18,8;19,5;19,5;18,8;17,7;17,4;17,4;16,1;16,1;16,2;15,7;15,7;15,3;15,9;15,6;15,2;14,4;13,9;13,2;13,0;13,0;12,9;12,4;12,3;12,3;12,5;12,3;11,6;10,8;10,0;9,6;9,5;9,5;9,2;9,4;9,5;9,8;10,5;10,2;9,8;9,5;9,3;8,8;9,0;9,3;9,1;9,1;9,1;9,4;9,8;9,7;9,6;10,3;10,9;11,0;10,9;11,2;11,2;11,3;11,2;11,4;12,1;12,1;11,6;11,6;11,7;11,4;11,4;11,6;11,7;11,1;10,8;11,5;12,2;11,9;11,9;11,8;12,0;11,4;11,0;10,9;10,7;10,2;10,1;10,1;10,7;10,5;10,4;9,8;9,8;9,7;9,9;10,4;10,2;10,0;9,8;10,0;10,6;10,3;10,0;9,9;9,8;9,5;9,3;9,8;9,7;9,7;9,8;9,9;10,2;10,2;10,1;10,0;9,8;10,1;10,6;10,7;10,8;10,9;10,7;11,0;11,7;11,8;11,7;11,8
Powiat kościerski;042217206000;16,2;16,2;16,1;14,9;14,3;13,7;13,4;13,7;13,8;13,9;14,5;15,4;16,0;15,9;15,6;14,5;14,1;13,6;13,3;13,5;13,8;14,0;14,9;15,6;16,5;16,7;16,4;15,7;15,0;14,4;14,1;14,0;14,4;14,3;14,8;15,5;16,2;15,5;14,9;14,0;13,5;12,5;12,3;12,2;12,2;12,7;12,9;13,2;13,8;13,9;13,3;12,4;11,3;10,7;10,3;10,2;10,2;9,9;10,2;10,5;10,9;10,6;9,7;8,8;8,4;8,1;7,7;7,7;7,9;7,9;8,1;8,6;9,0;8,9;8,0;7,5;7,0;6,5;6,6;6,4;6,6;6,6;6,4;6,7;7,1;7,0;6,6;6,3;6,0;5,8;5,9;6,0;6,1;6,1;6,1;6,7;7,2;7,2;6,9;6,3;5,9;5,8;5,7;5,8;5,7;5,7;6,0;6,2;6,7;6,8;6,8;7,2;7,3;7,3;7,2;7,4;7,7;7,7;7,7;7,9;8,2;8,2;7,8;7,6;7,4;7,2;7,2;7,0;6,7;6,7;6,4;7,3;7,6;7,5;7,1;6,8;6,6;6,7;6,7;6,8;7,2;7,1;7,1;7,2;7,6;7,8;7,4;7,2;6,9;6,9;6,9;6,8;7,1;7,3;7,1;7,4;7,8;7,9;7,5;7,2;7,0;6,9;6,9;6,9;7,0;6,9;7,0;7,2;7,6;7,7;7,4;7,2;7,1;7,2;7,5;7,9;8,1;8,3;8,3;8,3;9,0;9,0;9,0;8,7
Powiat braniewski;042815402000;31,9;32,2;32,2;31,3;30,8;29,7;29,8;29,7;29,5;29,7;30,2;29,9;30,7;31,4;31,1;29,9;29,1;28,2;28,0;28,0;28,1;29,1;29,4;31,5;32,6;32,0;31,6;30,9;31,0;29,6;30,7;31,2;31,8;31,9;32,2;32,8;33,5;33,2;32,5;30,9;30,7;29,5;28,8;28,8;28,0;28,1;28,0;29,0;30,0;29,7;28,6;27,6;27,3;26,8;26,8;26,8;27,0;26,5;26,4;27,2;27,5;27,3;26,8;25,7;25,4;24,7;24,4;24,2;24,3;24,4;24,5;25,3;25,6;25,4;24,5;23,6;23,1;22,4;22,2;22,0;21,6;21,1;21,4;22,2;23,0;22,7;22,0;21,0;20,5;20,0;20,1;20,1;20,6;20,6;20,7;21,2;21,8;21,8;21,3;20,6;20,2;19,9;19,3;19,1;18,9;18,8;18,9;19,5;20,2;20,3;19,2;19,5;19,8;19,9;19,8;19,2;19,1;19,1;19,0;19,4;20,1;20,1;19,5;18,7;18,0;17,4;17,2;17,1;17,0;17,0;17,0;18,6;19,2;18,9;18,4;17,8;16,8;16,3;16,2;16,5;16,5;16,6;16,8;17,1;18,4;18,7;18,2;18,0;17,1;17,3;16,8;16,1;15,4;14,7;14,4;14,5;15,6;15,7;15,0;14,3;14,0;14,0;13,6;14,5;14,5;14,6;14,6;15,0;15,9;16,4;15,9;15,0;14,2;13,9;14,2;14,7;15,2;15,8;16,1;16,3;17,1;17,4;16,8;16,6
Powiat działdowski;042815403000;25,0;25,4;24,9;24,6;24,1;22,6;23,2;23,5;22,8;22,9;23,0;23,6;25,0;25,2;24,8;24,2;24,1;23,5;24,1;24,4;23,9;24,7;25,2;26,0;27,2;27,4;27,5;27,1;26,6;25,8;25,9;26,1;25,8;25,5;25,9;26,2;27,0;26,8;26,1;25,2;24,4;23,8;23,6;23,3;23,1;22,5;22,8;23,3;24,2;23,6;23,0;22,4;21,8;21,1;21,2;21,6;20,8;20,4;20,4;20,8;21,9;21,8;21,4;20,4;19,8;19,3;19,1;19,1;18,7;18,5;18,6;19,1;19,8;19,5;18,7;17,9;17,1;16,6;16,7;17,1;16,7;16,4;16,5;17,1;17,6;17,3;16,6;16,1;15,5;15,1;15,5;15,8;15,6;15,2;15,4;15,4;16,0;15,8;15,1;14,4;13,7;13,3;13,1;13,4;13,2;13,2;13,2;13,6;14,0;14,2;13,8;14,3;14,8;14,0;13,9;13,6;13,5;13,5;13,4;13,6;14,3;14,1;13,9;13,3;12,6;12,2;12,0;11,5;11,4;11,4;11,4;12,4;13,3;13,1;12,5;12,1;11,7;11,5;11,8;12,2;12,0;12,3;12,4;12,7;13,7;13,5;13,1;13,0;12,6;12,2;12,0;12,2;12,1;12,2;12,0;12,7;13,4;13,5;12,9;12,6;12,2;12,1;11,9;12,3;12,0;11,9;11,9;12,5;13,5;13,6;13,0;12,7;12,4;12,5;12,9;13,1;13,4;13,5;13,5;13,7;14,4;14,7;14,5;14,0
Powiat elbląski;042815404000;27,9;28,4;27,7;26,5;25,3;24,4;24,2;24,5;25,0;25,2;25,4;26,6;27,8;28,1;28,0;27,4;26,9;26,4;25,8;25,9;26,0;26,6;27,1;28,2;29,2;29,8;30,3;29,5;28,7;28,0;28,1;28,2;28,5;28,8;29,2;28,9;29,7;29,8;28,9;28,0;27,4;26,4;25,6;25,4;25,6;25,6;25,6;26,0;27,0;27,0;25,7;25,0;24,4;23,3;22,8;22,9;23,1;22,7;22,8;22,9;23,7;23,9;23,5;22,6;22,1;21,2;20,7;20,6;20,2;20,2;20,7;20,8;21,5;21,7;20,9;19,9;19,5;18,8;18,6;18,4;18,5;17,8;17,9;18,0;18,7;18,7;18,1;17,4;16,6;15,7;15,5;15,4;15,4;15,6;15,9;16,1;16,7;16,8;16,3;15,5;14,8;14,2;13,9;13,5;12,9;12,8;12,9;13,5;14,3;14,2;14,1;14,5;15,0;15,2;15,0;14,8;15,0;15,2;15,3;15,5;16,0;16,2;15,7;15,0;14,6;14,0;13,6;13,6;13,5;13,5;13,6;14,7;14,9;14,7;14,0;13,5;13,2;12,8;12,8;12,9;12,7;12,9;13,1;13,0;13,8;13,8;13,7;13,1;12,8;12,7;12,6;12,5;12,3;12,2;12,2;12,7;13,4;13,5;12,9;12,1;11,9;11,7;11,4;11,9;11,8;11,9;12,3;12,7;13,5;13,5;13,2;12,8;12,8;12,7;13,0;13,1;13,2;13,3;13,6;13,6;14,2;14,3;14,1;13,8
Powiat iławski;042815407000;12,4;12,8;13,1;12,4;11,7;11,0;11,0;10,8;11,0;10,9;11,7;12,7;13,3;13,8;13,6;13,1;12,7;12,6;12,2;12,3;12,4;12,4;12,8;13,2;14,3;14,7;14,7;14,3;13,5;12,8;12,3;12,5;12,2;11,7;12,0;12,2;12,7;12,9;12,1;11,3;9,8;9,0;8,6;8,6;8,4;8,5;8,7;8,9;9,7;10,0;9,4;8,6;8,0;7,6;7,6;7,4;7,6;7,6;7,5;7,3;7,9;7,9;7,3;6,8;6,2;5,8;5,8;5,7;5,7;5,9;5,7;6,0;6,4;6,6;6,1;5,8;5,4;5,0;5,1;5,2;5,0;4,9;4,7;4,8;5,2;5,3;5,0;4,5;4,2;4,0;4,1;4,4;4,4;4,5;4,7;4,9;5,1;5,2;5,0;4,7;4,4;4,3;4,3;4,4;4,2;4,2;4,3;4,4;4,7;5,0;4,8;5,6;5,9;5,6;5,3;5,1;5,1;5,0;4,9;4,9;5,3;5,2;5,1;5,0;4,7;4,4;4,0;4,0;3,9;4,0;4,1;4,2;4,6;4,5;4,4;4,3;4,1;3,8;3,7;3,9;4,3;4,4;4,5;4,3;4,7;4,9;4,7;4,4;4,5;4,4;4,2;4,2;4,1;4,3;4,3;4,3;4,7;4,7;4,6;4,3;4,1;4,0;3,9;4,1;4,1;4,2;4,2;4,2;4,6;5,0;4,7;4,3;4,1;4,2;4,5;4,6;4,9;5,0;5,2;5,4;5,8;6,1;6,1;6,0
Powiat nowomiejski;042815412000;21,0;20,8;20,9;19,9;19,4;19,1;19,0;19,2;19,6;20,2;20,7;21,7;22,8;22,9;22,4;21,8;20,8;20,3;20,3;20,4;20,6;20,5;21,3;22,4;24,0;24,3;24,4;24,0;23,5;22,7;22,7;22,4;23,0;23,0;23,1;23,6;25,0;24,6;23,9;22,3;21,0;19,5;19,7;19,0;19,2;19,0;19,0;19,3;20,6;20,2;18,6;17,6;16,7;16,0;15,9;15,6;15,4;14,5;14,2;14,6;15,8;15,7;14,5;13,5;12,4;11,5;11,4;11,3;10,8;10,4;10,2;10,6;11,4;11,6;11,4;10,0;9,6;9,3;9,4;9,5;9,6;8,8;8,2;8,4;8,9;9,2;9,0;8,2;8,1;7,7;7,7;8,0;7,6;7,8;7,8;8,0;8,5;8,7;8,2;7,5;7,3;7,1;7,2;7,2;7,3;7,4;7,5;7,6;7,9;8,0;8,0;8,6;9,2;9,1;8,6;8,7;8,7;8,6;8,5;8,8;8,5;9,4;9,6;9,4;9,3;9,2;9,0;9,2;9,2;9,2;9,1;10,6;11,0;11,0;11,0;10,8;10,7;10,2;10,4;10,6;10,7;10,9;10,8;11,0;11,8;11,8;11,7;11,6;11,5;11,0;10,7;10,4;10,4;10,2;10,3;10,5;11,0;10,8;11,1;10,5;10,2;9,8;9,7;10,0;10,2;9,9;10,0;10,5;11,2;11,4;10,9;10,6;10,8;10,6;10,8;11,0;11,6;11,7;11,7;12,2;12,6;12,8;12,9;13,0
Powiat ostródzki;042815415000;22,7;23,3;23,1;22,4;21,4;20,3;20,1;20,2;20,6;20,8;21,3;22,3;23,3;23,2;22,8;22,4;21,8;21,3;21,1;21,5;22,1;22,3;22,7;23,8;24,8;25,0;24,8;24,4;23,7;23,0;23,4;23,2;23,2;23,5;23,7;24,3;25,0;24,5;23,6;22,7;21,8;21,0;20,6;20,3;19,9;19,9;19,9;20,4;21,0;20,7;19,1;18,1;17,6;16,7;16,3;16,3;16,6;16,5;16,4;16,4;17,0;17,0;16,6;16,0;15,4;15,0;14,7;14,6;14,4;14,5;14,6;14,7;15,1;15,1;14,5;13,9;13,5;12,8;12,7;12,8;12,8;12,3;12,2;12,1;12,5;12,3;11,8;11,2;10,8;10,5;10,5;10,6;10,8;10,8;10,9;11,4;11,8;11,9;11,1;10,4;9,9;9,6;9,6;9,6;9,5;9,5;9,4;10,1;10,7;10,6;10,1;10,9;11,5;11,6;11,2;11,0;11,0;10,6;10,5;10,9;11,6;11,7;11,3;11,1;11,0;10,4;9,8;9,5;9,4;9,2;9,0;9,6;10,1;10,2;9,7;9,2;8,9;8,5;8,4;8,3;8,5;8,6;8,7;8,8;9,6;9,8;9,2;9,0;8,8;8,4;8,1;7,9;7,8;7,8;7,8;8,6;9,4;9,4;9,2;8,8;8,5;8,2;8,0;8,3;8,7;8,6;8,8;9,4;10,3;10,4;9,9;9,2;8,8;8,8;9,2;9,5;9,7;9,9;9,8;10,2;10,9;11,0;10,8;10,6
Powiat m. Elbląg;042815461000;17,2;17,9;17,6;17,3;16,7;15,9;15,6;15,8;15,8;15,9;16,0;16,2;16,9;17,1;17,2;17,2;17,1;16,7;16,4;16,3;16,1;16,5;16,7;17,0;17,4;18,1;18,7;18,4;18,0;17,6;17,3;17,2;17,2;17,4;17,4;17,7;18,3;18,5;18,0;17,5;17,2;16,6;16,2;15,7;15,5;15,2;15,0;15,3;15,9;15,8;15,2;14,9;14,5;14,1;13,8;13,6;13,5;13,2;13,1;12,9;13,4;13,6;13,5;13,2;12,9;12,2;12,0;12,0;11,8;11,5;11,5;11,3;11,7;11,7;11,2;10,9;10,6;10,2;10,0;9,9;9,8;9,4;9,1;9,2;9,5;9,4;9,2;9,1;8,8;8,5;8,3;8,3;8,1;8,1;8,1;8,2;8,4;8,5;8,2;7,9;7,5;7,0;6,8;6,4;5,9;5,6;5,6;5,7;6,3;6,6;6,7;7,2;7,6;8,0;8,0;7,9;7,9;7,7;7,7;7,9;8,4;8,6;8,3;8,0;7,8;7,4;7,3;7,1;6,9;6,8;6,6;6,8;7,1;7,3;7,1;7,0;6,7;6,5;6,5;6,5;6,5;6,6;6,6;6,7;7,1;7,2;7,1;7,0;6,9;6,8;6,6;6,5;6,5;6,4;6,2;6,3;6,9;6,9;6,7;6,5;6,3;6,3;6,2;6,3;6,3;6,2;6,3;6,5;7,0;7,4;7,4;7,3;7,3;7,4;7,7;7,7;7,8;7,7;7,8;7,9;8,3;8,6;8,6;8,5
Powiat ełcki;042815505000;25,9;26,3;26,0;24,8;24,2;23,5;23,2;23,0;23,1;23,5;24,0;24,9;25,9;26,1;26,0;25,6;25,0;24,8;24,4;24,7;24,5;24,8;25,8;26,9;27,6;27,6;27,6;26,9;26,2;25,6;25,5;25,1;25,2;25,2;25,4;26,0;26,8;26,6;25,6;24,6;24,0;23,3;22,8;22,3;21,8;21,5;21,8;22,3;23,3;23,4;22,4;21,4;20,7;20,1;19,6;19,3;18,9;18,7;18,5;19,1;20,2;20,2;19,6;18,7;17,8;17,0;16,9;17,1;16,7;16,6;16,8;17,1;17,8;17,6;16,8;15,8;15,1;14,7;14,8;14,6;14,6;14,3;14,1;14,2;14,7;14,7;14,5;13,8;13,3;12,5;12,6;12,6;12,7;12,6;12,7;12,8;13,3;13,2;12,9;12,4;11,6;11,1;10,8;10,8;10,6;10,5;10,9;11,2;12,0;11,9;11,4;12,3;12,7;12,5;12,6;12,4;12,4;12,2;12,2;12,6;13,4;13,4;13,0;12,4;11,9;11,3;11,0;10,8;10,7;10,6;10,5;12,0;12,4;12,3;12,0;11,4;11,0;10,5;10,7;10,8;10,8;10,9;11,3;11,1;11,8;11,8;11,5;11,2;10,9;10,9;10,6;10,5;10,3;10,3;10,4;10,7;11,4;11,4;11,1;10,6;10,2;10,1;10,1;10,3;10,1;10,1;10,2;10,7;11,6;11,8;11,4;10,9;10,8;10,7;11,0;11,2;10,9;10,9;10,9;10,9;11,7;12,0;11,7;11,4
Powiat giżycki;042815506000;20,6;20,9;20,2;18,5;16,6;14,9;14,1;14,1;14,6;15,1;16,2;17,0;18,4;18,8;18,1;16,8;15,3;14,6;14,2;14,7;15,5;16,3;17,5;18,8;20,3;20,5;19,9;18,8;17,5;16,4;16,1;16,0;16,3;17,3;18,2;19,6;20,8;20,6;20,1;18,4;16,8;15,8;15,2;15,0;15,0;15,4;16,2;17,2;18,6;18,8;18,5;17,3;15,8;14,2;13,7;13,8;14,2;14,4;15,2;16,0;16,8;17,0;16,6;15,3;14,0;12,9;12,4;12,2;12,6;13,2;13,6;14,2;15,1;15,1;14,2;12,8;11,2;10,1;9,8;10,0;10,2;10,2;10,4;10,6;11,3;11,8;11,3;10,0;8,7;7,8;7,4;7,2;7,7;8,1;8,4;9,0;9,8;9,9;9,4;8,1;7,1;6,5;6,4;6,7;7,0;7,8;8,5;8,9;9,6;9,5;9,4;10,2;10,5;10,0;9,4;9,1;9,2;9,5;10,1;10,7;11,4;11,6;11,4;10,8;10,0;8,8;8,2;7,8;7,8;7,7;7,9;8,9;9,6;9,4;9,0;8,6;7,9;7,4;7,2;7,3;7,4;7,9;8,6;8,8;9,6;9,6;9,4;9,0;8,5;7,6;7,4;7,4;7,8;8,4;8,5;9,1;9,8;10,0;9,7;9,0;8,3;7,8;7,5;7,8;8,0;8,4;8,8;9,1;10,1;10,2;9,6;9,0;8,2;8,1;8,5;9,0;9,5;9,9;10,3;10,6;11,4;11,7;11,9;11,3
Powiat olecki;042815513000;22,9;23,0;22,5;21,8;20,7;20,2;20,1;20,3;20,2;20,2;20,8;21,9;22,8;22,8;22,6;22,2;21,4;21,2;21,3;21,6;21,4;21,7;22,2;23,1;24,5;24,6;24,4;23,9;22,8;22,3;22,1;22,0;22,0;22,2;22,9;23,2;24,1;23,7;22,9;21,7;20,8;20,4;20,5;20,3;20,4;20,0;20,3;20,7;21,5;21,1;20,5;19,9;19,1;18,5;18,8;18,6;18,0;17,7;18,0;18,5;19,2;19,1;18,9;17,9;16,8;16,5;16,4;15,9;15,5;15,7;16,0;16,3;16,9;17,1;16,4;15,6;14,8;14,3;14,4;14,3;14,1;13,7;13,8;14,4;15,0;15,0;14,5;13,2;12,5;12,4;12,0;12,1;11,8;11,8;11,7;12,0;12,3;12,2;11,6;10,6;10,0;9,7;9,7;9,9;9,6;9,4;9,5;9,9;10,4;10,3;10,2;10,9;11,1;11,1;11,3;11,3;11,2;11,1;11,0;11,6;12,1;11,8;11,4;11,2;10,5;10,1;10,1;10,3;10,2;9,8;9,7;11,0;11,3;11,5;11,3;10,9;10,7;10,4;10,3;10,5;10,6;10,3;10,5;10,6;11,4;11,6;11,6;11,9;11,7;11,6;11,8;12,4;13,0;12,7;13,0;13,9;14,6;14,6;14,1;13,6;13,2;12,8;12,2;12,8;12,4;12,2;12,2;12,7;13,4;13,5;13,3;13,1;12,9;12,8;13,0;13,3;13,1;12,9;13,1;13,5;13,9;14,0;14,0;13,4
Powiat piski;042815516000;34,2;34,6;33,8;32,1;30,8;30,2;29,5;30,4;30,8;30,9;31,6;33,3;34,4;34,0;33,1;32,0;31,3;31,0;30,3;30,6;30,7;30,8;30,6;30,9;34,2;33,9;33,2;31,7;30,8;30,2;30,6;30,6;30,8;31,3;32,0;33,6;34,9;34,4;33,0;31,8;30,0;29,2;28,9;29,3;29,2;28,3;28,4;29,2;32,1;31,8;31,0;29,9;28,8;27,8;27,1;26,8;26,7;26,3;26,6;26,8;27,9;28,1;27,1;26,0;24,7;22,8;22,0;21,6;20,9;20,9;20,6;21,2;22,4;21,8;20,7;19,3;18,5;17,2;16,4;16,5;16,6;16,5;16,6;16,5;17,2;17,2;15,9;14,5;13,2;12,5;12,0;12,0;12,1;12,3;12,6;13,3;14,5;14,5;13,7;12,6;11,8;11,1;10,9;11,2;11,5;11,5;11,8;12,4;13,6;13,5;13,1;14,0;14,5;14,2;13,5;13,5;13,8;14,1;14,1;14,6;15,3;15,5;15,5;15,0;14,4;13,6;13,2;13,2;13,6;13,3;13,3;14,3;14,9;15,0;14,7;13,8;12,8;12,3;11,9;12,0;12,6;12,7;13,1;12,3;12,9;13,3;13,1;12,2;11,5;11,3;10,9;10,7;11,0;11,5;11,7;12,5;13,3;13,6;13,0;12,3;12,0;11,7;10,9;11,6;11,9;12,5;12,6;12,8;13,7;13,3;12,6;11,5;11,3;11,0;11,3;11,9;12,4;13,1;13,4;13,6;14,5;14,7;14,5;13,8
Powiat gołdapski;042815518000;23,3;23,6;22,8;22,7;21,8;20,5;20,7;21,3;22,1;21,6;22,1;22,7;23,7;24,0;24,3;23,5;22,8;22,3;22,0;21,7;21,7;22,6;23,4;25,2;26,1;26,5;25,9;25,2;24,0;23,1;23,4;23,6;23,7;23,4;23,5;24,6;25,4;25,1;24,9;23,5;21,8;21,2;20,8;20,6;20,4;19,8;19,9;20,9;21,3;21,8;21,8;21,0;20,3;19,0;18,6;18,8;18,0;17,5;17,9;19,1;19,8;19,2;18,6;17,5;16,8;16,4;16,5;16,1;15,8;15,7;16,1;17,1;17,7;17,4;16,1;14,8;13,7;12,5;12,1;12,5;11,9;11,0;11,0;12,0;12,6;11,9;11,6;10,9;10,3;9,6;9,5;9,5;9,2;9,1;9,5;10,6;11,7;10,9;10,1;9,2;8,8;8,6;8,8;9,0;8,8;8,7;8,8;9,7;10,1;9,9;9,6;10,2;10,6;10,4;9,9;9,5;9,4;9,0;9,1;9,9;11,2;10,5;10,3;9,4;8,5;7,8;7,5;7,5;7,1;7,3;7,3;9,1;10,3;9,7;9,3;8,8;8,7;8,6;8,5;8,8;8,7;8,8;9,1;9,7;10,8;10,4;9,6;8,9;8,4;7,4;7,2;7,1;6,9;6,8;7,0;8,1;8,9;8,4;7,3;6,9;6,8;6,7;6,6;7,0;7,0;7,1;7,2;8,0;8,9;8,6;7,8;7,6;7,4;7,0;7,5;7,9;8,1;8,2;8,2;8,5;9,2;9,6;9,4;9,2
Powiat węgorzewski;042815519000;29,2;30,2;30,0;28,6;27,2;25,5;23,8;23,9;24,7;25,6;26,6;28,1;29,1;29,8;29,7;27,9;26,9;25,2;24,2;24,8;25,6;26,4;27,8;30,3;32,0;31,9;31,2;30,4;28,4;26,4;25,7;25,8;26,2;27,2;28,8;30,6;31,1;31,6;30,7;29,6;27,7;25,9;25,5;25,6;26,3;27,1;27,6;27,7;28,3;28,3;27,7;26,6;25,2;23,7;22,7;22,5;22,6;22,5;23,0;24,6;25,8;25,8;25,4;23,8;22,4;20,7;20,3;19,9;20,4;21,1;22,2;22,9;23,8;23,8;23,0;21,3;19,6;18,3;17,4;17,5;17,8;18,4;19,1;19,5;20,3;20,4;20,3;18,6;16,9;15,3;15,0;14,8;14,6;15,4;16,8;17,7;18,9;18,6;17,8;15,4;13,6;12,5;12,3;12,3;12,2;13,3;14,1;15,4;16,4;16,4;15,8;16,7;16,9;15,4;14,3;13,6;13,8;14,2;15,3;16,5;17,3;17,2;17,1;15,7;14,5;13,2;12,7;12,7;12,8;13,7;13,7;16,4;17,7;17,5;16,2;14,6;12,9;11,5;11,1;10,6;11,5;12,5;13,4;12,8;14,2;14,0;13,6;12,2;11,1;10,7;9,2;9,3;9,6;10,1;11,0;12,5;13,6;13,5;13,0;11,7;10,5;9,8;9,4;9,5;10,0;11,0;12,3;13,0;14,2;14,3;13,5;11,8;10,8;10,7;10,6;10,5;10,8;11,7;12,7;13,2;13,8;14,1;14,1;13,2
Powiat bartoszycki;042815601000;31,2;31,3;30,6;29,4;28,4;28,0;28,1;28,0;28,2;28,6;29,2;30,0;30,9;30,6;30,3;29,4;28,7;28,1;28,5;28,7;28,4;28,6;28,8;29,8;31,0;30,4;30,2;29,6;28,9;28,4;28,9;29,0;29,0;29,3;29,9;30,2;30,9;30,4;29,7;28,4;27,7;27,3;27,0;26,7;26,6;26,8;26,9;27,7;28,7;28,3;27,3;26,3;25,9;25,6;25,3;25,0;24,8;24,4;24,2;24,4;25,7;25,5;25,0;23,9;23,4;22,9;22,9;22,8;22,5;22,8;22,9;23,4;24,3;23,6;22,8;22,1;21,7;20,9;20,9;20,7;20,7;20,5;20,5;20,6;21,7;21,0;20,2;19,3;18,8;18,2;18,4;17,8;18,2;18,3;18,5;19,2;20,0;19,5;18,6;17,8;17,3;17,1;16,8;16,4;16,2;16,0;16,5;17,3;18,5;17,9;17,4;17,5;18,5;18,7;18,4;18,0;17,1;16,9;17,2;17,5;18,3;18,2;18,1;17,6;17,2;16,7;16,6;16,3;16,1;16,1;16,0;19,8;20,8;20,1;19,8;19,3;19,2;18,9;18,6;18,3;18,6;18,6;18,4;18,2;19,5;18,8;18,0;17,7;17,3;17,3;17,2;17,0;16,7;17,0;17,0;17,6;19,0;18,2;17,4;16,8;16,0;15,7;15,4;15,7;15,5;15,8;16,1;16,7;17,8;17,6;17,2;16,6;16,3;16,2;16,5;16,4;16,7;17,0;17,2;17,5;18,7;18,7;18,2;17,6
Powiat kętrzyński;042815608000;29,2;29,4;29,5;28,6;27,2;26,1;26,0;26,7;26,7;27,1;27,7;29,2;30,3;30,9;30,7;29,2;28,0;27,2;27,0;27,2;26,5;27,1;28,3;30,2;31,1;31,2;31,2;30,0;28,4;28,1;27,9;28,1;28,4;28,8;29,6;31,1;32,0;31,6;30,9;29,8;28,1;27,4;27,1;27,4;27,0;26,9;27,6;30,1;30,5;30,2;29,8;28,5;27,5;26,9;26,7;26,6;26,1;26,1;26,5;27,4;28,0;28,0;27,4;26,4;25,3;24,4;23,8;23,6;23,3;23,0;23,3;23,8;23,9;23,8;22,7;21,8;20,3;19,2;18,7;18,5;18,2;17,9;18,4;18,7;20,5;20,1;19,8;18,8;17,6;17,1;16,8;16,4;16,3;17,2;17,8;18,3;19,1;19,1;18,6;17,6;16,8;16,5;16,5;16,8;16,7;16,8;17,0;18,0;19,2;19,3;18,5;19,2;19,3;19,0;18,6;18,1;18,5;18,5;18,8;20,3;20,9;20,8;20,4;19,9;18,9;17,8;17,5;17,3;17,4;17,1;17,2;19,8;20,3;20,4;19,7;19,2;18,3;17,6;17,4;17,5;17,8;17,9;18,1;18,0;18,5;18,4;17,6;17,3;16,6;16,2;15,9;15,8;16,0;15,9;15,7;16,0;16,5;16,8;16,1;15,4;14,9;14,7;14,7;14,8;14,4;14,7;14,8;17,0;17,8;17,9;17,0;16,6;16,0;15,8;16,3;16,5;16,8;16,6;16,8;17,6;18,2;18,2;17,8;17,3
Powiat lidzbarski;042815609000;27,6;28,3;28,5;27,9;27,5;26,0;25,7;25,3;25,3;25,1;25,8;25,8;27,0;27,4;27,3;26,2;25,7;24,6;24,6;24,4;23,9;24,4;24,9;25,1;26,6;26,9;27,0;26,4;25,8;25,3;25,6;25,1;25,3;25,6;26,1;27,5;28,8;28,7;27,9;26,7;25,6;25,0;24,7;24,4;24,2;23,9;24,2;24,8;25,6;25,6;25,0;24,0;23,4;22,7;22,4;21,9;22,1;21,7;21,8;22,2;22,8;23,0;22,6;21,6;20,9;20,3;20,2;20,1;19,9;19,8;20,0;20,2;20,7;20,6;20,1;19,1;18,3;17,6;17,5;17,6;17,5;16,8;16,7;16,9;17,6;17,4;16,9;16,4;15,8;15,3;15,2;14,9;14,8;14,3;14,1;14,6;15,6;15,5;15,2;14,4;13,4;13,2;13,1;12,8;12,4;12,1;12,4;12,9;13,7;13,6;13,7;14,6;14,9;14,7;14,5;13,7;13,2;13,0;13,2;13,2;13,9;13,9;13,4;12,9;12,8;12,2;11,7;11,6;11,4;11,1;11,2;12,7;13,6;13,5;13,4;12,7;12,2;11,5;11,4;11,1;10,6;10,9;11,0;10,7;11,6;11,6;11,8;11,2;10,6;10,4;10,3;10,4;10,1;10,3;10,1;10,5;11,2;11,1;10,7;10,0;9,8;9,6;9,4;10,3;10,2;10,2;10,9;11,3;12,3;12,2;11,5;11,0;10,7;10,5;11,1;11,4;11,8;12,1;12,4;12,7;13,5;13,6;13,2;12,8
Powiat mrągowski;042815610000;23,5;24,0;24,1;21,5;18,6;17,1;16,9;17,2;18,2;19,9;20,9;21,6;22,9;23,1;23,2;20,8;17,8;16,8;16,8;17,2;18,4;20,4;22,2;23,3;24,4;24,6;24,2;22,7;20,3;18,9;18,7;18,4;19,1;20,8;22,1;22,9;23,4;23,4;22,6;20,2;18,1;17,1;16,6;16,3;16,9;18,3;19,2;19,6;20,7;20,9;20,2;17,9;16,1;15,2;14,8;14,7;15,1;16,4;17,2;17,5;18,6;18,7;17,6;15,7;14,1;12,6;12,1;12,3;12,9;13,9;14,7;15,3;15,9;16,0;15,2;13,0;11,6;10,6;10,2;10,4;10,6;11,2;11,7;11,5;12,0;12,2;11,9;10,1;9,1;8,2;8,1;8,1;8,5;9,8;10,3;11,1;11,6;11,9;11,0;9,3;8,5;8,0;7,9;8,2;8,3;9,4;9,7;10,0;10,9;11,0;10,9;11,6;11,8;11,1;10,4;10,0;9,9;9,9;10,3;11,1;12,0;12,6;12,0;11,2;10,3;9,5;8,7;8,3;8,2;8,6;8,8;9,7;10,2;10,6;10,3;9,4;8,4;7,6;7,2;7,3;7,5;8,2;8,8;9,3;10,1;10,2;9,9;9,6;8,6;7,9;7,5;7,0;7,0;7,4;8,0;8,6;9,2;9,5;9,1;8,0;7,2;6,7;6,4;6,7;6,9;7,6;8,0;8,2;9,2;8,9;8,6;7,8;7,4;7,3;7,8;8,1;8,5;9,5;9,8;10,1;11,2;11,2;11,1;10,6
Powiat nidzicki;042815611000;22,1;23,0;23,1;21,9;20,8;20,0;19,8;19,0;18,6;18,8;19,5;20,9;22,5;22,5;22,4;21,6;20,4;19,4;19,4;19,5;19,9;20,4;21,3;23,0;24,1;24,3;24,1;23,7;22,6;21,6;21,6;20,6;20,7;20,6;21,4;22,2;23,1;23,0;22,8;21,3;20,1;19,3;18,7;18,2;17,9;17,4;17,4;17,7;18,9;19,4;18,6;17,2;16,1;15,2;14,3;14,6;14,1;14,2;14,5;14,8;15,2;15,4;14,6;13,7;12,8;11,8;11,2;11,0;11,2;10,9;11,1;11,7;12,2;11,9;11,5;10,6;9,7;9,0;8,7;8,7;8,8;8,5;8,7;8,9;9,7;9,7;9,5;9,0;8,7;8,3;8,2;8,0;7,6;7,6;8,0;8,5;9,1;9,2;8,8;8,6;8,4;8,0;7,9;7,6;7,6;7,2;6,9;7,2;7,8;7,8;7,6;8,1;8,5;8,3;7,9;7,3;6,9;6,5;6,5;7,1;7,7;8,3;8,1;7,8;7,5;7,0;6,8;6,6;6,6;5,9;5,6;6,0;6,3;6,3;6,5;6,4;6,0;5,9;5,9;6,1;6,0;6,2;6,3;6,4;7,1;7,3;7,3;7,1;6,8;6,5;6,3;6,1;6,1;6,2;6,4;7,0;7,8;7,8;7,4;7,0;6,6;6,5;6,5;6,8;6,8;6,7;6,5;6,9;7,6;8,0;7,8;7,4;7,0;6,9;7,4;7,6;8,1;8,1;8,3;8,5;8,9;9,4;9,4;9,2
Powiat olsztyński;042815614000;21,4;22,0;22,3;20,9;19,6;18,7;18,8;18,7;18,9;19,0;19,8;21,0;22,3;22,6;22,1;21,6;20,6;20,0;19,8;20,0;20,4;20,2;21,3;22,0;23,3;23,8;23,2;22,5;21,7;21,1;20,9;21,1;21,0;21,1;22,4;22,8;23,7;23,5;22,7;21,7;20,7;20,3;20,0;19,7;19,5;19,5;20,1;19,9;20,7;20,7;19,8;18,9;18,2;17,4;17,0;16,8;16,8;16,8;17,0;17,5;18,2;18,5;18,1;17,4;16,5;15,6;15,4;15,2;15,2;15,2;15,5;15,3;15,9;15,9;15,4;14,6;14,2;13,8;13,8;13,7;13,7;13,4;13,4;13,1;13,6;13,6;13,2;12,5;12,0;11,3;10,9;10,8;10,8;10,7;10,8;10,7;11,2;11,2;10,8;10,0;9,5;9,1;9,0;8,9;8,6;8,5;8,6;8,6;9,3;9,5;9,6;10,1;10,6;10,7;10,7;10,8;10,5;10,3;10,2;10,2;10,7;10,8;10,6;10,2;9,8;9,4;9,1;8,8;8,3;8,0;7,8;8,0;8,4;8,4;7,8;7,4;7,0;6,8;6,8;6,9;7,0;7,0;7,2;6,7;7,2;7,5;7,2;7,1;6,7;6,5;6,4;6,2;6,1;6,1;6,1;6,4;6,9;7,0;6,8;6,5;6,3;5,9;5,8;5,9;5,9;6,0;6,0;6,2;6,8;7,0;6,8;6,3;5,9;5,9;6,2;6,2;6,4;6,4;6,6;6,8;7,4;7,7;7,5;7,2
Powiat szczycieński;042815617000;27,0;27,0;26,7;25,8;24,9;24,0;23,6;23,2;23,5;23,7;24,4;25,7;26,7;27,1;27,1;26,6;25,8;25,6;25,8;25,8;26,0;25,7;26,0;26,0;26,6;27,0;26,4;25,9;25,0;24,0;24,3;24,0;24,1;24,4;24,8;25,3;26,1;26,3;25,8;24,8;24,1;24,5;24,4;23,8;23,2;22,7;22,5;22,2;22,5;22,5;21,8;20,6;19,0;18,2;17,8;17,9;17,8;17,7;17,8;17,3;17,8;17,8;17,1;16,3;15,3;14,1;13,4;13,3;13,4;13,7;13,9;14,3;15,0;14,9;14,4;13,6;12,8;12,3;12,0;12,0;11,8;11,6;11,4;11,5;11,8;11,9;11,4;10,5;9,6;8,9;8,9;8,8;8,9;8,8;9,0;9,4;10,1;10,0;9,5;9,0;8,6;8,3;8,1;8,1;8,2;8,2;8,5;8,8;9,3;9,1;8,9;9,6;9,8;10,1;10,2;10,3;10,1;10,2;10,0;10,2;10,6;10,6;10,4;10,2;9,9;9,2;9,2;9,2;9,2;9,2;9,0;9,3;9,7;9,5;9,2;8,8;8,4;7,9;7,8;7,8;8,2;8,5;8,4;8,3;8,8;9,0;8,7;8,6;8,6;8,4;8,4;8,6;8,6;8,6;8,6;9,1;9,5;9,6;9,4;9,2;8,6;8,4;8,5;8,8;9,0;9,0;9,1;9,5;10,3;10,3;10,1;9,6;9,4;9,5;9,9;10,2;10,5;10,9;11,0;11,1;11,7;11,6;11,3;11,1
Powiat m. Olsztyn;042815662000;7,4;7,7;7,9;7,5;7,0;6,5;6,4;6,4;6,5;6,6;6,9;7,2;7,7;7,9;7,9;7,9;7,6;7,4;7,4;7,6;7,8;7,7;7,9;8,4;8,8;9,2;9,0;8,7;8,4;8,4;8,1;8,2;8,1;8,0;8,3;8,4;8,7;8,6;8,3;8,0;7,6;7,4;7,3;7,2;6,9;6,8;6,7;6,8;7,1;7,1;6,8;6,7;6,5;6,2;6,2;6,0;5,9;5,8;5,7;5,8;6,1;6,1;6,0;5,9;5,5;5,2;5,2;5,1;5,0;4,9;4,9;5,1;5,2;5,2;5,1;4,9;4,8;4,6;4,6;4,7;4,7;4,5;4,4;4,5;4,6;4,5;4,4;4,0;3,9;3,7;3,6;3,6;3,5;3,4;3,4;3,5;3,6;3,6;3,3;3,1;3,0;2,9;2,8;2,7;2,7;2,7;2,6;2,7;3,0;3,0;3,0;3,4;3,6;3,7;3,7;3,6;3,5;3,4;3,4;3,5;3,7;3,8;3,8;3,6;3,5;3,3;3,2;2,9;2,7;2,5;2,4;2,2;2,4;2,3;2,2;2,1;2,0;2,0;2,0;1,9;2,0;1,9;2,0;2,1;2,2;2,3;2,2;2,2;2,1;2,0;2,0;2,0;2,0;1,9;2,0;2,1;2,3;2,4;2,2;2,1;2,0;2,0;2,0;2,0;2,0;2,0;2,0;2,0;2,3;2,3;2,2;2,1;2,0;2,1;2,3;2,5;2,5;2,6;2,6;2,7;3,0;3,2;3,2;3,0
Powiat łódzki wschodni;051011506000;12,2;12,3;12,3;11,8;11,4;11,2;11,4;11,4;11,3;11,1;11,2;11,3;12,8;13,3;13,3;13,1;12,7;12,5;12,0;11,7;11,8;11,4;11,8;12,6;14,0;14,3;14,2;14,1;13,7;13,4;13,1;13,1;12,8;12,5;12,7;13,0;13,6;13,7;13,3;12,7;12,6;12,5;12,2;12,2;11,8;11,2;11,2;11,5;12,3;12,3;11,9;11,7;11,3;10,8;10,6;10,7;10,6;10,4;10,3;10,1;10,8;10,7;10,7;10,6;10,2;9,9;9,8;9,6;9,3;9,2;9,2;9,2;9,4;9,5;9,2;9,0;8,5;8,3;8,4;8,3;8,4;7,9;7,9;8,1;8,3;8,3;8,1;7,8;7,5;7,4;7,3;7,2;7,1;6,9;6,9;7,0;7,2;7,2;7,1;6,9;6,8;6,6;6,6;6,4;6,3;6,2;6,2;6,1;6,3;6,3;6,1;6,5;6,8;7,0;7,0;6,9;6,8;6,7;6,4;6,6;6,6;6,7;6,6;6,6;6,5;6,3;6,2;6,2;6,1;6,0;5,8;5,8;6,0;6,1;6,2;6,1;6,0;5,7;5,7;5,7;5,6;5,5;5,5;5,8;6,0;6,2;6,0;6,0;5,9;6,0;5,8;5,8;5,8;5,9;5,8;5,7;5,8;5,7;5,6;5,5;5,6;5,4;5,5;5,5;5,5;5,4;5,4;5,4;5,5;5,7;5,6;5,6;5,5;5,6;5,8;6,0;6,1;6,0;6,0;6,1;6,3;6,3;6,3;6,3
Powiat pabianicki;051011508000;15,9;16,5;16,5;16,0;15,5;15,2;15,0;14,9;15,0;15,6;15,5;16,5;17,5;17,8;17,6;17,4;17,0;16,7;16,6;16,8;16,7;16,6;16,7;17,5;18,2;18,4;18,2;17,9;17,6;17,3;17,0;16,8;16,4;16,9;16,6;16,6;16,9;16,7;16,3;16,0;15,6;15,0;14,8;14,6;14,2;14,0;13,9;13,7;14,1;14,3;14,5;14,2;13,7;13,2;12,7;12,3;11,8;11,3;11,3;11,4;11,6;11,7;11,8;11,2;10,9;10,5;10,3;10,0;9,7;9,7;9,6;9,6;9,8;9,7;9,2;8,9;8,5;8,1;8,1;8,2;8,0;7,5;7,5;7,8;7,7;7,7;7,6;7,4;7,3;7,1;7,1;7,2;7,0;6,8;6,7;6,9;6,9;7,1;7,0;6,8;6,6;6,3;6,3;6,5;6,3;6,2;6,1;6,2;6,4;6,5;6,5;6,6;7,0;7,0;7,1;7,1;7,0;6,8;6,8;6,8;6,8;7,0;6,9;6,8;6,7;6,5;6,6;6,5;6,4;6,3;6,2;6,5;6,4;6,5;6,5;6,5;6,4;6,2;6,1;6,1;6,0;6,0;5,8;5,8;6,0;6,0;5,9;5,9;5,8;5,7;5,6;5,6;5,6;5,5;5,4;5,6;5,7;6,0;6,1;5,9;5,8;5,7;5,6;5,8;5,9;5,7;5,7;5,9;6,2;6,4;6,3;6,1;6,0;6,1;6,5;6,7;6,6;6,5;6,4;6,6;6,8;7,0;7,0;6,9
Powiat zgierski;051011520000;16,5;16,8;16,8;16,3;16,0;15,8;15,6;15,6;15,7;15,7;16,2;16,8;18,0;18,4;18,4;17,9;17,8;17,4;17,4;17,4;17,4;17,3;17,7;18,8;19,9;19,9;19,7;19,3;19,0;18,7;18,6;18,4;18,1;18,0;18,1;18,4;19,1;18,9;18,4;17,8;17,3;16,7;16,3;15,9;15,4;14,8;14,5;14,3;14,9;14,8;14,7;14,6;14,1;13,6;13,2;13,0;13,2;12,7;12,7;12,6;13,2;13,2;12,8;12,3;11,8;11,4;11,2;11,0;10,8;10,5;10,4;10,2;10,5;10,2;9,9;9,5;9,3;8,9;8,7;8,7;8,4;7,8;7,7;7,8;8,1;8,0;7,8;7,4;7,1;6,9;6,9;6,9;6,8;6,7;6,8;6,9;7,3;7,1;6,8;6,5;6,2;6,0;6,0;6,0;5,8;5,7;5,8;5,6;6,0;5,9;5,9;6,3;6,6;6,8;6,7;6,6;6,3;6,3;6,3;6,4;6,7;6,8;6,9;7,0;6,9;6,8;6,7;6,2;5,8;5,6;5,5;5,5;5,7;5,5;5,5;5,4;5,3;5,1;5,1;5,1;5,1;5,1;5,1;5,1;5,5;5,5;5,6;5,5;5,5;5,6;5,6;5,5;5,5;5,3;5,1;5,3;5,7;5,7;5,6;5,5;5,5;5,5;5,6;5,7;5,6;5,5;5,4;5,5;5,9;6,1;6,2;6,0;5,8;5,8;6,0;6,2;6,2;6,3;6,4;6,4;6,8;6,9;6,9;6,8
Powiat brzeziński;051011521000;15,2;15,6;15,6;15,2;14,8;14,2;13,7;14,0;14,2;14,0;14,3;15,3;16,1;16,6;16,3;15,7;15,3;15,1;15,0;15,1;14,7;15,0;15,5;16,2;17,5;17,9;17,5;17,1;16,7;16,2;15,8;15,7;15,2;14,8;15,1;15,6;16,5;16,5;15,8;15,1;14,8;14,2;14,0;13,7;13,0;12,6;12,8;13,1;13,9;13,9;13,1;12,6;12,4;12,2;12,0;12,0;12,1;11,9;12,0;12,5;12,6;12,5;11,7;11,2;10,9;10,6;10,3;10,5;10,4;10,4;10,5;10,5;11,0;10,5;9,6;9,1;8,9;8,5;8,5;8,3;8,1;7,7;7,8;7,6;7,8;7,6;7,2;7,0;6,6;6,7;6,7;6,5;6,4;6,3;6,4;6,9;7,3;7,3;7,2;6,7;6,6;6,3;6,5;6,7;6,5;6,5;6,6;6,8;7,1;6,9;6,7;7,3;7,5;7,6;7,6;7,6;7,7;7,6;7,5;7,5;7,7;7,7;7,5;7,3;7,1;6,8;6,8;6,7;6,6;6,5;6,4;7,8;8,2;7,9;8,0;7,7;7,6;7,4;7,6;7,5;7,6;8,0;8,0;7,7;8,2;8,0;8,1;8,3;7,4;6,1;6,7;7,0;7,0;7,1;7,1;7,4;7,8;7,9;7,9;7,6;7,3;7,0;6,9;7,5;7,2;7,1;7,0;6,9;7,4;7,1;6,9;6,8;7,0;7,2;7,3;7,4;7,5;7,6;7,9;8,0;8,3;8,0;8,0;8,0
Powiat m. Łódź;051011661000;10,3;10,5;10,7;10,7;10,7;10,4;10,4;10,4;10,4;10,4;10,6;11,0;11,4;11,8;11,9;11,9;11,8;11,7;11,5;11,5;11,6;11,7;11,9;12,0;12,6;12,8;12,8;12,7;12,6;12,4;12,3;12,2;12,2;12,2;12,3;12,3;12,7;12,8;12,7;12,5;12,2;11,9;11,7;11,4;11,1;10,8;10,8;10,7;10,9;11,0;11,1;11,1;10,8;10,7;10,4;10,1;9,9;9,6;9,6;9,5;9,8;9,9;9,8;9,5;9,2;8,9;8,7;8,5;8,4;8,3;8,1;7,9;7,9;7,9;7,8;7,7;7,5;7,3;7,1;7,1;6,9;6,5;6,4;6,3;6,4;6,4;6,3;6,1;5,9;5,8;5,8;5,7;5,7;5,6;5,5;5,4;5,5;5,5;5,5;5,4;5,2;5,1;5,1;5,0;4,9;4,8;4,8;4,8;4,9;4,9;4,8;5,0;5,4;5,6;5,8;5,8;5,9;5,9;5,9;6,0;6,2;6,3;6,3;6,3;6,3;6,2;6,2;6,2;6,1;6,0;5,9;5,8;5,8;5,8;5,8;5,8;5,7;5,6;5,5;5,3;5,0;4,7;4,5;4,5;4,7;4,8;4,7;4,7;4,7;4,7;4,7;4,6;4,5;4,4;4,4;4,4;4,6;4,7;4,7;4,6;4,5;4,5;4,5;4,5;4,5;4,5;4,4;4,5;4,8;4,8;4,9;4,8;4,9;5,0;5,2;5,3;5,4;5,5;5,5;5,5;5,7;5,8;5,8;5,8
Powiat bełchatowski;051011701000;11,1;11,5;11,4;11,2;10,7;10,2;10,3;10,5;10,6;10,6;11,0;11,9;12,6;12,9;12,9;12,7;12,5;12,3;12,3;12,2;12,2;12,1;12,4;13,2;14,1;14,4;14,2;13,9;13,6;13,3;13,4;13,1;13,0;13,0;13,2;13,5;13,9;13,9;13,4;12,8;12,2;11,7;11,6;11,4;11,2;10,9;10,8;10,9;11,4;11,4;11,1;10,5;10,0;9,5;9,4;9,4;9,1;8,7;8,8;8,8;9,4;9,6;9,1;8,6;8,1;7,8;7,6;7,5;7,3;7,3;7,2;7,5;7,9;8,0;7,6;7,0;6,7;6,3;6,2;6,2;6,1;5,8;5,8;6,0;6,3;6,3;5,9;5,7;5,5;5,5;5,4;5,4;5,5;5,4;5,6;5,7;5,9;5,9;5,7;5,5;5,3;5,2;5,0;4,9;4,8;4,8;4,7;4,9;5,2;5,1;5,1;5,3;5,5;5,6;5,6;5,6;5,5;5,4;5,4;5,5;5,7;5,7;5,7;5,7;5,5;5,4;5,2;5,1;5,0;4,9;4,8;5,2;5,4;5,4;5,3;5,2;5,0;5,0;5,0;5,0;5,1;5,0;5,0;5,1;5,3;5,5;5,4;5,3;5,0;4,9;4,9;4,9;4,9;4,8;4,8;4,7;5,1;5,2;5,1;5,0;4,7;4,6;4,5;4,6;4,6;4,6;4,5;4,6;5,1;5,1;5,1;5,0;4,9;4,8;4,8;5,0;5,1;5,1;5,2;5,2;5,4;5,5;5,5;5,4
Powiat opoczyński;051011707000;16,6;17,1;17,3;16,9;16,5;15,5;15,1;14,8;14,8;15,4;15,4;15,9;16,8;17,2;17,4;17,2;17,0;16,5;15,7;15,8;15,8;16,0;16,7;17,3;18,3;18,7;18,8;18,3;17,6;17,0;16,7;16,5;16,4;16,2;16,8;17,1;17,7;17,6;17,0;16,3;15,6;14,9;14,6;14,0;13,9;13,5;13,6;13,3;13,9;13,9;13,4;12,7;12,1;11,1;10,3;9,8;9,4;9,4;9,6;10,0;10,8;10,8;10,5;9,5;9,2;8,8;8,4;8,3;8,2;8,2;8,3;8,7;9,2;9,1;8,9;8,0;7,0;6,4;6,1;6,2;6,0;6,1;6,3;6,2;6,6;6,5;6,3;6,0;5,7;5,4;5,4;5,4;5,5;5,3;5,6;5,9;6,5;6,6;6,7;6,2;6,0;5,7;5,7;5,6;5,3;5,3;5,6;5,8;6,5;6,4;6,0;6,2;6,4;6,8;6,7;6,5;6,5;6,6;6,6;6,8;7,1;7,3;7,2;7,1;7,0;7,0;6,9;6,7;6,7;6,4;6,3;7,8;8,1;8,0;8,0;8,0;7,7;7,5;7,3;7,4;7,3;7,4;7,7;8,1;8,6;8,5;8,4;8,5;8,2;8,2;8,1;7,9;8,1;8,2;8,3;8,5;9,3;9,3;9,0;8,8;8,6;8,5;7,8;8,3;8,4;8,3;8,3;8,6;9,3;9,2;9,1;9,0;9,1;8,9;9,2;9,2;9,3;9,3;9,5;9,7;10,2;10,4;10,5;10,0
Powiat piotrkowski;051011710000;13,1;13,5;13,6;12,7;12,2;11,8;11,7;11,7;11,9;12,1;12,5;12,8;13,6;13,8;13,7;13,4;13,0;12,7;12,7;12,8;12,6;12,7;13,1;13,6;14,5;14,9;14,6;14,3;14,1;13,6;13,5;13,2;12,9;12,9;13,3;13,6;14,2;14,4;13,6;13,0;12,8;12,3;11,8;11,7;11,4;10,7;11,0;10,8;11,5;11,6;11,1;10,8;10,5;10,0;9,9;9,8;9,4;9,4;9,5;9,8;10,2;10,1;9,7;9,5;9,2;8,8;8,5;8,3;8,2;7,9;7,8;8,0;8,4;8,4;7,8;7,4;7,1;6,9;6,8;6,8;6,7;6,4;6,3;6,2;6,7;6,7;6,3;5,9;5,7;5,7;5,7;5,5;5,5;5,5;5,6;5,5;5,8;5,8;5,5;5,2;5,1;5,0;4,8;4,8;4,7;4,7;4,7;4,8;5,1;5,1;5,1;5,2;5,3;5,4;5,5;5,5;5,5;5,5;5,7;5,7;5,9;6,0;6,0;5,8;5,7;5,5;5,6;5,6;5,5;5,5;5,4;6,8;7,1;7,1;7,1;7,1;6,7;6,4;6,5;6,4;6,3;6,1;6,2;6,1;6,5;6,6;6,7;6,7;6,5;6,5;6,4;6,3;6,4;6,2;6,1;6,2;6,8;7,0;6,8;6,6;6,4;6,5;6,4;6,7;6,6;6,3;6,3;6,6;7,0;7,1;6,9;6,9;6,5;6,4;6,7;6,7;6,7;6,7;6,8;7,0;7,4;7,6;7,7;7,4
Powiat radomszczański;051011712000;16,0;16,2;16,3;15,5;15,0;14,5;14,5;14,3;14,2;14,5;14,9;15,8;16,7;17,0;16,8;16,2;16,0;15,8;15,7;15,8;15,9;16,1;16,5;16,8;17,6;17,9;17,9;17,7;17,1;16,5;16,2;16,1;16,0;15,7;16,3;16,5;17,0;16,9;16,3;15,7;15,3;14,8;14,6;14,4;14,1;13,9;14,7;13,8;14,3;14,5;14,2;13,8;13,2;12,5;11,9;11,3;11,3;11,1;11,2;11,2;11,7;11,7;11,3;10,8;10,4;9,7;9,4;9,2;9,1;9,2;9,2;9,1;9,3;9,2;9,0;8,6;8,3;8,0;7,9;7,9;7,9;7,4;7,3;7,1;7,3;7,4;7,1;6,6;6,3;6,2;6,1;6,1;6,1;6,0;6,0;6,1;6,4;6,5;6,2;5,9;5,9;5,6;5,6;5,5;5,4;5,3;5,3;5,1;5,6;5,7;5,5;5,9;6,3;6,3;6,0;5,8;5,6;5,5;5,5;5,6;5,9;6,2;6,0;5,9;5,7;5,4;5,2;4,9;4,8;4,7;4,7;5,3;5,4;5,2;5,0;5,0;4,8;4,7;4,8;4,8;4,9;4,9;4,9;4,7;5,2;5,3;5,3;5,2;5,2;5,2;5,0;4,9;5,0;5,0;5,0;5,0;5,5;5,6;5,5;5,3;5,0;4,9;4,9;5,0;5,0;4,9;4,9;4,9;5,3;5,6;5,6;5,4;5,3;5,3;5,5;5,7;6,0;6,0;6,1;6,0;6,3;6,4;6,5;6,5
Powiat tomaszowski;051011716000;18,5;18,6;18,5;17,4;16,8;16,5;16,4;16,4;16,3;16,1;16,5;17,3;18,3;18,9;18,5;17,5;17,0;16,8;16,5;16,5;17,0;17,0;17,5;18,5;19,6;20,1;19,7;19,0;18,2;17,7;17,4;17,3;17,1;16,8;17,3;17,8;18,5;18,6;17,2;16,0;15,1;14,3;13,9;13,7;13,3;12,6;13,2;13,6;14,5;14,9;14,2;13,7;13,1;12,6;12,2;12,1;11,9;11,4;11,3;11,6;12,2;12,4;11,9;11,2;10,9;10,2;9,9;10,0;9,6;9,3;9,2;9,3;9,9;9,8;9,3;8,8;8,4;8,0;7,9;7,9;7,7;7,3;7,4;7,8;8,0;7,8;7,5;7,4;7,2;6,9;7,0;6,9;7,0;6,8;7,0;7,4;7,7;7,6;7,3;7,0;6,9;6,7;6,6;6,6;6,5;6,3;6,5;6,8;7,2;7,3;7,0;7,3;7,6;7,7;7,9;7,8;7,7;7,6;7,5;7,8;8,2;8,3;8,2;8,0;7,9;7,8;7,8;7,7;7,5;7,3;7,1;8,0;8,3;8,3;8,1;8,0;7,9;7,6;7,7;7,8;7,9;7,7;7,6;7,7;8,3;8,4;8,2;8,1;8,0;7,9;7,7;7,6;7,6;7,6;7,4;7,7;8,3;8,5;8,2;8,0;7,8;7,8;7,6;7,7;7,6;7,6;7,7;8,1;8,8;8,9;8,6;8,4;8,3;8,2;8,5;8,7;8,8;8,6;8,6;8,9;9,4;9,6;9,6;9,3
Powiat m. Piotrków Trybunalski;051011762000;11,5;11,9;11,9;11,5;11,2;11,0;10,9;10,8;10,9;11,0;11,1;11,5;12,0;12,3;12,3;12,3;12,3;12,2;12,2;12,3;12,0;12,0;12,4;13,1;13,8;14,2;13,9;13,7;13,5;13,4;13,3;13,0;12,6;12,6;12,8;12,8;13,4;13,5;13,0;12,9;12,7;12,3;12,0;11,8;11,3;10,6;10,7;10,4;11,0;10,9;10,6;10,4;10,1;9,8;9,9;9,8;9,4;9,2;9,3;9,3;9,8;9,7;9,5;9,3;9,0;8,6;8,5;8,4;8,3;8,2;7,6;7,4;7,7;7,5;7,2;7,0;6,7;6,4;6,5;6,6;6,5;5,8;5,7;5,7;6,2;6,2;6,1;5,8;5,7;5,7;5,6;5,6;5,5;5,3;5,3;5,5;5,8;5,9;5,8;5,5;5,3;5,2;5,1;5,2;5,1;4,9;4,9;5,1;5,4;5,5;5,5;5,7;5,9;6,0;5,9;6,0;5,8;5,6;5,8;6,1;6,3;6,5;6,5;6,4;6,3;6,1;6,1;6,0;5,9;5,7;5,5;5,6;5,8;6,0;6,0;6,0;5,7;5,5;5,3;5,4;5,2;5,2;5,1;5,3;5,5;5,7;5,6;5,8;5,7;5,8;5,7;5,7;5,6;5,3;5,3;5,4;5,9;6,1;5,9;5,8;5,7;5,7;5,7;5,8;5,7;5,5;5,5;5,5;5,9;6,0;5,9;5,9;5,8;5,8;6,0;6,0;6,0;5,9;6,0;6,0;6,3;6,4;6,5;6,5
Powiat łaski;051011803000;17,5;17,8;18,0;17,8;17,4;16,8;16,7;16,7;16,9;16,8;16,9;17,3;17,9;18,0;18,0;17,5;17,0;16,6;16,9;17,1;17,3;17,4;17,8;18,6;19,4;19,7;19,5;19,0;18,7;18,2;18,1;18,1;18,2;18,0;18,5;18,8;19,3;19,2;18,5;17,9;17,2;16,8;16,6;16,2;16,2;15,8;16,0;15,7;16,2;16,0;15,4;14,7;14,2;13,9;13,5;13,3;13,3;13,0;12,9;13,2;13,8;14,0;13,5;12,9;12,5;12,0;11,9;11,7;11,6;11,3;11,2;11,5;11,9;12,0;11,4;10,5;10,2;9,7;9,5;9,3;9,5;8,8;8,9;9,5;9,8;9,3;9,4;8,9;8,6;8,1;8,0;7,8;7,9;7,9;7,9;7,9;8,2;7,9;7,6;7,3;6,8;6,7;6,7;6,9;6,7;6,8;7,2;7,1;7,4;7,2;7,0;7,4;7,4;7,6;7,8;7,9;7,9;7,7;7,8;8,0;8,4;8,2;7,9;7,4;7,2;7,1;7,2;7,3;7,3;7,0;7,0;8,2;8,6;8,7;8,3;8,0;7,8;7,5;7,3;7,5;7,5;7,4;7,3;7,3;7,8;8,1;7,9;7,8;7,7;7,9;7,8;7,7;7,4;7,2;7,1;7,5;8,1;8,0;7,8;7,5;7,5;7,4;7,2;7,5;7,5;7,4;7,8;8,0;8,6;8,7;8,5;8,0;8,0;8,1;8,5;8,9;9,1;9,0;9,2;9,4;9,9;9,9;10,1;9,8
Powiat pajęczański;051011809000;14,6;14,9;14,6;14,0;13,2;12,3;11,4;11,2;11,4;11,6;12,3;12,8;13,9;14,4;14,4;13,7;13,3;12,8;12,5;12,5;12,6;13,0;13,7;14,4;15,5;15,7;15,7;15,2;14,4;14,0;13,3;13,2;13,2;13,1;13,5;13,9;14,9;14,9;14,4;13,4;12,5;11,9;11,4;11,2;11,3;11,2;11,4;11,4;12,2;12,2;11,6;11,2;10,5;9,6;9,4;9,4;8,9;9,0;9,3;9,6;10,4;10,9;10,5;9,9;9,5;8,7;8,6;8,5;8,6;8,3;8,4;8,4;8,7;8,8;8,6;8,2;7,9;7,6;7,7;7,7;7,8;7,7;7,9;7,8;8,2;8,0;8,0;7,8;7,5;7,2;7,2;7,2;7,2;7,2;7,3;7,4;7,6;7,7;7,7;7,2;7,1;7,0;6,9;6,9;6,9;6,8;7,0;7,1;7,6;7,6;7,4;7,7;7,8;7,7;7,6;7,7;7,7;7,8;7,9;8,0;8,2;8,2;7,9;7,7;7,3;7,1;7,0;7,0;6,9;6,9;7,0;9,4;9,5;9,6;9,4;9,0;8,9;8,7;8,7;8,6;8,6;8,6;8,5;8,2;8,7;8,8;8,4;8,6;8,5;8,5;8,1;8,0;8,0;7,8;8,0;8,2;8,4;8,4;8,0;7,6;7,4;7,2;7,0;7,3;7,5;7,5;7,7;8,0;8,5;8,8;8,6;8,3;7,8;8,0;8,3;8,5;8,5;8,4;8,7;8,7;9,2;9,3;9,3;9,1
Powiat poddębicki;051011811000;14,1;14,5;14,3;13,8;13,8;13,1;13,1;13,3;13,3;13,5;13,7;14,4;15,1;15,5;15,7;14,9;14,6;14,0;14,0;13,9;13,9;14,0;14,6;15,7;16,5;16,9;16,8;16,3;15,7;15,4;15,2;15,3;15,0;15,1;15,3;15,6;16,0;15,9;15,5;14,7;14,1;13,6;13,6;13,6;13,2;13,0;13,2;13,2;13,7;13,8;13,6;13,2;12,8;12,3;11,9;11,6;11,4;11,0;11,0;11,4;11,6;11,6;11,4;10,8;10,5;10,1;10,1;9,6;9,3;9,2;9,2;9,3;9,4;9,1;8,6;8,0;7,7;7,4;7,4;7,4;7,1;7,0;7,0;7,0;7,3;7,2;7,2;6,9;6,7;6,5;6,5;6,4;6,4;6,4;6,3;6,4;6,6;6,6;6,4;6,2;6,3;6,2;6,1;6,0;5,8;5,8;6,0;6,2;6,3;6,3;6,3;6,5;6,7;6,7;6,7;6,8;6,8;6,8;6,8;6,8;7,0;7,0;6,7;6,5;6,3;6,0;5,9;5,9;5,8;5,8;5,8;7,8;7,9;8,0;7,7;7,5;7,3;7,1;7,0;6,9;6,9;6,9;7,0;6,8;7,1;7,2;7,1;7,0;7,0;7,0;6,7;6,7;6,7;6,7;6,7;7,3;7,3;7,3;7,1;6,9;6,7;6,6;6,5;6,7;6,8;6,6;6,7;7,0;7,4;7,4;7,4;7,2;7,2;7,3;7,4;7,6;7,6;7,6;7,6;7,7;8,0;8,1;7,9;7,9
Powiat sieradzki;051011814000;13,6;14,0;13,8;13,3;12,9;12,3;12,1;12,2;12,3;12,0;12,2;13,2;13,9;14,1;13,9;13,4;12,9;12,6;12,7;12,9;12,6;12,6;13,0;13,4;14,3;14,3;14,5;13,9;13,2;12,9;13,0;13,0;13,3;13,3;13,6;13,9;14,3;14,3;14,0;13,3;12,8;12,3;12,2;12,4;12,3;12,1;12,1;12,3;12,6;12,5;12,1;11,8;11,4;10,9;10,4;10,3;10,1;9,9;10,0;10,6;10,7;10,7;10,3;9,5;9,0;8,6;8,3;8,1;7,7;8,0;7,7;8,1;8,1;7,9;7,6;6,8;6,5;6,1;6,0;5,9;6,1;5,9;6,1;6,1;6,3;6,4;6,4;6,2;5,8;5,6;5,5;5,5;5,4;5,5;5,6;6,1;6,2;6,2;5,9;5,5;5,3;5,1;5,1;5,2;5,2;5,1;5,2;5,4;5,6;5,5;5,5;5,7;5,8;5,9;5,8;5,8;5,9;5,8;5,8;5,9;6,0;5,9;5,8;5,5;5,3;5,1;5,0;5,0;4,8;4,7;4,6;5,7;6,0;5,8;5,6;5,4;5,3;5,2;5,1;5,2;5,3;5,3;5,4;5,6;5,8;5,7;5,4;5,1;4,9;4,9;5,1;5,0;4,8;4,7;4,8;5,4;5,5;5,5;5,4;5,2;5,0;5,0;4,9;5,0;5,1;5,0;5,0;5,2;5,5;5,6;5,3;5,2;5,1;5,2;5,6;5,8;6,0;6,1;6,1;6,3;6,6;6,7;6,7;6,6
Powiat wieluński;051011817000;11,9;12,0;11,9;11,4;10,7;10,3;10,2;10,3;10,3;10,3;10,6;11,1;12,0;12,5;12,6;12,2;11,9;11,7;11,9;12,0;11,8;11,7;11,8;12,6;13,7;13,8;13,9;13,5;12,8;12,4;12,5;12,3;12,3;12,3;12,5;12,7;13,3;13,5;13,1;12,4;11,8;11,7;11,5;11,2;11,1;10,9;10,9;11,3;11,7;11,8;11,5;10,7;10,2;10,0;9,9;9,7;9,7;9,5;9,5;10,0;10,4;10,3;10,1;9,5;9,4;9,1;8,9;8,8;8,6;8,3;8,4;8,6;8,8;8,7;8,2;7,8;7,6;7,3;7,4;7,4;7,2;6,9;6,9;7,2;7,4;7,5;7,3;7,0;6,9;6,6;6,6;6,6;6,6;6,4;6,5;6,5;6,7;6,7;6,4;6,1;6,0;5,8;5,8;5,6;5,6;5,4;5,4;5,8;6,0;6,0;5,9;6,2;6,4;6,4;6,3;6,2;6,1;6,0;5,9;6,2;6,3;6,4;6,2;6,0;5,8;5,6;5,5;5,3;5,1;5,0;5,0;6,2;6,5;6,6;6,2;6,1;6,2;6,1;6,1;6,0;6,0;5,9;6,1;6,1;6,6;6,5;6,2;6,1;6,0;6,1;6,2;6,1;6,0;5,9;6,0;6,1;6,5;6,4;6,3;6,1;6,0;5,8;5,8;5,9;5,8;5,6;5,6;5,7;6,2;6,2;5,9;5,7;5,7;5,9;6,3;6,5;6,6;6,4;6,5;6,7;7,2;7,1;7,0;6,9
Powiat wieruszowski;051011818000;12,6;13,0;12,8;12,0;12,0;12,0;11,7;11,5;12,2;11,5;11,6;11,6;12,0;12,3;12,0;11,5;11,2;10,8;10,7;10,7;11,0;10,6;11,1;11,4;12,2;12,2;11,9;11,5;10,9;10,6;10,6;10,4;10,6;10,5;10,9;10,9;11,2;11,1;10,5;9,7;9,2;9,1;9,3;9,3;8,9;8,5;8,6;8,5;8,9;8,9;8,4;8,0;7,7;7,4;7,5;7,4;7,2;6,9;7,1;7,6;8,0;7,7;7,1;6,7;6,4;6,1;6,2;6,2;5,9;5,9;5,6;5,8;6,1;5,8;5,6;5,3;5,2;5,1;5,0;5,1;5,0;4,7;4,7;4,7;4,9;4,8;4,8;4,5;4,6;4,4;4,3;4,4;4,5;4,3;4,4;4,6;4,8;4,6;4,4;4,2;4,1;4,2;4,2;4,3;4,3;4,0;4,0;4,0;4,4;4,3;4,4;4,9;5,1;5,1;5,1;5,2;5,1;5,1;5,1;4,9;5,0;4,9;4,8;4,6;4,7;4,5;4,4;4,5;4,4;4,4;4,4;5,1;5,2;5,1;5,0;4,8;4,8;4,9;5,0;5,2;5,3;5,3;5,3;5,2;5,4;5,5;5,3;5,2;5,2;5,4;5,2;5,1;4,9;4,8;4,6;4,6;4,7;4,6;4,5;4,4;4,4;4,5;4,6;4,8;4,9;4,8;4,7;4,7;4,9;4,9;4,7;4,5;4,3;4,4;4,6;4,8;4,9;4,8;4,7;4,8;5,1;5,2;5,1;5,0
Powiat zduńskowolski;051011819000;14,6;14,8;14,5;13,9;13,2;12,7;12,4;12,3;12,4;12,7;13,1;13,8;14,9;15,3;15,4;14,7;14,3;14,1;13,9;13,9;14,0;14,2;14,6;15,6;16,8;17,1;16,9;17,0;16,4;16,2;15,9;15,7;15,4;15,5;16,0;16,2;16,6;16,7;16,3;15,9;15,7;15,3;15,4;15,3;14,8;14,1;14,5;14,4;15,0;15,4;15,3;14,5;14,2;13,4;13,1;12,6;12,3;12,1;12,3;12,6;13,1;13,3;13,0;12,4;11,9;11,2;10,8;10,2;9,9;9,8;9,8;9,8;10,3;10,2;9,7;9,0;8,6;8,0;7,9;8,0;7,8;7,6;7,5;7,4;7,8;7,9;7,9;7,4;7,2;7,1;7,0;7,1;6,9;6,9;6,8;6,9;7,3;7,3;7,2;6,9;6,7;6,4;6,4;6,2;6,2;6,0;6,0;6,1;6,6;6,6;6,6;7,0;7,1;7,2;7,1;7,1;6,9;6,7;6,8;7,0;7,2;7,3;7,2;7,1;7,0;6,7;6,7;6,6;6,6;6,5;6,2;6,5;6,6;6,7;6,6;6,4;6,3;6,2;6,2;6,2;6,2;6,2;6,3;6,5;6,8;7,1;7,0;6,9;6,8;6,8;6,5;6,5;6,7;6,4;6,5;6,8;7,3;7,4;7,3;6,9;6,9;6,9;6,7;7,1;7,2;7,0;7,0;7,1;7,5;7,6;7,5;7,4;7,3;7,3;7,8;8,1;8,2;8,1;8,1;8,1;8,6;8,7;8,7;8,7
Powiat kutnowski;051011902000;18,2;18,6;18,7;17,7;17,4;17,1;17,1;17,0;16,9;16,5;16,9;17,3;18,5;18,9;18,9;18,4;18,2;17,8;17,5;17,2;16,7;16,5;16,9;17,6;18,5;19,0;19,0;18,6;18,4;18,1;17,8;17,6;17,3;17,2;17,4;17,8;18,5;18,8;18,5;17,7;17,2;16,8;16,6;16,3;15,9;15,6;15,5;15,5;16,1;16,3;16,2;15,1;14,7;14,2;13,9;13,9;13,5;13,5;13,8;14,2;14,9;15,1;14,5;13,6;13,3;12,9;12,7;12,9;12,5;12,5;12,4;11,9;12,2;12,1;11,5;10,9;10,8;10,5;10,4;10,4;9,9;9,4;9,4;9,5;10,1;10,3;9,9;9,5;9,3;9,2;9,2;9,1;8,9;8,8;8,8;8,9;9,3;9,5;9,3;8,8;8,7;8,4;8,3;8,2;8,1;8,1;8,0;8,1;8,4;8,5;8,2;8,3;8,3;8,3;8,3;8,4;8,5;8,3;8,4;8,2;8,4;8,6;8,3;8,0;7,8;7,7;7,8;7,9;7,6;7,6;7,6;8,5;8,7;8,8;8,9;8,6;8,6;8,2;8,3;8,0;7,8;7,7;7,6;7,6;8,1;8,1;8,0;7,8;7,8;7,9;7,9;7,8;7,6;7,6;7,6;7,8;8,3;8,5;8,2;7,9;7,9;7,9;7,9;8,1;7,9;7,7;7,7;7,8;8,3;8,6;8,5;8,1;8,0;8,0;8,2;8,3;8,1;8,1;8,0;8,1;8,4;8,6;8,7;8,5
Powiat łęczycki;051011904000;14,6;14,6;15,0;14,8;14,5;13,9;13,7;13,5;13,6;13,5;13,8;14,3;15,2;15,5;15,1;14,6;14,6;14,2;14,4;14,9;14,6;14,6;14,7;15,3;15,9;16,1;15,9;15,1;14,9;14,6;14,7;15,1;15,4;15,5;16,0;16,3;16,9;16,5;15,8;15,3;14,8;14,7;14,6;14,8;14,3;14,1;14,2;14,3;15,0;15,2;14,7;14,4;13,8;13,2;12,9;12,8;12,4;12,1;12,1;12,3;12,7;12,4;12,1;11,4;11,4;11,1;10,8;10,9;10,4;10,5;10,5;10,6;11,2;10,7;10,1;9,5;9,1;8,5;8,4;8,5;8,2;7,9;7,8;8,2;8,5;8,2;7,9;7,7;7,4;7,3;7,2;7,1;7,0;7,0;7,3;7,3;7,4;7,3;7,1;7,0;6,9;6,6;6,7;6,7;6,6;6,5;6,5;6,3;6,9;6,6;6,6;6,5;6,6;6,6;6,6;6,7;6,3;5,9;5,9;6,1;6,4;6,5;6,3;6,3;6,0;6,0;5,9;5,7;5,6;5,4;5,4;6,5;6,8;6,7;6,7;6,4;6,1;5,8;5,9;6,0;5,6;5,7;5,7;6,1;6,6;6,5;6,3;6,3;6,3;5,6;5,4;5,6;5,5;5,5;5,5;5,7;6,2;5,9;5,5;5,2;5,0;5,1;5,0;5,5;5,2;5,1;5,1;5,4;5,9;5,8;5,6;5,1;4,9;5,3;5,8;6,5;6,5;6,4;6,4;6,4;6,9;7,2;7,0;6,8
Powiat łowicki;051011905000;10,7;11,1;11,2;10,9;10,9;10,3;10,0;10,1;9,2;8,9;8,9;9,3;10,0;10,3;10,4;10,4;10,4;10,3;10,2;10,0;9,8;9,6;10,2;10,8;11,9;12,4;12,4;12,6;12,4;11,8;11,5;10,9;10,5;10,2;10,4;10,8;11,5;11,6;11,3;10,6;10,2;9,9;9,9;9,4;9,4;9,1;9,3;9,3;9,8;10,0;9,8;9,5;9,3;9,0;8,7;8,4;8,2;8,1;8,2;8,5;8,9;9,2;9,0;8,5;8,1;7,8;7,6;7,7;7,4;7,2;7,2;7,4;7,9;7,8;7,5;6,9;6,6;6,2;6,1;6,1;6,1;5,8;5,7;5,9;6,2;6,2;5,9;5,6;5,5;5,4;5,3;5,5;5,3;5,2;5,3;5,5;5,7;5,8;5,5;5,1;5,1;4,9;4,8;4,9;4,7;4,5;4,5;4,7;5,0;5,0;5,0;5,1;5,3;5,2;5,1;5,1;5,2;5,3;5,3;5,5;5,8;5,8;5,7;5,4;5,3;5,0;4,8;4,8;4,5;4,5;4,5;5,6;5,7;5,7;5,6;5,6;5,4;5,2;5,2;5,3;5,2;5,3;5,2;5,1;5,4;5,5;5,5;5,4;5,1;5,3;5,2;4,9;4,8;4,6;4,6;4,6;5,1;5,2;5,0;4,9;4,9;4,7;4,6;4,7;4,6;4,6;4,5;4,6;4,9;5,0;4,9;4,7;4,7;4,8;5,1;5,4;5,5;5,6;5,6;5,6;5,8;5,9;6,1;5,9
Powiat rawski;051011913000;9,0;9,1;8,9;8,4;8,2;7,6;7,8;7,9;7,8;7,9;8,0;8,5;9,1;9,3;9,3;9,0;9,0;8,7;8,8;8,8;8,7;8,5;8,8;9,2;10,1;10,3;10,3;10,0;9,7;9,6;9,7;9,6;9,2;8,8;9,2;9,4;9,8;9,9;9,6;9,0;8,4;8,3;7,9;7,8;7,7;7,6;7,7;7,8;8,3;8,3;8,0;7,4;7,2;6,8;6,8;6,8;6,8;6,6;6,5;6,7;7,0;7,2;6,7;6,3;6,1;5,8;5,7;5,8;5,7;5,4;5,5;5,5;5,7;5,5;5,3;5,0;4,9;4,4;4,5;4,5;4,4;4,2;4,2;4,3;4,3;4,3;4,2;4,0;4,0;3,8;3,6;3,8;3,7;3,7;3,8;3,9;4,1;4,1;3,8;3,6;3,6;3,4;3,4;3,3;3,2;3,1;3,1;3,1;3,2;3,2;3,1;3,5;3,5;3,6;3,6;3,6;3,6;3,6;3,7;3,7;4,0;4,0;3,9;3,8;3,8;3,7;3,7;3,6;3,4;3,2;3,2;3,4;3,6;3,6;3,7;3,5;3,5;3,1;3,1;3,0;3,0;3,1;3,1;3,5;3,5;3,5;3,3;3,2;3,1;3,1;3,2;3,1;3,2;3,0;3,1;3,2;3,5;3,6;3,3;3,1;3,0;2,9;2,9;3,0;3,0;2,9;3,0;2,9;3,2;3,2;3,3;3,0;2,9;3,0;3,1;3,2;3,3;3,2;3,3;3,3;3,7;3,6;3,6;3,5
Powiat skierniewicki;051011915000;8,6;8,8;8,6;8,2;7,9;7,8;7,7;7,8;7,7;7,5;7,9;8,1;9,0;9,2;9,1;8,6;8,3;8,0;8,1;8,2;8,1;8,0;8,4;9,1;10,0;10,3;10,1;9,6;9,1;8,7;8,8;8,7;8,4;8,3;8,7;9,0;9,5;9,6;9,1;8,4;7,8;7,4;7,2;6,9;6,8;6,8;7,0;7,4;7,8;7,9;7,7;7,3;6,8;6,3;6,3;6,4;6,2;6,1;6,3;6,5;7,0;6,9;6,6;6,2;5,8;5,4;5,4;5,3;5,2;5,0;5,0;5,0;5,4;5,2;5,1;4,8;4,7;4,5;4,5;4,5;4,3;4,1;4,3;4,2;4,5;4,5;4,3;3,9;3,8;3,5;3,7;3,7;3,5;3,7;3,8;3,8;3,9;3,9;3,8;3,7;3,6;3,6;3,7;3,7;3,6;3,6;3,6;3,7;3,9;3,9;3,9;3,9;4,2;4,3;4,2;4,1;3,8;3,9;3,9;4,0;4,3;4,4;4,3;4,0;3,9;3,8;3,7;3,5;3,7;3,5;3,5;5,0;5,2;5,1;4,9;4,7;4,6;4,4;4,5;4,5;4,6;4,3;4,4;4,4;4,6;4,6;4,6;4,3;4,1;4,3;4,4;4,3;4,4;4,1;4,1;4,0;4,2;4,3;4,3;4,2;4,0;3,9;3,7;3,8;3,9;3,8;3,8;4,0;4,1;4,2;4,1;3,8;3,7;3,9;4,3;4,4;4,5;4,4;4,4;4,4;4,5;4,5;4,5;4,3
Powiat m. Skierniewice;051011963000;10,4;10,8;10,5;10,3;10,1;9,9;9,9;10,0;9,6;9,3;9,4;10,7;11,8;12,2;12,1;11,8;11,5;11,3;11,5;11,5;11,3;11,0;11,7;12,5;13,6;13,9;13,9;13,7;13,3;13,0;12,6;12,5;12,0;11,7;11,9;12,1;13,1;13,3;12,8;12,2;11,5;11,0;10,4;10,2;9,8;9,8;9,8;10,1;10,7;10,9;10,8;10,5;10,1;9,6;9,2;9,2;8,8;8,9;9,0;9,1;9,9;10,0;9,7;9,2;8,7;8,1;7,9;7,7;7,6;7,5;7,5;7,7;7,9;8,1;8,0;7,7;7,3;6,9;7,2;7,2;6,9;6,4;6,2;6,2;6,4;6,4;6,2;6,0;5,8;5,5;5,4;5,6;5,5;5,4;5,5;5,5;5,8;5,8;5,7;5,3;5,4;5,2;5,4;5,4;5,3;5,1;5,1;5,3;5,8;5,9;5,8;6,0;6,4;6,2;6,2;6,1;6,2;6,0;6,1;6,4;6,6;6,6;6,6;6,4;6,3;6,2;5,9;5,8;5,7;5,5;5,3;5,3;5,3;5,2;5,3;4,8;4,6;4,5;4,7;4,5;4,5;4,5;4,5;4,5;4,8;4,9;4,8;4,7;4,6;4,9;4,8;4,8;4,5;4,6;4,6;4,7;4,9;4,9;4,7;4,5;4,3;4,3;4,3;4,3;4,3;4,3;4,3;4,4;4,6;4,6;4,6;4,4;4,2;4,3;4,6;4,7;4,6;4,4;4,6;4,6;4,8;4,8;4,9;5,0
Powiat kielecki;052615204000;19,7;20,0;19,6;18,8;18,0;18,1;18,2;18,1;17,9;17,7;17,9;18,4;19,4;19,7;19,4;18,7;18,2;17,8;18,1;18,5;18,0;17,9;18,7;19,7;20,9;20,9;21,0;20,3;19,8;19,4;19,5;19,8;20,0;19,9;20,4;20,4;21,3;21,3;20,3;19,5;18,5;17,9;18,0;17,7;17,3;16,9;16,6;16,6;17,6;17,8;17,5;17,0;16,7;16,3;16,5;16,4;15,7;15,2;15,5;15,3;16,5;16,4;16,0;15,2;14,8;14,2;14,1;13,9;13,9;13,6;14,0;13,6;13,9;13,7;12,9;12,0;11,5;11,2;11,3;11,4;11,1;11,1;11,2;11,3;12,2;12,1;11,7;11,3;10,9;10,5;10,6;10,8;10,7;10,5;10,6;10,7;11,6;11,4;10,9;10,6;10,4;10,1;10,2;10,4;10,3;10,2;10,3;10,3;10,7;10,5;10,1;10,5;10,7;10,8;10,7;10,4;10,0;9,6;9,4;9,5;10,1;10,3;9,9;9,5;9,4;8,9;8,6;8,3;7,9;7,7;7,5;9,5;9,9;9,7;9,2;8,8;8,3;7,9;7,8;7,8;7,7;7,6;7,5;7,0;7,6;7,8;7,5;7,2;7,0;6,7;6,5;6,4;6,7;6,5;6,5;6,9;7,7;7,6;7,1;6,8;6,6;6,5;6,4;6,5;6,5;6,3;6,4;6,6;7,3;7,3;6,9;6,8;6,7;6,5;6,7;6,8;7,1;7,0;7,1;7,3;7,8;8,1;8,0;7,9
Powiat konecki;052615205000;23,1;23,7;24,0;23,4;22,5;21,6;21,4;21,4;21,5;21,5;22,0;22,7;23,4;23,7;23,5;22,7;22,3;21,4;21,2;21,5;21,1;20,9;21,4;22,6;23,7;24,0;23,6;23,2;22,6;22,2;22,4;22,6;22,7;22,7;23,1;24,2;25,2;24,9;24,2;23,8;22,9;22,1;21,4;21,4;21,0;20,3;20,0;20,2;21,3;21,5;21,1;20,1;19,5;18,7;18,0;17,7;17,3;16,9;17,2;17,2;17,9;17,8;17,3;16,4;16,1;15,3;14,8;14,6;14,2;13,9;13,8;14,0;14,9;14,9;14,3;13,6;13,3;12,7;12,4;12,4;12,1;11,4;11,5;11,9;12,5;12,5;12,1;11,9;11,6;11,1;10,9;11,0;10,9;10,6;10,8;11,6;12,2;11,9;11,7;11,1;11,0;10,7;10,8;10,9;10,6;10,4;10,5;11,1;12,1;11,9;11,6;12,0;12,4;12,5;12,7;12,7;12,5;12,4;12,4;12,7;13,1;12,9;12,6;12,2;11,8;11,4;11,0;10,8;10,5;9,9;9,7;11,6;12,0;11,9;11,6;11,3;11,1;10,7;10,6;10,8;10,4;10,5;10,4;10,5;11,5;11,6;11,3;11,2;11,1;11,0;10,6;10,6;10,6;10,3;9,9;10,5;11,3;11,2;10,3;10,1;9,9;9,7;9,3;9,8;9,7;9,5;9,6;10,1;11,0;10,8;10,3;9,9;9,9;10,0;10,4;10,8;10,9;10,6;10,8;11,0;11,9;12,0;11,7;11,1
Powiat ostrowiecki;052615207000;21,9;22,2;21,9;20,8;20,5;19,8;19,8;19,8;19,5;19,3;19,9;20,4;21,3;21,8;21,3;20,7;20,3;20,1;20,1;20,0;20,0;19,8;20,1;22,2;23,1;23,0;22,8;22,4;21,7;21,5;21,4;21,7;21,3;21,3;21,8;22,5;23,7;23,1;22,7;21,4;20,6;20,1;19,9;19,7;19,2;18,3;18,4;19,1;20,2;19,9;19,5;18,6;18,1;17,4;17,4;17,2;16,9;16,9;16,9;17,6;18,3;17,9;17,5;16,4;15,8;15,1;14,7;14,4;14,3;14,0;13,9;14,6;15,3;15,2;14,3;13,4;12,7;12,4;12,4;12,7;12,5;12,1;12,3;12,3;13,4;13,3;12,9;12,0;11,3;11,3;11,4;11,3;11,1;10,8;11,0;11,7;12,6;12,3;11,8;11,2;10,6;10,6;10,5;10,7;10,7;10,5;10,4;10,7;11,5;11,4;10,8;11,1;11,5;11,7;11,6;11,6;11,3;11,1;11,3;11,6;12,4;12,4;11,8;11,5;11,5;10,7;9,9;9,7;8,8;8,8;8,9;10,3;11,2;11,0;10,1;9,8;9,8;9,0;9,2;9,4;9,2;9,1;9,2;9,6;10,6;10,6;10,0;10,0;10,0;9,5;9,5;9,7;9,8;9,8;9,9;10,5;11,8;11,4;10,3;10,4;10,4;9,9;9,8;10,3;10,4;10,1;10,2;10,8;11,9;11,8;11,0;10,8;10,7;10,9;11,3;11,5;11,8;11,5;11,6;11,9;12,9;13,3;12,8;12,6
Powiat skarżyski;052615210000;27,3;27,1;26,7;25,8;25,5;24,9;24,8;24,7;24,6;24,4;25,0;25,8;26,6;26,7;26,5;25,8;25,6;25,5;25,3;25,7;25,4;25,0;25,3;27,4;28,4;28,3;28,2;27,7;26,9;26,6;26,8;26,8;27,1;27,1;27,3;27,9;28,5;28,1;27,8;27,2;26,8;26,3;26,1;25,8;25,7;24,7;24,4;24,8;26,1;26,1;25,7;25,2;24,5;24,2;23,5;23,5;22,5;22,0;22,9;22,5;23,6;23,3;23,1;22,2;21,4;21,1;20,7;20,9;20,4;20,1;20,3;19,6;20,4;19,9;19,1;18,4;17,9;17,0;16,7;16,6;16,1;15,2;15,4;15,6;16,2;16,5;16,5;16,1;15,8;15,5;15,8;15,6;15,6;15,5;15,5;15,7;16,3;16,2;15,5;14,8;14,8;14,3;14,0;14,3;14,3;13,9;14,2;14,6;15,4;15,3;15,2;15,8;16,3;16,3;16,1;16,2;16,3;16,1;16,4;16,7;17,5;17,3;16,6;16,6;16,4;16,3;16,0;16,2;15,9;15,6;15,7;16,5;16,8;17,0;16,4;16,2;16,1;15,2;15,0;14,8;14,8;14,7;14,6;14,7;15,7;16,0;15,3;15,1;15,1;15,3;15,1;14,7;14,7;14,3;14,3;14,5;15,3;15,3;14,9;14,5;14,3;14,0;14,2;14,0;14,0;14,0;14,1;14,3;14,7;14,8;14,6;14,5;14,3;14,2;14,6;14,7;14,8;14,7;14,7;14,9;15,4;15,6;15,3;15,0
Powiat starachowicki;052615211000;18,5;18,3;17,6;16,6;15,7;15,4;15,5;15,3;15,3;15,4;15,9;17,4;18,5;18,8;18,4;17,9;17,7;17,3;17,3;17,3;17,4;17,4;17,6;18,8;20,0;20,1;19,9;19,3;18,9;18,2;18,5;18,3;18,1;17,9;18,2;18,1;18,8;19,0;18,6;18,2;17,4;16,7;16,4;16,1;15,5;15,1;15,5;14,8;15,5;15,8;15,8;15,1;14,2;13,3;13,0;12,8;12,5;12,6;12,8;12,7;13,3;13,2;13,0;12,5;12,2;11,7;11,3;11,1;10,8;10,8;10,9;10,6;11,1;11,1;10,7;10,4;10,2;9,8;9,8;9,8;9,5;9,2;9,1;9,0;9,3;9,2;9,1;8,6;8,5;8,3;8,3;8,3;8,2;8,0;8,0;8,0;8,5;8,3;8,2;8,0;7,8;7,6;7,8;7,8;7,8;7,7;8,1;8,1;8,8;8,8;8,6;8,9;9,1;9,3;9,3;9,3;9,1;8,9;8,8;8,9;9,2;9,1;9,0;8,9;8,7;8,6;8,6;8,6;8,5;8,6;8,6;9,8;10,1;10,0;9,9;9,8;9,8;9,6;9,6;9,7;9,6;9,5;9,4;9,6;10,3;10,2;10,0;9,9;9,7;9,7;9,9;9,8;9,6;9,8;9,8;10,0;10,4;10,3;10,2;9,9;9,7;9,5;9,4;9,6;9,5;9,4;9,6;9,7;10,0;10,0;9,8;9,6;9,6;9,4;9,7;9,8;9,6;9,5;9,7;9,7;10,0;10,2;10,2;9,9
Powiat m. Kielce;052615261000;11,1;11,3;11,2;10,7;10,3;10,0;9,9;9,8;9,8;9,7;9,8;9,9;10,4;10,7;10,7;10,5;10,2;10,1;10,2;10,2;10,1;10,2;10,4;10,7;11,3;11,7;11,4;11,3;10,8;10,7;10,7;10,7;10,9;10,8;11,0;11,3;11,6;11,7;11,4;11,0;10,7;10,5;10,3;10,3;10,2;10,0;9,9;9,8;10,1;10,2;9,9;9,5;9,2;9,0;8,8;8,6;8,4;8,4;8,4;8,8;9,2;9,0;8,8;8,6;8,2;7,9;7,8;7,7;7,7;7,5;7,7;7,6;7,8;7,7;7,4;7,0;6,7;6,4;6,3;6,3;6,1;5,8;5,8;5,8;6,1;6,2;6,1;5,9;5,7;5,4;5,5;5,5;5,3;5,2;5,3;5,5;5,7;5,7;5,5;5,3;5,1;5,0;5,0;4,9;4,9;4,8;4,8;4,9;5,3;5,4;5,3;5,6;5,7;5,7;5,8;5,7;5,7;5,7;5,7;5,8;6,0;6,0;6,1;5,8;5,7;5,7;5,6;5,6;5,5;5,4;5,3;5,2;5,5;5,5;5,4;5,3;5,0;4,7;4,5;4,4;4,3;4,1;4,3;4,6;5,0;5,0;4,9;4,8;4,8;4,7;4,6;4,7;4,6;4,6;4,6;4,6;5,0;4,9;4,7;4,7;4,5;4,4;4,5;4,5;4,5;4,5;4,5;4,5;4,8;4,9;4,9;5,0;4,8;4,7;4,9;5,1;5,2;5,3;5,2;5,3;5,6;5,7;5,8;5,7
Powiat buski;052615301000;9,5;9,7;9,4;8,9;8,4;7,8;7,6;7,5;7,6;7,5;7,9;8,6;9,3;9,6;9,3;8,5;8,0;7,8;7,6;7,7;7,8;7,9;8,6;9,1;10,0;10,4;10,1;9,0;8,3;8,0;8,0;8,0;8,4;8,5;8,9;9,4;10,1;10,0;9,4;8,3;7,7;7,4;7,0;6,9;7,2;7,3;7,6;8,0;8,5;8,5;8,0;7,4;7,0;6,5;6,3;6,3;6,3;6,3;6,7;7,1;7,6;7,7;7,1;6,2;5,9;5,7;5,4;5,2;5,2;5,2;5,4;5,6;6,1;5,9;5,4;4,8;4,7;4,4;4,2;4,3;4,1;4,1;4,3;4,6;5,0;5,0;4,7;4,3;4,0;3,7;3,7;3,7;3,5;3,5;3,7;3,9;4,3;4,1;3,8;3,4;3,3;3,2;3,1;3,2;3,1;3,2;3,3;3,7;3,8;3,7;3,6;3,9;3,9;4,0;4,1;4,1;4,1;4,0;4,1;4,4;4,5;4,5;4,4;4,3;4,0;3,8;3,6;3,5;3,5;3,3;3,3;4,9;5,2;5,1;4,7;4,3;4,0;3,9;3,9;4,0;4,0;4,0;4,2;4,4;4,7;4,8;4,5;4,2;4,0;4,1;4,1;3,8;3,8;3,9;4,0;4,2;4,7;4,6;4,4;4,0;3,6;3,6;3,7;3,7;3,7;3,8;3,9;4,0;4,4;4,3;4,2;4,1;4,0;4,2;4,3;4,3;4,6;4,7;4,8;5,1;5,4;5,5;5,4;5,2
Powiat jędrzejowski;052615302000;14,1;14,7;15,0;14,2;14,1;13,8;13,6;13,8;13,2;13,0;13,2;13,7;14,1;14,5;14,5;14,0;13,8;13,5;13,4;13,4;13,1;13,0;13,5;13,9;14,8;15,1;14,9;14,6;14,8;14,8;14,9;14,5;14,5;14,5;14,7;15,2;15,9;16,2;15,7;15,2;14,9;14,6;14,6;14,4;14,1;13,4;13,5;13,3;13,6;14,1;13,9;13,6;13,4;13,1;12,7;12,5;12,1;11,8;11,8;11,9;12,3;12,4;12,1;11,6;11,5;11,3;11,2;11,0;10,7;10,6;10,4;10,0;10,0;10,0;9,4;9,0;8,7;8,4;8,3;8,2;7,9;7,6;7,6;7,6;7,9;8,1;8,2;8,0;7,8;7,4;7,3;7,2;6,9;6,8;6,9;7,1;7,3;7,5;7,5;7,3;7,2;7,0;7,0;7,0;7,0;6,7;6,9;6,9;7,2;7,4;7,4;7,6;7,5;7,4;7,4;7,5;7,4;7,3;7,2;7,3;7,6;7,7;7,5;7,2;7,0;6,8;6,8;6,7;6,6;6,1;5,8;7,7;8,0;8,1;7,7;7,1;7,0;6,9;7,0;7,0;7,0;6,6;6,7;6,7;7,1;7,4;7,2;7,1;7,0;7,1;7,3;6,9;6,6;6,3;6,4;7,0;6,9;7,1;6,7;6,3;6,1;5,9;5,9;6,0;6,0;5,8;5,8;6,0;6,5;6,8;6,7;6,3;6,1;6,1;6,7;6,8;6,9;6,8;6,8;7,0;7,2;7,6;7,8;7,7
Powiat kazimierski;052615303000;12,2;12,3;12,0;11,8;11,6;11,5;11,8;11,9;12,1;12,3;12,4;12,6;12,8;12,8;12,6;12,1;12,0;11,9;12,3;12,0;12,1;12,1;12,2;12,6;12,9;12,9;12,9;12,5;12,5;12,4;12,7;12,7;13,1;13,3;13,6;13,7;13,7;13,7;13,6;13,1;12,8;12,8;12,7;12,5;12,9;12,3;12,3;12,4;12,6;12,5;12,0;11,7;11,3;11,2;10,9;10,7;10,6;10,2;10,4;10,5;10,8;10,7;10,4;9,9;10,1;9,7;9,9;9,7;9,5;9,2;9,3;9,6;9,8;9,5;9,0;8,7;8,7;8,6;8,7;8,4;8,6;8,3;8,1;8,1;8,5;8,2;7,9;7,5;7,3;7,3;7,7;7,7;7,8;7,6;7,6;7,5;7,5;7,2;6,9;6,7;6,9;6,7;6,7;6,7;6,7;6,5;6,5;6,7;7,1;6,9;6,7;7,1;7,3;7,6;7,7;7,8;7,7;7,5;7,5;7,6;7,7;7,6;7,5;7,3;7,3;7,2;7,5;7,7;7,5;7,3;7,3;11,9;12,1;12,1;11,9;11,7;11,6;11,0;10,8;10,9;10,4;10,3;10,3;10,0;10,4;10,3;9,6;9,4;9,6;9,6;9,7;10,1;10,1;9,7;9,4;10,6;10,4;10,3;9,7;9,5;9,6;9,6;9,6;10,2;10,0;9,8;9,8;10,3;10,9;10,8;10,2;10,0;10,3;10,3;10,7;11,0;11,1;10,7;10,9;11,3;11,7;11,9;11,6;11,5
Powiat opatowski;052615306000;21,3;22,2;22,2;21,4;22,0;21,1;20,7;20,7;20,7;20,4;20,8;21,6;22,0;22,4;21,4;21,1;21,1;20,5;20,4;20,4;20,5;20,6;21,6;22,6;23,0;22,2;22,0;21,2;21,7;20,7;21,5;21,8;22,5;21,8;22,0;23,1;23,7;23,6;22,6;21,2;20,6;20,2;19,9;19,6;18,9;19,1;19,3;20,9;21,6;21,4;20,9;20,5;19,3;19,1;19,1;18,7;17,7;18,2;18,5;19,5;19,7;19,4;19,3;17,3;17,7;16,5;16,3;15,9;15,7;16,2;16,3;16,5;15,7;15,1;14,5;13,9;14,0;12,8;13,2;12,9;12,9;12,3;12,7;14,2;14,3;14,0;13,7;13,5;13,7;12,7;12,9;12,9;13,2;12,4;12,7;13,6;13,9;13,2;12,7;12,5;12,1;11,9;12,0;12,5;12,4;12,0;12,3;13,6;13,5;13,1;12,8;13,0;13,2;12,6;12,8;12,7;12,7;12,5;12,7;13,4;13,6;13,5;13,1;12,7;12,5;12,2;12,4;12,7;12,5;12,3;12,5;17,1;17,4;16,8;16,1;15,6;15,7;15,1;14,9;15,0;15,0;14,8;14,9;15,8;16,1;16,1;15,0;14,9;15,0;15,4;14,6;14,6;13,9;13,9;14,0;15,4;15,1;15,4;14,7;14,2;14,0;13,7;13,7;13,9;14,0;14,0;14,0;15,0;15,8;15,8;14,9;14,7;14,0;14,3;14,9;15,4;15,2;15,1;15,2;15,8;16,5;16,4;16,4;16,4
Powiat pińczowski;052615308000;10,0;10,3;10,2;9,6;9,3;8,9;8,5;8,7;8,8;8,6;8,8;9,5;9,9;10,1;9,6;9,4;9,3;8,9;8,7;9,1;8,9;9,2;9,7;9,8;10,6;10,7;10,6;10,1;10,2;9,7;9,6;9,7;9,6;9,6;10,1;10,7;11,4;11,4;11,0;10,6;10,4;9,7;9,6;9,8;9,8;9,6;9,6;9,5;10,0;9,9;9,8;9,2;8,8;8,2;8,3;8,1;8,1;8,1;8,4;8,7;9,0;9,1;8,7;8,4;8,1;7,7;7,8;7,9;7,6;7,6;7,6;7,6;7,8;7,8;7,6;7,3;7,0;6,8;6,7;6,7;6,7;6,4;6,5;6,7;7,0;7,0;7,1;6,8;6,6;6,4;6,5;6,7;6,6;6,4;6,5;6,6;6,9;6,8;6,6;6,4;6,4;6,2;6,1;6,1;5,9;6,1;6,3;6,3;6,5;6,3;6,3;6,6;6,6;6,8;6,7;6,8;6,7;6,7;6,7;6,7;6,9;6,8;6,7;6,6;6,4;6,2;6,3;6,2;6,1;6,1;6,0;8,1;8,2;8,3;7,9;7,8;7,7;7,5;7,5;7,6;7,6;7,5;7,8;7,8;8,1;7,9;7,8;7,7;7,6;7,4;7,5;7,7;7,2;6,9;7,0;7,0;7,3;7,3;7,2;7,0;7,1;6,9;6,9;7,1;6,9;6,9;6,8;6,9;7,2;7,3;7,2;6,9;6,9;7,1;7,3;7,5;7,6;7,7;7,8;7,8;8,1;8,2;8,1;8,0
Powiat sandomierski;052615309000;12,3;12,6;12,5;12,6;12,0;11,6;11,5;11,7;11,9;12,0;12,3;12,6;13,3;13,7;13,1;12,5;12,1;11,8;11,9;12,1;12,1;12,2;12,4;12,8;13,2;13,2;13,2;12,9;12,5;12,2;12,5;12,6;12,8;12,7;13,2;13,3;13,5;13,6;13,2;12,6;12,0;11,5;11,5;11,4;11,1;10,9;11,0;11,3;11,7;11,6;11,2;10,9;10,3;9,3;9,0;8,8;8,5;8,3;8,6;8,9;9,3;9,5;9,3;9,0;8,8;8,5;8,5;8,5;8,3;8,1;8,4;8,6;8,8;8,6;8,3;8,1;7,8;7,4;7,6;7,5;7,4;7,3;7,2;7,5;7,7;7,7;7,5;7,2;6,9;6,6;6,6;6,5;6,3;6,3;6,6;6,9;6,9;6,9;6,7;6,5;6,3;6,1;6,3;6,4;6,3;6,5;6,7;6,9;7,1;6,9;6,8;7,1;7,4;7,3;7,3;7,3;7,1;6,9;7,2;7,4;7,5;7,5;7,4;7,3;7,1;7,0;7,0;7,0;6,7;6,5;6,6;7,8;8,0;8,0;8,0;7,7;7,5;7,3;7,5;7,5;7,3;7,2;7,5;8,2;8,4;8,4;8,2;7,9;7,8;7,7;7,8;7,7;7,5;7,6;7,6;7,9;8,3;8,3;8,1;7,7;7,7;7,6;7,7;7,9;7,7;7,5;7,6;8,0;8,4;8,3;8,2;8,1;7,9;8,0;8,4;8,5;8,5;8,5;8,7;8,9;9,3;9,3;9,3;9,1
Powiat staszowski;052615312000;12,9;13,9;13,8;12,6;11,9;11,8;11,6;11,4;11,5;11,5;11,7;12,4;13,2;13,6;13,1;12,1;11,5;11,2;11,0;11,3;11,2;11,3;11,9;12,9;13,9;14,3;13,7;12,6;11,8;11,5;11,7;11,7;11,7;11,7;12,2;12,9;13,7;13,7;13,0;11,7;11,0;10,9;10,9;11,2;10,6;10,5;10,8;11,3;12,0;12,1;11,8;11,2;10,6;9,9;9,7;9,5;9,3;9,0;9,3;9,6;10,3;10,6;10,1;9,8;9,5;9,4;9,4;9,3;9,0;8,8;8,8;9,2;9,6;9,2;8,8;8,4;7,9;7,5;7,5;7,4;7,5;7,2;7,4;7,5;7,8;7,8;7,7;7,1;6,8;6,8;7,0;6,9;7,0;6,9;7,0;7,2;7,4;7,4;7,1;6,6;6,6;6,4;6,3;6,3;6,2;6,2;6,4;6,7;7,1;7,1;6,9;7,1;7,2;7,2;7,4;7,3;7,3;7,2;7,1;7,3;7,6;7,6;7,3;7,0;6,7;6,5;6,4;6,4;6,2;5,8;5,8;6,7;6,8;6,8;6,5;6,1;5,8;5,6;5,8;5,8;5,9;5,9;6,0;6,5;6,9;7,1;6,8;6,7;6,6;6,7;6,6;6,5;6,4;6,5;6,6;6,9;7,2;7,0;6,7;6,3;6,0;5,9;6,0;6,3;6,1;6,1;6,3;6,7;6,9;6,9;6,6;6,2;6,0;6,2;6,6;7,0;7,3;7,3;7,4;7,6;8,0;8,2;8,0;7,7
Powiat włoszczowski;052615313000;16,1;16,1;15,2;14,3;14,0;14,0;14,1;13,8;13,7;13,6;13,7;14,2;15,4;15,1;14,9;14,4;14,3;14,1;13,7;13,8;13,4;13,0;13,4;14,3;15,4;15,1;14,8;14,7;14,4;14,4;14,4;14,4;14,5;14,2;14,4;15,1;15,6;15,4;14,4;13,7;13,5;13,0;13,0;12,9;12,5;12,2;12,3;12,7;13,3;13,3;12,6;11,8;11,1;9,8;9,4;8,8;8,4;8,1;8,2;9,0;9,4;9,3;8,8;8,3;8,2;8,0;8,0;8,0;7,8;7,6;7,8;8,5;8,7;8,8;8,0;7,6;7,3;7,0;6,9;7,1;6,8;6,7;6,6;6,9;7,3;7,2;6,7;6,3;5,8;5,6;5,6;5,5;5,5;5,7;6,0;6,4;7,0;6,8;6,5;6,1;6,0;6,1;6,2;6,2;6,3;6,3;6,4;7,0;7,4;7,0;6,8;6,9;6,9;7,1;7,1;7,1;7,2;7,2;7,2;7,5;7,9;7,5;7,3;6,9;6,7;6,5;6,3;6,3;6,1;6,0;6,1;7,9;8,4;8,0;7,7;7,3;7,0;6,7;6,5;6,4;6,5;6,6;6,7;7,1;7,7;7,2;6,7;6,5;6,3;6,2;6,3;6,4;6,4;6,5;6,4;6,7;7,1;6,8;6,5;6,3;6,2;6,1;6,0;6,2;6,1;5,8;5,9;6,3;6,8;6,6;6,3;5,9;5,7;5,8;6,0;6,2;6,2;6,2;6,4;6,7;7,0;7,1;7,0;6,6
Powiat bialski;060610901000;15,1;15,8;16,1;16,0;15,6;14,8;14,7;14,7;14,8;14,7;15,1;15,1;15,8;16,2;15,7;15,2;14,9;14,8;15,1;15,2;15,1;14,9;15,4;16,0;16,9;17,1;16,7;16,5;16,3;15,9;15,9;15,6;15,6;15,4;15,8;15,8;16,5;16,5;16,5;16,0;15,4;15,0;14,9;14,6;14,1;13,9;14,2;14,6;15,0;15,3;14,9;14,6;13,8;13,3;13,2;12,9;12,6;12,3;12,8;12,9;13,6;13,8;13,8;13,2;13,0;12,6;12,6;12,4;12,2;12,1;12,1;12,2;12,7;12,7;12,2;12,0;11,4;10,9;10,8;10,6;10,4;10,0;10,2;10,2;10,5;10,6;10,4;10,2;10,2;10,2;10,2;10,2;10,0;9,9;10,0;9,9;10,2;10,2;10,0;9,8;9,7;9,6;9,5;9,4;9,3;9,2;9,3;9,3;9,6;9,5;9,4;9,6;9,8;10,1;10,2;10,3;10,1;10,1;10,1;10,3;10,6;10,7;10,7;10,4;10,2;10,0;9,9;9,7;9,3;9,0;8,8;11,1;11,5;11,6;11,1;10,9;10,7;10,4;10,2;10,1;9,8;9,7;9,8;9,6;10,1;9,7;9,5;9,3;9,3;9,1;9,0;9,0;8,9;8,8;8,7;8,7;9,3;9,2;8,9;8,8;8,9;8,7;8,9;9,1;8,9;8,7;8,8;9,3;9,8;9,9;9,7;9,4;9,5;9,5;9,7;9,8;9,9;9,9;9,7;9,8;10,2;10,3;10,1;9,9
Powiat parczewski;060610913000;15,4;15,7;15,7;15,0;14,6;13,9;13,3;13,0;12,8;13,2;13,6;14,3;15,8;16,3;16,0;15,9;15,7;14,8;14,2;13,9;13,8;14,1;14,5;15,1;16,0;16,2;16,2;16,1;15,5;15,1;14,7;14,7;14,7;14,9;15,2;15,3;16,0;15,9;15,5;15,1;14,5;13,9;13,7;13,2;13,1;12,9;13,0;13,1;13,8;13,8;13,9;13,4;13,1;12,5;12,1;11,8;11,5;11,8;12,2;12,2;12,6;12,4;12,3;11,8;11,1;10,2;9,8;9,7;9,7;9,6;9,8;10,0;10,4;10,1;9,6;8,9;8,4;8,3;8,3;8,2;8,1;7,8;7,9;8,2;8,5;8,5;8,4;7,9;7,6;7,3;7,2;7,2;7,1;7,1;7,3;7,2;7,5;7,6;7,6;7,3;6,8;6,7;6,6;6,5;6,4;6,6;6,6;6,6;7,1;7,0;6,8;7,0;7,3;7,3;7,1;6,9;6,8;7,0;7,0;7,2;7,4;7,4;7,4;7,1;7,1;6,8;6,5;6,5;6,2;6,4;6,5;8,5;9,0;9,0;8,9;8,8;8,6;8,2;8,1;7,8;8,1;8,1;8,5;8,2;8,6;8,6;8,6;8,4;8,2;8,0;7,8;7,6;7,7;7,9;7,9;8,0;8,5;8,7;8,5;8,2;8,0;7,9;7,6;7,7;7,7;8,0;7,9;8,2;8,5;8,7;8,2;8,0;7,8;8,0;8,1;8,1;8,4;8,6;8,7;8,9;9,3;9,5;9,3;9,3
Powiat radzyński;060610915000;14,5;14,6;14,6;14,3;13,8;13,3;13,4;13,2;13,2;13,0;13,4;13,9;14,3;14,7;14,8;14,6;14,2;14,0;13,9;14,1;14,2;14,2;14,6;15,2;15,7;16,0;15,9;15,7;15,3;15,1;15,1;15,0;15,0;14,9;15,1;15,3;15,8;15,8;15,6;15,2;14,8;14,5;14,6;14,4;13,8;13,5;13,8;13,8;14,4;14,2;13,8;13,5;13,2;12,5;12,3;12,5;12,1;12,2;12,4;12,8;13,2;13,3;13,1;12,8;12,0;11,6;11,7;11,3;10,9;10,7;10,7;10,5;10,9;10,4;9,9;9,5;9,1;8,6;8,7;8,6;8,2;8,0;8,0;8,1;8,2;8,1;7,7;7,3;7,1;7,0;7,1;7,1;7,0;6,9;7,0;7,0;7,3;7,2;7,0;6,7;6,5;6,3;6,1;6,0;5,7;5,6;5,6;5,8;6,2;6,3;6,2;6,5;6,6;6,7;6,7;6,7;6,8;6,7;6,7;6,8;7,0;7,1;7,1;7,0;6,8;6,5;6,5;6,6;6,5;6,3;6,4;8,2;8,4;8,5;8,4;8,1;8,1;8,0;8,1;8,0;7,9;7,9;8,1;7,9;8,5;8,6;8,4;8,4;8,1;7,8;7,8;7,6;7,5;7,2;7,3;7,6;8,0;8,0;7,8;7,6;7,4;7,2;7,0;7,2;7,1;6,8;6,8;6,9;7,5;7,5;7,5;7,2;7,1;7,1;7,6;7,8;7,8;7,9;8,0;8,0;8,5;8,6;8,6;8,6
Powiat włodawski;060610919000;24,4;24,9;24,4;22,6;21,8;21,2;21,1;20,9;21,0;21,2;21,7;22,8;23,8;23,9;23,4;22,7;22,1;22,0;21,6;21,8;22,4;22,6;23,2;24,6;25,6;25,7;25,4;24,7;24,0;23,7;23,5;23,7;23,6;23,6;24,1;25,0;25,8;25,7;25,0;24,0;23,1;22,5;22,0;21,9;21,4;21,6;22,2;23,1;23,8;23,8;23,3;22,4;21,5;20,8;20,6;20,4;19,9;19,6;20,1;20,8;21,3;21,2;21,1;20,3;19,3;18,4;18,2;18,1;17,9;18,0;18,4;19,2;20,0;19,7;19,2;17,8;16,9;16,5;16,2;16,4;16,1;15,8;16,1;16,5;17,1;16,7;16,2;15,4;15,0;14,3;14,2;14,2;14,1;14,5;14,8;15,3;15,8;15,6;15,0;14,3;14,2;13,9;13,6;13,7;13,9;14,2;14,4;15,7;16,2;15,6;15,4;15,8;15,9;15,8;15,7;15,6;15,3;15,5;15,7;16,0;16,5;16,4;16,1;16,0;15,7;15,1;14,7;14,6;14,3;14,5;14,6;17,6;18,0;17,7;17,4;17,1;16,7;15,7;15,6;15,5;15,5;15,3;15,5;15,6;16,5;16,1;15,5;15,1;15,0;14,7;14,5;14,3;14,3;14,6;14,9;15,6;16,1;15,8;15,5;15,1;14,6;14,5;14,3;14,5;14,3;14,4;14,9;15,3;16,2;15,9;15,6;15,0;14,9;15,3;15,8;16,2;16,7;16,9;17,3;17,8;18,4;18,1;17,9;17,3
Powiat m. Biała Podlaska;060610961000;14,9;15,6;15,9;15,7;15,6;14,9;14,7;14,7;14,7;14,6;15,0;15,4;15,9;16,3;15,9;15,4;15,1;15,0;15,3;15,4;15,4;15,1;15,7;16,7;17,8;17,9;17,6;17,5;17,1;16,7;16,6;16,4;16,3;16,2;16,6;16,4;17,1;17,2;17,2;16,9;16,3;16,0;15,9;15,6;15,1;14,8;14,8;15,0;15,3;15,7;15,4;15,2;14,6;14,0;13,8;13,8;13,7;13,4;13,4;13,7;14,3;14,5;14,4;13,9;13,8;13,5;13,2;13,1;13,1;12,8;12,8;12,7;13,1;13,2;12,8;12,7;12,2;11,8;11,6;11,8;11,4;11,0;11,0;11,2;11,3;11,3;11,0;11,0;11,1;10,9;10,8;10,9;10,6;10,4;10,5;10,3;10,7;10,6;10,6;10,4;10,3;10,2;10,0;10,1;9,9;9,8;9,8;9,9;10,2;10,1;10,1;10,3;10,7;11,1;11,0;11,1;11,2;11,0;11,0;10,8;11,1;11,1;11,1;10,7;10,4;10,2;10,0;9,9;9,8;9,1;8,7;9,1;9,4;9,2;9,0;8,9;8,7;8,3;8,1;8,1;7,7;7,6;7,6;7,8;8,2;8,0;7,7;7,5;7,4;7,4;7,3;7,3;7,2;7,1;7,3;7,0;7,7;7,6;7,5;7,1;7,1;7,0;7,3;7,2;7,0;6,9;7,0;7,2;7,7;7,4;7,3;7,2;7,4;7,5;7,9;8,1;8,1;8,2;8,1;8,2;8,6;8,7;8,7;8,7
Powiat biłgorajski;060611002000;8,2;8,4;8,2;7,9;7,4;6,8;6,8;6,6;6,6;7,0;7,5;8,2;9,1;9,3;9,1;8,6;8,0;7,6;7,4;7,4;7,4;7,6;8,2;8,9;10,1;10,2;10,1;9,6;8,9;8,5;8,4;8,2;8,2;8,4;8,8;9,4;10,0;9,9;9,4;8,5;7,7;7,3;7,4;7,5;7,4;7,4;7,7;8,3;9,0;8,8;8,5;8,2;7,5;7,2;7,1;7,2;6,8;7,0;7,4;8,0;8,5;8,3;7,9;7,4;6,7;6,3;6,4;6,4;6,0;6,0;6,2;6,5;7,0;6,7;6,2;5,9;5,6;5,3;5,3;5,3;5,2;5,1;5,3;5,7;6,1;5,9;5,6;5,2;4,9;4,8;4,7;4,7;4,6;4,5;4,7;5,0;5,3;5,2;5,1;4,8;4,5;4,5;4,4;4,5;4,4;4,4;4,7;5,0;5,2;5,2;5,2;5,5;5,6;5,6;5,4;5,2;5,0;5,0;5,1;5,3;5,5;5,5;5,4;5,2;5,0;4,8;4,7;4,5;4,4;4,4;4,5;6,5;6,8;6,7;6,6;6,4;6,1;5,9;6,0;5,7;5,7;5,9;6,0;5,9;6,3;6,2;6,0;5,7;5,3;5,3;5,5;5,4;5,2;5,4;5,6;6,1;6,5;6,3;6,2;5,9;5,6;5,6;5,4;5,5;5,5;5,5;5,8;6,0;6,3;6,4;6,3;6,0;5,9;6,0;6,3;6,5;6,6;6,4;6,5;6,8;7,3;7,5;7,4;7,1
Powiat chełmski;060611003000;18,8;19,5;19,2;18,3;17,6;16,8;16,8;16,8;16,7;16,8;17,3;18,1;19,2;19,6;19,2;18,7;18,3;17,8;17,5;17,7;18,1;18,0;18,6;19,6;21,0;21,1;20,8;19,9;19,3;18,9;19,1;19,1;19,2;19,4;20,0;20,3;21,2;21,1;20,5;19,5;18,6;17,8;17,5;17,3;17,0;16,8;16,9;18,0;18,9;19,2;18,8;18,0;17,3;16,2;16,3;16,3;15,9;15,8;16,4;16,9;17,7;17,7;17,3;16,6;15,8;15,3;15,2;15,1;14,7;14,7;15,0;15,7;16,3;16,5;15,6;14,7;14,2;13,8;13,8;13,9;13,5;13,4;13,7;14,0;14,6;14,5;14,1;13,4;12,9;12,6;12,8;12,8;12,3;12,3;12,8;13,3;13,8;13,8;13,3;12,7;12,4;12,1;11,9;11,8;11,3;11,1;11,4;11,9;12,4;12,1;11,7;11,9;11,8;11,9;12,1;12,1;11,9;12,0;12,5;12,9;13,5;13,3;12,6;12,2;12,0;11,6;11,6;11,3;10,8;10,5;10,7;17,5;18,2;17,8;16,6;15,9;15,3;14,9;15,0;14,7;14,1;14,2;14,8;13,8;15,2;14,7;13,6;13,2;12,4;12,3;12,2;12,0;11,6;11,2;11,3;12,3;13,2;13,0;12,2;12,2;11,6;11,3;11,4;11,4;11,2;11,0;11,5;12,5;13,0;12,8;12,2;11,5;11,3;11,6;12,5;12,9;12,6;12,5;12,9;13,4;14,0;14,1;14,0;13,9
Powiat hrubieszowski;060611004000;19,7;19,9;19,8;19,2;19,1;19,3;19,1;18,8;18,6;18,5;18,9;18,6;19,4;19,6;19,4;18,9;18,3;18,3;18,3;18,5;18,4;18,3;19,1;20,3;21,0;20,8;20,4;20,0;19,3;19,1;19,2;19,0;19,4;19,7;20,3;20,3;20,9;20,9;20,2;19,1;18,6;18,2;18,2;18,2;18,0;17,6;17,9;18,3;19,1;19,0;18,4;17,7;17,2;16,9;16,6;16,4;16,0;16,1;16,7;17,7;18,3;18,0;17,3;16,3;16,0;15,7;15,2;15,1;14,7;14,7;15,2;16,1;16,8;16,5;15,5;14,6;14,1;13,8;13,8;13,7;13,3;13,1;13,5;14,3;14,6;14,5;14,0;13,5;12,8;12,5;12,3;12,3;12,0;12,2;12,5;13,1;13,6;13,5;12,8;12,4;12,3;12,1;12,2;12,4;12,2;12,4;12,5;13,3;13,9;13,4;13,1;13,4;13,3;13,0;12,7;12,5;11,7;11,9;12,1;12,9;13,5;13,4;13,0;12,7;12,4;12,5;12,5;12,5;12,0;11,7;11,8;18,1;18,6;18,5;17,7;17,2;16,4;16,0;16,0;16,0;15,8;15,7;16,0;15,1;15,8;15,4;15,0;14,6;14,4;14,2;14,1;14,1;13,7;13,7;14,0;15,3;15,9;15,7;15,5;15,0;14,6;14,3;14,0;14,8;14,3;14,4;14,6;15,6;16,0;16,0;15,4;15,2;14,6;14,8;15,5;15,5;15,4;15,7;16,0;16,3;16,7;16,9;16,9;16,7
Powiat krasnostawski;060611006000;15,1;15,7;15,9;15,3;15,1;14,9;14,9;15,0;15,1;15,0;15,2;15,9;16,8;17,0;16,4;16,5;16,2;16,0;16,0;16,1;15,8;15,6;15,9;16,7;17,6;17,7;17,3;17,2;16,8;16,5;16,8;16,7;16,5;16,5;16,4;17,0;17,8;17,7;17,6;16,9;16,5;16,2;16,2;16,3;15,9;15,5;15,4;15,5;16,2;15,9;15,6;15,2;14,9;14,6;14,6;14,9;14,6;14,5;14,4;15,1;15,6;15,3;15,1;14,7;14,2;13,7;13,5;13,5;12,9;12,9;13,1;13,7;14,1;13,6;13,4;13,0;12,8;12,4;12,5;12,6;12,2;12,1;12,1;12,7;12,9;12,5;12,3;11,9;11,6;11,4;11,5;11,6;11,3;11,4;11,3;11,5;12,0;11,7;11,6;11,3;11,0;10,8;11,0;10,9;10,6;10,5;10,5;11,0;11,6;11,4;11,4;11,7;11,7;11,5;11,5;11,5;11,5;11,4;11,4;11,7;12,2;12,0;11,6;11,3;11,4;11,3;11,3;11,4;11,1;10,8;10,9;15,8;16,4;16,3;15,9;15,8;15,7;15,3;15,4;15,2;14,8;14,5;14,7;14,3;14,9;14,6;14,1;13,6;13,4;13,4;13,5;13,5;13,3;13,2;13,3;14,0;15,0;14,5;14,0;13,5;13,6;13,6;13,4;13,5;13,3;13,1;12,9;13,4;14,3;14,0;13,5;13,2;12,8;13,0;13,5;13,6;13,5;13,5;13,5;14,0;14,8;15,0;15,0;14,4
Powiat tomaszowski;060611018000;15,1;15,5;15,5;14,7;14,0;13,0;13,0;13,2;13,5;13,7;14,5;15,1;15,8;15,9;15,7;15,2;14,5;13,7;13,8;13,9;13,9;14,2;15,0;15,8;16,6;17,1;17,0;16,5;15,6;14,6;14,4;14,5;14,5;14,8;15,5;15,8;16,3;16,2;15,7;14,8;13,9;12,6;12,6;12,4;12,3;12,4;12,7;13,1;13,8;13,8;13,6;12,8;11,7;10,8;10,4;10,5;10,6;11,0;11,7;12,5;12,9;13,0;12,5;11,4;10,3;9,4;8,9;8,6;8,7;8,9;9,4;9,9;10,3;10,3;9,7;8,8;8,1;7,1;6,9;7,0;6,8;6,9;7,4;8,1;8,5;8,2;7,9;7,2;6,7;5,9;5,6;5,5;5,6;5,7;6,2;6,8;7,3;7,2;6,9;6,5;6,1;5,8;6,0;5,9;5,9;6,1;6,6;6,9;7,5;7,2;7,2;7,4;7,5;7,0;6,9;6,8;6,9;7,1;7,5;8,0;8,4;8,5;8,3;8,0;7,6;7,1;6,9;6,9;6,7;6,4;6,7;9,9;10,4;10,2;10,0;9,5;9,1;8,8;8,7;8,7;8,6;8,9;9,3;9,1;9,7;9,7;9,4;9,2;8,6;8,4;8,2;8,2;8,4;8,6;9,1;9,6;9,9;9,8;9,3;8,9;8,4;8,2;7,9;8,1;8,0;8,1;8,5;8,8;9,3;9,5;9,1;8,8;8,3;8,3;8,3;8,7;9,0;9,1;9,4;9,8;10,3;10,4;10,1;9,8
Powiat zamojski;060611020000;15,4;15,7;15,7;15,0;14,4;13,5;13,2;13,0;13,1;12,9;13,5;14,4;15,4;15,8;15,8;15,2;14,7;14,2;14,2;14,2;14,3;14,8;15,5;16,2;17,0;17,3;17,1;16,6;16,0;15,4;15,1;15,2;15,1;15,2;15,6;16,2;16,8;16,9;16,4;15,8;15,0;14,4;14,2;14,1;13,9;13,8;14,2;14,5;15,0;14,8;14,5;13,7;13,2;12,9;13,0;13,1;12,8;12,9;13,5;13,9;14,5;14,2;13,9;13,0;12,3;11,6;11,6;11,6;11,4;11,5;11,7;12,1;12,3;12,2;11,8;11,1;10,8;10,3;10,4;10,3;10,2;10,0;10,2;10,6;11,0;10,7;10,6;10,0;9,3;8,8;8,8;8,7;8,6;8,7;8,8;9,1;9,6;9,3;8,9;8,6;8,2;8,0;7,8;7,7;7,6;7,8;8,0;8,3;8,7;8,5;8,4;8,9;9,1;9,2;9,2;9,1;8,8;8,9;9,1;9,4;9,7;9,6;9,3;9,2;8,9;8,5;8,5;8,5;8,3;8,2;8,3;12,9;13,4;13,2;12,9;12,3;11,7;11,3;11,1;10,9;11,0;11,2;11,3;10,7;11,5;11,4;11,0;10,8;10,3;10,1;10,0;9,9;9,8;10,2;10,3;10,6;11,2;11,1;10,5;10,4;10,2;9,8;9,6;9,9;9,9;10,1;10,4;10,8;11,4;11,3;11,1;10,6;10,4;10,3;10,5;10,7;10,8;11,0;11,3;11,4;12,0;12,1;12,0;11,7
Powiat m. Chełm;060611062000;16,2;16,7;16,5;15,9;15,6;14,9;15,1;15,1;15,0;15,1;15,4;16,5;17,2;17,7;17,3;16,9;16,7;16,3;16,2;16,3;16,4;16,4;16,9;18,0;19,0;19,1;19,0;18,5;18,1;17,9;18,1;18,1;17,8;17,6;18,0;18,3;18,9;18,8;18,4;17,7;17,0;16,6;16,6;16,5;16,1;15,7;15,7;15,8;16,4;16,6;16,4;15,9;15,4;14,7;14,9;14,7;14,3;14,1;14,2;14,7;15,1;15,3;14,8;14,1;13,7;13,3;13,1;13,0;12,6;12,4;12,3;13,1;13,9;14,0;13,3;12,9;12,7;12,4;12,6;12,7;12,1;11,9;11,8;12,2;12,7;12,5;12,3;11,7;11,4;11,2;11,3;11,3;11,1;10,7;10,9;11,2;11,9;11,6;11,5;11,0;10,7;10,4;10,4;10,7;10,3;10,1;10,3;11,0;11,6;11,3;10,9;11,2;11,3;11,5;11,7;11,7;11,1;11,2;11,5;12,0;12,5;12,2;11,8;11,4;11,4;10,9;10,9;10,4;9,9;9,4;9,5;10,2;10,8;10,5;10,1;9,9;9,7;9,4;9,2;9,0;8,7;8,7;8,9;9,4;10,2;10,1;9,5;9,4;8,7;8,7;8,3;8,0;7,9;7,6;7,7;8,3;8,9;9,0;8,7;8,6;8,1;8,1;8,0;8,2;8,1;7,9;7,9;8,5;8,9;8,6;8,4;8,0;7,9;8,3;9,0;9,3;9,1;9,0;9,1;9,5;10,0;10,1;10,1;10,1
Powiat m. Zamość;060611064000;15,8;15,9;15,9;15,3;14,7;13,8;13,7;13,6;13,5;13,6;13,8;14,7;15,5;15,8;15,9;15,4;15,4;14,9;14,8;15,0;15,2;15,3;15,7;16,5;17,4;17,6;17,2;17,0;16,5;16,0;16,0;16,1;16,0;15,8;16,2;16,5;17,0;16,9;16,6;16,2;15,5;14,8;14,6;14,6;14,5;14,4;14,9;14,8;15,1;15,0;14,7;14,3;13,8;13,5;13,5;13,4;13,2;13,1;13,4;14,0;14,5;14,4;14,3;13,7;13,2;12,5;12,4;12,5;12,0;12,1;12,0;12,3;12,5;12,4;12,2;11,9;11,7;11,2;11,2;11,0;10,8;10,5;10,5;11,0;11,4;11,1;10,9;10,5;10,0;9,4;9,3;9,3;9,1;9,3;9,6;10,0;10,4;10,1;9,8;9,4;9,0;8,7;8,6;8,6;8,4;8,4;8,4;8,7;9,0;8,7;8,8;9,4;9,7;9,7;9,9;9,8;9,6;9,5;9,6;10,0;10,4;10,4;10,2;10,1;9,8;9,5;9,5;9,2;8,9;8,7;8,5;8,9;9,2;9,1;8,9;8,7;8,5;8,1;8,1;7,9;7,8;7,7;7,6;8,1;8,6;8,4;8,1;8,0;7,7;7,7;7,6;7,5;7,6;7,6;7,6;7,9;8,3;8,3;8,1;8,0;7,9;7,7;7,5;7,7;7,7;7,7;7,8;8,0;8,3;8,3;8,2;8,0;7,9;7,9;8,2;8,3;8,5;8,6;8,7;8,8;9,1;9,2;9,1;9,0
Powiat lubartowski;060611108000;16,9;17,1;17,0;16,1;15,7;15,3;15,2;15,1;15,2;15,2;15,6;16,3;17,5;18,0;17,6;16,8;16,5;16,2;15,5;15,4;15,4;15,7;16,3;17,2;18,4;18,6;18,3;17,9;17,3;16,7;16,7;16,6;16,6;16,5;16,9;17,5;18,3;18,2;17,6;16,8;16,3;16,0;15,7;15,6;15,6;15,5;15,7;16,0;16,7;16,7;16,1;15,4;14,3;13,6;13,7;13,6;13,5;13,4;13,7;14,1;14,9;14,7;14,4;13,7;13,5;13,1;13,0;12,8;12,5;12,5;12,8;13,0;13,6;13,4;13,1;12,5;12,1;11,7;11,7;11,8;11,6;11,5;11,6;11,9;12,3;12,2;11,9;11,5;11,0;10,7;10,7;10,5;10,3;10,3;10,4;10,7;11,2;11,1;10,7;10,3;10,0;9,7;9,9;9,8;9,8;9,8;9,9;10,3;10,7;10,7;10,5;10,8;10,9;10,9;10,9;10,9;10,7;10,9;11,0;11,3;11,7;11,6;11,3;11,0;10,9;10,8;10,8;10,7;10,5;10,4;10,4;13,8;13,8;13,7;13,4;13,1;12,9;12,6;12,7;12,7;12,5;12,4;12,4;12,0;12,4;12,3;12,2;12,0;11,9;11,7;11,7;11,5;11,5;11,5;11,5;11,9;12,4;12,3;12,1;12,1;11,8;11,5;11,3;11,7;11,6;11,4;11,4;11,4;12,0;12,0;11,6;11,3;11,4;11,6;12,0;12,1;12,3;11,9;12,1;12,3;12,8;12,9;12,8;12,6
Powiat lubelski;060611109000;11,8;12,1;12,0;11,5;11,2;10,9;10,9;10,9;10,8;10,8;11,1;11,2;12,1;12,3;12,1;11,9;11,5;11,2;11,2;11,3;11,4;11,6;11,9;12,4;13,3;13,4;13,5;13,4;13,2;12,9;12,8;12,7;12,6;12,5;12,7;12,9;13,2;13,3;13,1;12,7;12,2;11,8;11,7;11,6;11,4;11,2;11,2;11,0;11,4;11,5;11,3;11,0;10,7;10,3;10,2;10,2;10,1;10,0;9,9;10,0;10,3;10,4;10,2;9,9;9,5;9,2;9,0;8,8;8,6;8,4;8,5;8,5;8,7;8,7;8,5;8,1;7,9;7,7;7,8;7,8;7,5;7,2;7,2;7,3;7,5;7,5;7,4;7,1;6,8;6,5;6,5;6,5;6,4;6,3;6,2;6,3;6,5;6,5;6,4;6,1;6,0;5,9;5,8;5,8;5,7;5,6;5,5;5,6;5,8;5,7;5,7;6,1;6,3;6,3;6,3;6,2;5,9;5,8;5,7;5,8;6,0;6,0;6,0;6,0;5,7;5,5;5,4;5,2;5,1;4,8;4,7;5,9;6,3;6,3;6,4;6,3;6,1;5,9;5,8;5,8;5,7;5,7;5,6;5,6;5,9;6,0;5,8;5,8;5,7;5,5;5,5;5,6;5,5;5,6;5,7;5,7;6,1;6,1;5,9;5,7;5,6;5,5;5,5;5,5;5,5;5,4;5,4;5,5;6,0;6,1;6,1;5,8;5,6;5,8;6,2;6,5;6,5;6,4;6,3;6,3;6,7;6,9;6,8;6,7
Powiat łęczyński;060611110000;12,4;12,7;12,4;11,5;10,6;10,2;9,7;9,6;9,4;9,6;10,2;10,1;10,8;11,1;10,9;10,4;9,8;9,3;9,2;9,4;9,3;9,3;9,8;10,3;11,4;11,7;11,5;11,2;10,8;10,4;10,3;9,9;9,8;10,0;10,0;10,3;10,7;10,8;10,6;9,8;8,9;8,4;8,4;8,4;8,4;8,2;8,6;8,5;9,2;9,2;9,1;8,8;8,6;8,2;7,8;7,7;7,7;7,7;7,8;8,3;8,7;8,8;8,6;7,8;7,3;6,9;6,9;6,8;6,5;6,4;6,6;6,9;7,6;7,6;7,1;6,5;6,2;6,2;6,4;6,2;6,0;5,7;5,9;5,8;6,1;6,1;5,9;5,5;5,2;5,1;5,1;5,0;4,9;4,9;5,1;5,4;5,5;5,7;5,4;5,1;4,9;4,8;4,7;4,8;4,8;4,9;5,0;5,2;5,6;5,5;5,4;5,6;5,8;5,8;5,8;5,8;5,7;5,5;5,5;5,7;6,0;6,1;5,8;5,7;5,5;5,2;5,3;5,3;5,2;4,9;4,8;6,3;6,7;6,6;6,4;6,1;5,7;5,6;5,7;5,5;5,2;5,2;5,3;5,7;6,1;6,0;5,7;5,5;5,3;5,2;5,3;5,3;5,1;5,1;4,9;5,4;5,7;5,5;5,4;5,3;5,0;5,2;5,0;5,0;4,9;4,9;4,9;5,3;5,6;5,4;5,4;5,2;5,0;5,1;5,5;5,7;5,6;5,6;5,8;5,9;6,2;6,3;6,1;6,0
Powiat świdnicki;060611117000;18,3;18,2;18,2;17,8;16,6;15,8;15,3;15,1;15,1;15,1;15,3;15,4;16,1;16,4;16,6;16,1;15,4;15,0;15,0;15,1;14,9;14,8;15,1;16,0;16,4;16,8;16,8;16,4;16,1;15,8;15,8;15,7;15,5;15,4;15,7;16,1;16,4;16,7;16,2;15,5;15,2;15,1;14,7;14,7;14,5;14,1;14,4;14,6;15,3;15,3;14,9;14,4;14,4;14,1;14,1;13,9;13,6;13,5;13,6;14,3;14,5;14,6;14,1;13,7;13,3;12,9;12,8;12,8;12,7;12,6;12,4;12,5;12,8;12,6;12,2;11,8;11,4;11,1;10,8;10,7;10,5;10,3;10,1;10,2;10,4;10,1;9,9;9,7;9,5;9,3;9,2;9,0;9,0;9,0;8,9;9,2;9,5;9,4;9,2;9,0;8,8;8,5;8,5;8,5;8,4;8,2;8,3;8,3;8,6;8,8;8,8;9,2;9,4;9,3;9,3;9,3;9,1;9,1;9,0;9,3;9,6;9,7;9,4;9,2;9,0;8,8;8,6;8,5;8,4;8,5;8,2;9,7;9,8;9,8;9,7;9,5;9,3;9,2;9,0;8,9;8,7;8,3;8,1;8,0;8,3;8,5;8,1;8,0;7,8;7,5;7,4;7,4;7,3;7,2;7,3;7,1;7,5;7,6;7,5;7,4;7,4;7,4;7,4;7,3;7,0;7,0;7,0;7,0;7,2;7,4;7,3;7,1;6,9;6,9;7,2;7,4;7,6;7,6;7,6;7,9;8,1;8,2;8,3;8,4
Powiat m. Lublin;060611163000;9,9;10,1;10,1;10,0;9,9;9,5;9,3;9,3;9,2;9,1;9,4;9,4;9,8;10,0;9,9;9,6;9,5;9,3;9,4;9,5;9,6;9,6;9,8;9,9;10,4;10,5;10,5;10,4;10,3;10,1;10,2;10,1;10,0;9,9;10,0;10,0;10,3;10,2;10,0;9,8;9,6;9,4;9,2;9,2;9,0;8,7;8,8;8,6;8,8;8,8;8,7;8,6;8,4;8,2;8,1;8,0;8,0;7,8;8,1;7,9;8,2;8,3;8,1;7,9;7,7;7,5;7,4;7,4;7,2;7,1;7,3;7,2;7,4;7,4;7,2;7,0;6,8;6,6;6,7;6,7;6,5;6,2;6,2;6,2;6,3;6,2;6,0;6,0;5,8;5,7;5,7;5,7;5,5;5,5;5,6;5,5;5,7;5,6;5,6;5,4;5,3;5,2;5,1;5,0;4,9;4,8;4,9;5,0;5,2;5,2;5,1;5,4;5,6;5,7;5,7;5,8;5,7;5,6;5,6;5,6;5,7;5,9;5,8;5,8;5,8;5,6;5,5;5,6;5,4;5,3;5,2;5,2;5,2;5,3;5,4;5,4;5,4;5,3;5,2;5,2;5,0;5,0;4,9;5,1;5,2;5,2;5,1;4,9;4,7;4,6;4,6;4,6;4,5;4,3;4,3;4,2;4,5;4,5;4,4;4,3;4,3;4,2;4,3;4,2;4,1;3,9;4,0;4,0;4,3;4,3;4,3;4,2;4,1;4,2;4,4;4,5;4,4;4,4;4,4;4,5;4,6;4,7;4,7;4,7
Powiat janowski;060611205000;14,8;14,9;14,3;13,7;13,2;12,8;13,0;13,1;13,5;13,6;13,8;14,2;14,7;14,8;14,3;13,8;13,3;12,8;12,9;13,2;13,5;13,3;13,7;14,8;15,7;15,7;15,3;15,1;14,7;14,2;14,6;14,7;14,6;14,4;14,6;15,3;15,7;15,7;15,1;14,3;13,7;13,3;13,4;13,3;13,2;12,8;12,9;13,1;13,8;13,7;13,2;12,7;12,3;11,5;11,7;11,7;11,6;11,6;11,7;12,2;12,6;12,3;12,0;11,5;10,8;10,6;10,6;10,8;10,5;10,6;10,9;11,2;11,5;11,1;10,4;10,0;9,4;8,9;8,5;8,4;8,2;8,1;8,3;8,4;8,5;8,5;8,0;7,8;8,0;8,1;8,5;8,5;8,4;8,2;8,3;8,5;8,7;8,5;8,4;8,0;7,7;7,8;7,7;8,0;8,1;8,1;8,2;8,5;8,8;8,6;8,7;9,1;9,1;9,1;9,0;9,1;8,9;9,0;9,1;9,2;9,4;9,3;9,0;8,8;8,6;8,6;8,5;8,5;8,5;8,5;8,5;13,8;14,0;13,8;13,7;13,4;13,1;13,0;13,0;13,1;13,1;12,8;12,8;12,3;12,5;12,3;12,0;11,6;11,0;10,9;11,3;11,4;11,4;11,2;11,5;11,8;12,3;12,4;12,0;11,7;11,4;11,3;11,5;11,9;12,0;11,7;11,2;11,6;12,0;11,5;11,2;11,1;11,0;11,1;11,7;11,8;11,7;11,8;11,7;12,0;12,3;12,2;11,9;11,8
Powiat kraśnicki;060611207000;16,3;16,2;15,6;14,7;14,1;13,9;13,7;13,7;13,7;14,1;14,4;14,5;15,2;15,4;15,2;14,8;14,1;13,9;13,9;14,1;14,1;14,1;14,9;15,5;16,4;16,4;16,2;15,6;15,1;15,2;15,2;14,9;15,1;13,8;14,6;16,0;16,3;16,2;16,1;15,4;14,6;14,3;14,0;13,9;13,8;13,5;14,0;14,0;14,3;14,4;14,0;13,3;12,4;11,9;11,8;11,8;11,7;11,9;12,5;13,0;13,3;13,3;13,2;12,7;12,7;12,2;12,3;12,4;12,2;12,4;12,7;13,3;13,4;12,8;12,4;11,9;11,3;10,8;10,7;10,9;10,9;10,8;10,7;11,1;11,2;10,9;10,2;9,8;9,8;9,7;9,7;9,5;9,6;9,8;10,0;10,2;10,5;10,2;9,9;9,6;9,4;9,2;9,2;9,3;9,5;9,5;9,7;10,2;10,6;10,4;10,4;10,5;10,7;10,5;10,4;10,3;10,2;10,2;10,4;10,9;10,9;10,9;10,6;10,5;10,2;9,9;9,6;9,1;8,7;8,3;8,2;11,5;11,8;11,7;11,5;11,3;11,1;10,9;10,8;10,7;10,9;10,7;11,0;11,2;11,6;11,7;11,3;11,1;11,0;11,0;10,9;10,7;10,6;10,5;10,7;11,2;11,6;11,6;11,3;11,1;10,9;10,8;10,2;10,1;10,1;10,0;10,1;10,4;11,2;11,0;10,7;10,4;10,3;10,6;11,1;11,2;11,2;11,3;11,6;11,6;12,1;12,1;12,0;11,8
Powiat łukowski;060611211000;11,9;12,1;12,4;11,9;11,4;10,8;10,8;10,5;10,3;10,4;11,0;11,8;12,9;13,1;12,8;12,5;12,2;11,8;11,6;11,7;11,6;11,7;12,4;13,3;14,3;14,5;14,3;14,0;13,3;12,9;12,9;12,8;12,3;12,1;12,7;12,9;13,5;13,3;13,1;12,7;11,7;11,0;10,6;10,4;10,1;9,9;10,5;10,7;11,4;11,4;11,3;10,5;9,7;8,9;8,9;8,7;8,2;8,1;8,4;8,9;9,5;9,3;8,9;8,4;8,0;7,2;7,1;6,9;6,3;6,0;6,3;6,5;6,9;6,8;6,4;5,9;5,5;5,2;4,9;4,9;4,7;4,6;4,9;5,0;5,2;5,2;4,9;4,5;4,2;4,1;4,1;4,0;4,1;4,1;4,4;4,4;4,8;4,6;4,6;4,0;3,8;3,7;3,7;3,7;3,7;3,9;4,2;4,2;4,6;4,5;4,4;4,8;4,9;4,9;4,9;4,8;4,7;4,6;4,5;4,6;4,9;4,8;4,6;4,6;4,2;4,1;3,7;3,7;3,5;3,4;3,4;4,3;4,4;4,5;4,5;4,1;3,8;3,7;3,8;3,8;3,7;3,8;4,0;4,2;4,6;4,6;4,5;4,4;4,2;3,9;3,9;3,8;3,8;3,9;4,0;3,9;4,1;4,3;4,2;4,0;3,9;3,7;3,8;3,8;3,7;3,8;4,0;3,9;4,3;4,3;4,1;3,9;3,9;3,8;4,0;4,1;4,2;4,3;4,2;4,2;4,6;4,6;4,5;4,3
Powiat opolski;060611212000;17,1;17,5;17,8;17,4;16,8;16,0;15,5;15,5;15,2;15,2;15,5;16,1;16,7;17,2;17,0;16,8;16,4;15,5;14,9;14,8;14,8;14,9;15,3;16,2;17,2;17,6;17,6;17,4;16,7;15,6;15,3;15,4;15,5;15,4;15,8;16,0;16,7;16,8;16,4;15,7;15,3;14,2;13,9;13,6;13,5;13,5;13,9;14,0;14,6;14,5;14,3;14,1;13,7;12,7;12,2;12,0;11,9;11,9;12,6;13,0;13,5;13,7;13,3;12,9;12,4;11,5;11,2;11,1;10,9;10,9;11,4;11,7;12,3;12,0;11,7;11,2;10,4;9,3;9,1;9,0;8,8;8,7;8,9;9,1;9,6;9,5;9,5;9,1;9,1;8,7;8,7;8,4;8,4;8,6;8,8;9,2;9,5;9,4;9,1;8,7;8,5;8,4;8,2;8,1;7,8;7,8;7,9;8,2;8,7;8,9;8,8;9,1;9,2;9,0;9,1;9,2;9,0;9,1;9,4;9,3;9,5;9,5;9,4;8,9;8,9;8,5;8,1;7,9;7,6;7,4;7,5;9,1;9,7;9,4;9,4;9,1;8,8;8,3;8,2;8,2;8,0;8,2;8,5;9,4;10,2;10,2;9,9;9,7;9,5;9,1;9,0;9,0;8,8;9,0;9,2;9,3;9,9;10,1;9,9;9,7;9,7;9,3;9,4;9,4;9,3;9,3;9,5;9,6;10,0;10,1;10,0;9,8;9,5;9,6;9,7;9,9;10,1;10,3;10,4;10,5;10,9;11,1;11,1;11,1
Powiat puławski;060611214000;11,9;12,1;12,2;11,9;11,3;10,6;10,0;9,8;10,2;10,2;10,7;11,0;11,9;12,2;12,1;11,7;11,2;10,6;10,4;10,4;10,5;10,7;11,2;11,7;12,4;13,0;12,8;12,5;11,8;11,2;10,9;10,8;11,0;11,1;11,4;11,7;12,4;12,5;12,1;11,5;10,9;10,0;9,8;9,8;9,9;9,6;9,9;10,1;10,6;10,6;10,2;9,9;9,4;8,5;8,1;8,2;8,3;8,3;8,5;8,9;9,3;9,5;9,2;8,6;8,2;7,5;7,4;7,3;7,3;7,1;7,2;7,6;8,1;8,2;7,8;7,1;6,4;5,9;5,5;5,7;5,7;5,7;5,9;5,9;6,2;6,3;6,3;5,8;5,7;5,6;5,6;5,7;5,7;5,6;5,9;6,3;6,7;6,6;6,3;6,1;5,7;5,5;5,0;4,9;4,8;4,8;4,9;5,1;5,5;5,6;5,4;5,6;5,9;6,1;6,3;6,4;6,3;6,3;6,4;6,6;7,1;7,1;7,0;6,8;6,6;6,2;6,1;5,9;5,7;5,5;5,5;6,6;7,0;7,0;6,8;6,5;6,1;5,8;5,4;5,2;5,2;5,2;5,4;5,7;6,3;6,3;6,0;5,7;5,6;5,5;5,4;5,3;5,4;5,3;5,4;5,9;6,3;6,3;6,0;5,9;5,6;5,3;5,1;5,3;5,4;5,3;5,4;5,7;6,1;6,2;6,0;5,8;5,6;5,5;5,7;5,9;6,1;6,3;6,4;6,5;7,0;7,1;7,1;7,1
Powiat rycki;060611216000;13,2;13,8;14,2;13,3;13,2;12,7;12,7;12,4;11,9;11,6;11,9;12,2;13,3;14,0;14,3;13,6;13,3;13,0;12,9;12,8;12,5;12,5;13,1;14,2;15,6;16,0;16,0;15,4;14,9;14,6;14,5;14,3;14,3;14,5;14,5;15,5;16,7;16,8;16,4;15,6;15,0;14,4;14,3;13,8;13,7;13,5;13,6;14,1;15,0;15,3;15,2;14,5;14,7;13,7;13,4;13,1;12,7;12,3;12,2;12,5;13,6;13,6;13,3;12,7;12,2;11,7;11,3;11,3;10,8;10,8;10,8;11,3;12,0;12,0;11,4;10,9;10,4;9,9;9,8;9,8;9,4;8,9;9,1;9,4;9,6;9,5;9,0;8,8;8,3;8,2;8,3;8,1;8,0;7,7;7,8;7,9;8,3;8,2;7,9;7,5;7,3;7,2;7,2;7,2;6,8;6,7;6,7;7,0;7,5;7,4;7,3;7,6;7,8;7,9;7,7;7,5;7,5;7,3;7,4;7,6;8,1;7,9;7,7;7,4;7,3;7,0;7,1;6,8;6,5;6,2;6,3;7,9;8,2;8,2;7,6;7,2;7,1;6,6;6,5;6,5;6,6;6,4;6,5;7,2;7,8;7,7;7,3;7,1;6,7;6,6;6,8;6,8;6,5;6,4;6,6;6,8;7,1;7,0;6,5;6,5;6,3;6,2;6,4;6,7;6,6;6,5;6,6;6,8;7,2;7,2;7,0;6,9;6,6;6,7;7,1;7,3;7,2;7,2;7,4;7,5;8,0;8,0;7,8;7,6
Powiat bieszczadzki;061813301000;23,0;23,0;22,9;22,0;21,0;20,3;20,2;20,2;20,5;20,7;21,8;22,5;23,3;23,5;23,2;22,2;21,3;21,0;21,2;21,1;20,3;21,1;22,3;24,3;25,2;24,9;24,2;23,4;21,9;21,7;21,4;20,9;20,8;21,1;22,3;22,2;22,9;22,9;22,1;21,1;20,6;19,7;19,2;19,0;18,7;18,8;19,9;20,3;21,5;21,1;20,8;20,3;19,3;18,4;18,0;17,7;17,4;17,6;18,7;20,5;20,8;20,9;20,5;19,4;18,4;17,3;17,1;16,6;16,4;16,8;17,7;17,9;18,1;18,3;17,6;16,7;16,0;15,2;14,9;14,9;14,9;14,6;15,0;15,5;15,8;16,0;15,6;15,0;14,2;13,4;13,0;13,0;13,0;13,2;13,8;13,7;14,4;14,6;14,1;13,2;12,7;12,6;12,6;12,8;12,9;12,7;13,1;13,5;13,9;13,6;13,7;14,4;14,6;14,5;14,4;14,5;14,3;14,2;14,6;15,2;15,6;15,5;15,1;15,0;14,3;13,8;13,7;13,7;13,6;13,5;13,6;17,3;17,8;17,3;17,2;16,7;15,7;15,4;15,2;15,4;15,3;15,2;15,8;15,7;16,6;16,5;16,1;15,5;15,1;14,3;14,4;14,0;14,0;14,3;14,8;15,5;16,2;15,6;15,6;15,1;14,7;15,0;14,5;14,9;14,7;15,1;15,4;16,2;17,2;17,0;15,9;15,1;14,6;14,4;15,0;15,3;15,2;15,2;15,9;16,0;16,7;16,9;17,0;16,2
Powiat brzozowski;061813302000;23,2;23,4;23,1;22,2;21,5;21,2;21,2;21,3;21,3;21,4;22,3;23,0;23,9;24,3;23,9;23,2;22,4;22,2;22,2;22,1;21,7;22,1;23,0;24,4;25,1;25,1;24,6;23,9;22,9;22,6;22,7;22,8;22,9;23,0;23,6;24,3;24,7;24,6;23,9;23,1;22,3;21,6;21,6;21,5;21,1;21,3;21,8;22,6;23,2;22,9;22,3;21,6;20,7;20,1;20,1;19,9;19,8;19,6;20,2;20,7;21,2;21,1;20,7;19,7;19,0;18,6;18,4;18,4;18,0;18,1;18,4;18,8;19,2;18,8;18,1;17,4;16,8;16,5;16,7;16,6;16,3;16,2;16,3;16,8;16,9;16,6;16,1;15,5;15,0;14,8;14,8;14,7;14,4;14,6;15,1;15,6;15,9;15,5;15,1;14,6;14,3;14,0;14,0;14,0;13,8;13,9;14,3;15,1;15,6;15,3;15,3;15,6;15,6;15,6;15,5;15,4;15,3;15,3;15,5;15,8;16,2;16,1;15,8;15,4;14,9;14,6;14,5;14,7;14,6;14,5;14,8;22,3;22,8;22,4;21,7;21,3;21,0;20,6;20,7;20,7;20,7;20,6;20,9;21,5;22,1;22,0;21,2;20,6;19,9;19,6;19,7;19,9;19,8;19,9;20,3;20,9;21,6;21,5;20,7;19,9;19,2;19,1;19,2;19,7;19,6;19,6;20,2;20,8;21,7;21,5;20,9;20,2;19,7;19,4;19,8;19,7;19,6;19,7;20,1;20,5;21,0;21,0;20,3;19,7
Powiat jasielski;061813305000;17,8;18,0;17,8;17,2;16,5;16,2;16,3;16,4;16,4;16,6;16,9;17,6;18,2;18,5;18,4;17,8;17,3;16,9;16,9;17,0;17,0;17,3;17,9;18,9;19,6;19,8;19,7;19,1;18,6;18,2;18,0;17,9;17,7;17,7;17,8;18,2;18,8;18,8;18,5;18,0;17,2;16,6;16,4;15,8;15,4;15,3;15,4;15,9;16,4;16,4;16,2;15,6;15,0;14,6;14,5;14,5;14,4;14,3;14,7;15,2;15,7;15,5;15,1;14,5;13,7;13,3;13,2;13,2;12,8;12,8;13,0;13,2;13,6;13,4;12,9;12,3;11,6;11,1;10,9;10,8;10,6;10,5;10,7;10,9;11,4;11,3;11,0;10,4;9,9;9,7;9,6;9,4;9,4;9,4;9,6;9,9;10,3;10,4;10,2;9,7;9,4;9,1;9,1;9,0;8,9;8,9;9,0;9,4;9,8;9,9;9,8;10,1;10,5;10,5;10,7;10,7;10,5;10,5;10,6;10,6;11,0;11,1;11,0;10,9;10,7;10,6;10,5;10,5;10,4;10,3;10,3;14,1;14,3;14,2;13,8;13,4;12,8;12,5;12,5;12,3;12,4;12,5;12,7;12,7;13,4;13,3;13,0;12,8;12,4;12,3;12,3;12,4;12,4;12,6;12,9;13,3;14,0;13,7;13,5;12,9;12,6;12,4;12,3;12,5;12,3;12,4;12,7;13,0;13,5;13,4;13,2;12,8;12,4;12,4;12,7;12,9;13,0;13,1;13,3;13,6;14,1;14,2;14,1;13,9
Powiat krośnieński;061813307000;18,6;18,7;18,5;17,6;16,8;16,5;16,4;16,5;16,5;16,6;17,0;17,3;18,0;18,3;18,2;17,9;17,3;17,0;16,9;16,9;17,1;17,4;17,8;19,5;20,0;20,1;19,8;19,6;18,9;18,2;18,0;17,8;17,7;17,6;18,1;18,9;19,3;19,3;18,8;18,4;17,7;17,0;16,8;16,5;16,0;15,8;16,0;16,4;17,0;16,8;16,3;15,6;14,6;14,1;14,0;13,9;13,9;13,6;13,7;13,8;14,4;14,2;13,7;13,0;12,2;11,3;10,7;10,4;10,1;9,9;10,0;10,1;10,6;10,3;10,1;9,5;8,9;8,5;8,2;8,2;7,8;7,4;7,3;7,3;7,6;7,5;7,2;6,8;6,3;5,9;5,9;5,8;5,7;5,7;6,0;6,1;6,5;6,3;5,9;5,5;5,2;5,0;4,9;4,8;4,8;4,8;5,0;5,1;5,7;5,6;5,8;6,3;6,7;6,7;6,5;6,5;6,1;6,1;6,4;6,7;6,9;7,0;6,9;6,8;6,7;6,2;6,1;6,1;5,8;5,6;5,6;7,8;8,2;8,2;8,0;7,7;7,4;7,1;7,2;7,2;7,1;7,1;7,5;7,5;8,1;8,3;8,3;8,2;7,9;7,8;7,8;7,9;7,8;7,8;8,0;8,3;9,1;9,3;9,0;8,7;8,3;8,1;8,1;8,1;8,2;8,3;8,5;9,0;9,6;9,7;9,4;9,2;9,0;9,0;9,1;9,3;9,3;9,5;9,6;9,9;10,4;10,3;9,9;9,7
Powiat sanocki;061813317000;13,5;13,5;13,3;13,0;12,1;11,9;11,8;11,7;11,8;11,9;12,0;12,3;12,9;13,0;12,8;12,3;11,9;11,5;11,5;11,8;12,0;12,0;12,4;13,2;14,0;14,3;14,1;13,8;13,3;13,1;13,0;13,1;13,1;13,2;13,6;13,9;14,3;14,4;14,2;13,6;12,8;12,4;12,2;12,3;12,1;12,0;12,5;12,5;12,9;12,9;12,5;12,0;10,9;9,8;9,8;9,7;9,7;9,6;9,7;9,9;10,4;10,4;10,3;9,8;9,2;8,7;8,6;9,0;8,9;8,9;8,9;8,9;9,1;9,0;8,8;8,1;7,6;7,4;7,4;7,4;7,4;7,1;7,2;7,1;7,4;7,5;7,3;7,1;6,8;6,5;6,6;6,6;6,5;6,5;6,4;6,8;7,1;7,1;7,0;6,9;6,5;6,3;6,4;6,3;6,3;6,2;6,3;6,6;6,9;7,0;7,0;7,3;7,3;7,5;7,5;7,4;7,4;7,2;7,2;7,2;7,4;7,3;7,2;7,0;6,8;6,6;6,5;6,3;6,2;6,1;6,2;7,4;7,7;7,7;7,6;7,5;7,2;7,0;7,1;7,3;7,5;7,6;7,7;7,8;8,3;8,4;8,2;8,2;7,9;7,9;7,9;7,9;7,8;8,0;8,0;8,3;8,7;8,8;8,7;8,3;8,2;8,1;8,1;8,3;8,3;8,3;8,4;8,9;9,5;9,5;9,6;9,3;9,0;8,8;9,2;9,3;9,3;9,3;9,4;9,5;9,9;9,9;9,9;9,7
Powiat leski;061813321000;22,3;22,3;22,0;21,2;19,6;18,6;18,7;18,8;19,3;20,0;21,3;22,4;22,8;22,6;22,5;21,3;20,0;19,5;19,5;19,3;19,6;20,6;21,9;23,0;24,0;23,9;23,8;22,5;21,1;20,4;20,8;20,7;21,0;21,8;23,1;23,6;24,1;23,8;23,1;22,1;20,1;19,5;19,1;19,3;19,3;20,0;21,9;22,1;22,9;23,0;22,1;21,1;19,8;19,1;18,8;18,6;18,2;18,5;19,9;20,9;21,5;21,2;21,3;19,9;18,4;17,8;17,9;18,1;18,1;18,4;19,6;20,5;20,6;20,2;19,6;18,4;17,0;16,2;15,9;16,2;16,4;16,4;17,1;17,4;17,9;17,9;17,5;16,4;15,3;14,7;15,0;14,7;14,9;15,3;16,0;16,4;16,7;16,6;16,1;15,3;14,5;14,1;14,0;13,9;14,1;14,7;15,5;16,0;16,3;16,4;16,3;16,8;16,4;15,7;15,3;15,0;15,5;15,9;16,6;16,7;16,9;16,7;16,2;15,7;14,9;14,2;14,0;13,8;13,8;14,1;14,8;19,6;20,1;19,7;19,6;19,3;18,2;17,8;17,7;17,8;17,8;18,3;18,9;19,0;19,7;19,7;19,5;19,1;18,1;17,5;16,9;17,1;17,1;17,4;18,3;19,0;19,8;19,8;19,2;18,7;18,0;17,4;16,8;17,3;17,3;17,5;18,6;19,3;19,9;19,8;19,2;18,6;17,7;17,5;17,9;18,0;18,1;18,6;19,3;19,7;20,3;20,1;19,8;19,3
Powiat m. Krosno;061813361000;8,1;8,1;7,9;7,6;7,2;7,0;6,9;6,9;7,0;6,8;6,9;7,1;7,7;7,8;7,6;7,5;7,4;7,2;7,5;7,5;7,5;7,6;7,7;8,4;8,7;8,8;8,8;8,7;8,3;8,1;8,0;8,0;7,8;7,7;8,0;8,2;8,4;8,4;8,2;7,9;7,7;7,5;7,5;7,3;6,8;6,5;6,7;6,9;7,2;7,2;7,0;6,9;6,5;6,2;6,1;6,0;5,9;5,7;5,8;5,9;6,3;6,2;5,8;5,6;5,5;5,0;4,9;4,9;4,7;4,6;4,7;4,8;5,0;5,0;4,8;4,5;4,3;4,0;3,9;3,9;3,7;3,5;3,5;3,3;3,5;3,4;3,3;3,1;2,9;2,7;2,7;2,7;2,5;2,5;2,6;2,6;2,9;2,8;2,7;2,5;2,5;2,4;2,3;2,2;2,2;2,2;2,2;2,3;2,7;2,7;2,8;3,0;3,2;3,2;3,2;3,1;3,0;3,0;3,1;3,3;3,4;3,5;3,3;3,2;3,0;2,9;2,9;2,8;2,7;2,5;2,5;2,4;2,6;2,7;2,7;2,7;2,6;2,5;2,6;2,6;2,5;2,4;2,4;2,7;2,9;3,0;2,9;2,8;2,7;2,7;2,7;2,9;2,9;2,8;2,9;2,9;3,3;3,3;3,2;3,2;3,0;2,8;2,9;3,0;2,9;2,8;2,9;3,1;3,4;3,4;3,3;3,3;3,3;3,3;3,6;3,6;3,7;3,7;3,8;3,8;4,0;4,0;4,0;3,9
Powiat jarosławski;061813404000;19,2;19,5;19,5;19,0;18,5;18,2;18,0;18,2;18,2;18,2;18,4;18,6;19,3;19,4;19,2;18,6;18,3;18,2;18,2;18,3;18,5;18,5;18,7;19,4;20,6;20,7;20,4;20,0;19,5;19,0;18,7;18,8;18,7;18,6;18,8;18,6;19,4;19,6;19,0;18,4;17,8;17,3;17,3;17,1;17,0;16,8;17,0;17,1;17,9;18,0;17,5;17,2;16,7;16,2;16,2;16,2;16,1;15,7;15,7;15,7;16,5;16,4;16,1;15,5;15,2;14,8;14,8;14,8;14,6;14,5;14,6;14,6;15,1;15,0;14,6;14,2;13,6;13,3;13,2;13,3;13,4;13,0;13,0;13,1;13,4;13,5;13,1;12,7;12,4;12,0;12,1;12,0;11,9;11,8;12,0;12,1;12,5;12,6;12,1;11,5;11,2;10,8;10,7;10,3;9,9;9,5;9,5;10,0;10,6;10,7;10,6;10,9;11,2;11,3;11,4;11,4;11,4;11,2;11,3;11,4;11,8;12,0;11,8;11,5;11,3;11,0;10,8;10,8;10,5;10,2;10,1;13,3;13,6;13,5;12,9;12,4;12,0;11,6;11,6;11,5;11,6;11,5;11,5;11,3;11,8;11,8;11,2;11,1;10,9;10,5;10,4;10,3;10,4;10,3;10,3;10,6;11,3;11,2;11,0;10,6;10,4;10,5;10,6;10,6;10,6;10,5;10,5;11,2;11,9;12,2;11,6;11,1;11,0;10,9;11,3;11,4;11,5;11,5;11,5;11,7;12,2;12,4;12,3;12,1
Powiat lubaczowski;061813409000;18,7;18,9;18,4;17,3;16,4;15,9;15,9;16,1;16,5;16,7;16,9;17,7;18,8;19,0;18,3;17,2;16,4;16,1;16,2;16,5;16,1;16,3;17,0;18,0;19,0;19,2;18,7;17,5;16,8;16,1;16,3;16,2;16,0;16,4;17,1;17,8;18,4;18,1;17,2;15,8;14,8;14,2;14,4;14,6;14,4;14,8;15,5;15,9;16,6;16,6;16,1;14,9;14,0;13,4;12,8;12,9;12,4;12,8;13,3;13,8;14,5;14,5;13,7;12,3;11,8;11,4;11,2;11,3;11,1;11,3;11,5;11,8;12,4;12,2;11,3;10,5;10,0;9,5;9,6;9,6;9,4;9,5;9,6;10,0;10,5;10,3;9,9;9,3;8,7;8,4;8,3;8,2;7,9;8,1;8,5;8,9;9,6;9,4;8,9;8,1;7,7;7,4;7,2;7,2;7,3;7,4;7,7;8,4;8,6;8,5;8,3;8,6;8,6;8,9;8,8;8,8;8,8;8,9;9,1;9,7;10,2;10,1;9,5;9,3;8,8;8,4;8,4;8,4;8,2;8,3;8,6;12,4;12,9;12,6;12,0;11,5;10,8;10,3;10,0;10,0;10,3;10,6;11,0;10,4;11,3;11,1;10,6;10,1;9,5;9,1;9,3;9,7;9,4;9,6;10,1;10,9;11,3;11,1;10,4;9,8;9,6;9,5;9,2;9,7;9,6;9,7;9,9;10,1;10,9;10,6;10,2;9,6;9,1;9,1;9,6;9,8;9,9;10,0;10,2;10,6;11,2;11,2;10,5;10,3
Powiat przemyski;061813413000;21,0;21,2;20,9;19,9;19,3;18,7;18,5;18,5;18,7;18,8;19,3;19,1;20,2;20,3;19,9;19,1;18,8;18,9;18,4;18,6;18,9;19,4;19,5;20,7;21,8;22,1;21,7;20,8;20,1;19,8;19,5;19,7;20,0;20,4;21,0;21,5;22,0;22,1;21,6;20,4;19,3;19,5;18,8;18,8;18,7;18,4;18,6;19,0;19,8;19,8;19,4;18,5;17,6;17,2;16,6;16,3;16,4;16,6;16,9;17,9;18,4;18,4;17,9;17,0;16,4;16,6;15,6;16,1;16,1;16,0;16,2;16,7;17,2;17,1;16,4;15,8;15,1;15,0;14,4;14,4;14,4;14,3;14,4;14,7;15,1;14,9;14,5;13,9;13,4;13,6;13,0;13,1;13,0;12,9;13,1;13,2;13,8;13,6;13,1;12,7;12,5;12,3;12,0;12,0;11,9;12,0;12,0;12,5;13,1;12,9;12,7;13,1;13,3;13,1;13,1;13,0;13,1;13,2;13,2;13,6;14,0;14,1;13,8;13,3;13,1;12,7;12,6;12,7;12,7;12,8;12,9;20,5;20,9;20,4;19,8;19,0;18,1;17,5;17,0;16,8;16,7;16,5;16,9;16,0;16,7;16,4;15,9;15,5;15,1;14,9;14,6;14,6;14,7;14,9;15,0;15,6;16,5;16,4;15,6;15,0;14,8;14,6;14,7;15,0;14,9;14,9;14,9;15,9;16,7;16,5;15,8;15,5;15,3;15,3;15,6;15,7;15,8;15,6;15,7;16,3;17,2;17,2;16,9;16,4
Powiat przeworski;061813414000;18,9;19,3;19,5;18,6;18,0;18,0;17,9;17,9;17,8;18,2;18,4;18,4;19,4;19,5;19,1;18,3;18,1;17,6;17,7;18,3;17,8;18,1;18,5;19,7;20,7;20,5;20,4;19,9;19,0;18,5;18,8;18,7;18,6;18,3;19,2;19,5;20,1;19,9;19,2;18,5;17,8;17,5;17,2;17,4;16,7;16,3;16,6;17,5;18,0;18,1;18,0;17,2;16,5;16,1;16,1;16,5;16,2;16,0;16,3;16,9;17,7;17,5;17,1;16,0;15,4;15,1;15,0;15,3;15,1;15,2;15,4;15,6;16,1;15,6;15,1;14,3;13,8;13,2;13,1;13,3;13,1;13,1;13,2;13,9;14,2;13,6;13,3;12,7;12,0;11,8;11,8;11,9;11,7;11,7;12,0;12,2;12,6;12,4;12,1;11,3;11,0;11,0;11,1;11,2;11,2;11,1;11,3;11,7;12,2;11,8;11,6;12,1;12,1;12,0;11,9;12,1;11,8;11,6;11,7;12,1;12,6;12,4;12,2;11,8;11,5;11,2;11,4;11,5;11,2;11,1;11,2;15,9;16,0;15,9;15,6;15,1;14,9;14,5;14,5;14,7;14,4;14,4;14,4;14,4;14,7;14,3;14,2;13,9;13,1;12,8;13,2;13,2;13,0;13,1;13,1;13,5;13,8;13,6;12,9;12,8;12,7;12,8;12,8;13,2;13,2;13,0;13,1;13,3;14,0;13,7;13,6;13,3;13,2;13,1;13,5;13,9;14,0;13,9;13,9;14,3;14,8;14,7;14,3;14,1
Powiat m. Przemyśl;061813462000;18,7;18,9;18,8;18,5;18,0;17,7;17,7;17,6;17,6;17,6;17,7;17,9;18,3;18,7;18,6;18,2;17,8;17,6;17,6;17,4;17,6;17,5;17,6;18,2;18,9;18,8;18,7;18,4;17,9;17,5;17,6;17,7;17,7;17,6;17,7;17,9;18,3;18,4;18,2;17,7;17,4;16,8;16,8;16,9;16,7;16,5;16,4;17,0;17,3;17,5;17,2;16,8;16,0;15,2;14,9;14,8;14,8;14,7;14,8;14,9;15,3;15,3;15,1;14,8;14,4;14,1;14,0;14,3;14,2;13,9;14,1;14,0;14,2;14,2;14,2;13,8;13,5;13,3;13,2;13,1;12,8;12,5;12,4;12,5;13,0;12,7;12,5;12,4;12,1;11,7;11,6;11,6;11,4;11,2;11,2;11,2;11,6;11,5;11,3;11,0;10,7;10,4;10,4;10,3;10,1;10,1;10,2;10,4;10,8;10,7;10,8;11,2;11,5;11,5;11,3;11,3;11,3;11,1;11,1;11,4;11,7;11,8;11,7;11,4;11,3;11,1;11,0;11,0;10,8;10,7;10,7;11,0;11,3;11,1;10,8;10,5;10,2;9,8;9,6;9,4;9,3;9,2;9,3;10,5;11,0;10,8;10,6;10,5;10,4;10,3;10,1;9,9;9,9;9,8;9,8;10,1;10,9;10,8;10,2;10,0;9,9;9,7;9,6;9,9;9,9;9,9;9,9;10,1;10,7;10,5;10,2;10,0;10,2;10,1;10,4;10,6;10,7;10,4;10,4;10,5;10,9;11,2;11,1;11,1
Powiat kolbuszowski;061813506000;17,5;17,7;17,6;17,2;16,2;15,7;15,4;15,6;15,8;16,2;16,7;16,7;17,4;17,6;17,4;16,8;16,3;15,8;16,1;16,1;16,0;16,1;16,4;17,0;17,7;17,9;17,9;17,3;16,7;16,2;16,6;16,3;16,3;16,4;16,7;16,9;17,5;17,2;17,0;16,5;15,8;15,1;14,9;14,8;14,6;14,5;14,7;14,9;15,4;15,6;15,1;15,1;14,4;12,9;12,7;12,7;12,3;12,2;12,7;13,3;13,8;13,5;13,2;12,6;11,9;11,2;11,1;11,0;11,0;11,1;11,3;11,5;11,8;11,6;11,0;10,4;10,0;9,6;9,5;9,7;9,6;9,5;9,6;9,6;9,9;9,8;9,5;9,0;8,6;8,1;8,0;8,0;8,0;8,0;7,9;8,2;8,7;8,7;8,4;7,9;7,7;7,5;7,5;7,4;7,3;7,3;7,4;7,5;7,9;7,8;7,8;8,3;8,6;8,7;8,7;8,5;8,1;8,1;8,2;8,5;9,1;9,0;8,6;8,3;8,1;7,7;7,5;7,5;7,4;7,2;7,1;9,4;9,6;9,8;9,7;9,3;8,9;8,7;8,8;8,7;8,5;8,2;8,4;7,9;8,5;8,6;8,4;8,2;8,0;7,8;7,8;7,7;7,6;7,5;7,5;7,9;8,3;8,6;8,3;8,1;8,0;8,1;7,7;8,2;8,1;8,0;8,0;8,1;8,6;8,6;8,6;8,2;7,9;7,9;8,3;8,5;8,4;8,4;8,5;8,9;9,2;9,2;9,1;8,9
Powiat łańcucki;061813510000;17,7;17,9;17,8;17,1;16,6;16,2;16,0;16,2;16,1;16,3;16,6;17,0;17,8;18,0;17,7;17,0;16,6;16,5;16,7;17,0;17,2;17,3;17,8;19,0;20,1;19,9;19,9;19,5;19,2;18,7;18,8;18,9;19,2;19,1;19,6;19,9;20,6;20,3;19,5;18,9;18,2;18,0;18,0;18,3;17,6;17,7;18,0;18,2;18,8;18,7;17,9;17,0;15,8;14,4;14,4;14,3;14,1;14,2;14,6;15,0;15,6;15,5;15,0;14,2;13,4;12,9;12,8;13,7;13,4;13,3;13,9;14,4;14,9;14,8;13,8;12,9;12,3;11,6;11,6;11,6;11,2;10,9;11,2;11,3;11,9;11,8;11,4;11,0;10,4;10,2;10,4;10,4;10,2;10,2;10,6;10,8;11,2;11,0;10,6;10,1;9,7;9,5;9,6;9,6;9,3;9,1;9,3;9,6;10,0;9,9;10,0;10,5;10,8;10,6;10,7;10,7;10,6;10,5;10,8;11,1;11,4;11,6;11,3;10,9;10,6;10,5;10,5;10,5;10,2;10,1;10,1;12,3;12,6;12,6;12,3;11,8;11,2;10,8;10,5;10,3;9,9;9,8;9,8;9,8;10,5;10,5;10,0;9,8;9,6;9,4;9,5;9,5;9,1;9,0;9,1;9,5;10,1;10,0;9,8;9,4;9,1;9,1;9,1;9,4;9,1;8,9;9,1;9,4;10,0;9,9;9,5;9,3;9,0;8,7;9,0;9,2;9,2;9,2;9,5;9,8;10,4;10,5;10,2;10,0
Powiat ropczycko-sędziszowski;061813515000;19,9;20,6;20,4;19,7;19,2;18,8;19,1;19,1;19,3;19,2;19,6;19,7;20,7;20,9;20,5;20,2;20,2;20,1;20,4;20,9;20,7;20,8;21,1;21,8;22,8;23,3;23,1;22,2;21,8;21,5;21,6;21,7;21,7;21,7;21,8;21,9;22,5;22,3;21,9;21,2;20,4;20,0;19,9;19,7;19,6;19,3;19,3;18,7;19,3;19,2;18,5;17,9;17,5;17,2;17,4;17,2;17,3;17,1;16,8;17,0;17,6;17,6;17,5;17,0;16,8;16,5;16,3;16,0;15,5;15,0;13,5;13,1;13,4;13,6;13,1;12,5;12,4;12,2;12,3;12,4;12,1;12,2;12,3;12,4;12,6;12,6;12,3;12,1;12,0;11,8;12,0;12,0;11,8;11,7;11,7;11,9;12,2;12,1;11,7;11,4;11,1;11,1;11,2;11,0;10,3;10,0;10,0;10,2;10,7;10,7;11,0;11,6;12,0;12,4;12,8;12,6;12,2;12,2;12,2;12,4;12,9;12,8;12,5;12,1;12,0;11,9;11,6;11,7;11,6;11,4;11,2;13,1;13,5;13,3;13,0;12,7;12,5;12,2;12,2;12,1;11,9;11,7;11,4;11,1;11,5;11,4;11,1;10,7;10,6;10,4;10,4;10,5;10,4;10,3;10,2;10,3;10,9;10,8;10,5;10,8;10,5;10,4;10,5;10,5;10,6;10,5;10,4;10,8;11,3;11,1;11,1;10,8;10,6;10,6;11,2;11,3;11,5;11,4;11,3;11,7;12,0;11,8;11,6;11,4
Powiat rzeszowski;061813516000;13,8;14,1;13,9;13,2;12,8;12,6;12,6;12,7;12,7;12,8;13,1;13,4;14,3;14,5;14,3;13,9;13,4;13,2;13,4;13,5;13,2;13,4;13,8;14,5;15,3;15,6;15,6;15,3;14,7;14,3;14,3;14,3;14,2;14,3;14,6;14,8;15,4;15,5;15,1;14,5;13,9;13,6;13,6;13,5;13,3;13,4;13,7;13,9;14,5;14,6;14,3;13,7;13,2;13,0;12,9;12,7;12,7;12,7;12,9;12,8;13,2;13,2;12,9;12,1;11,5;11,1;11,0;10,9;10,9;10,8;10,9;10,9;11,2;11,2;10,8;10,2;9,9;9,6;9,6;9,6;9,5;9,2;9,3;9,3;9,4;9,4;9,2;9,0;8,7;8,6;8,6;8,6;8,5;8,6;8,8;8,7;8,9;8,9;8,6;8,2;8,1;7,9;7,9;7,8;7,7;7,7;7,7;7,7;7,9;7,9;7,8;8,1;8,6;8,6;8,8;8,8;8,7;8,7;8,8;8,7;8,9;9,0;8,9;8,7;8,5;8,3;8,1;8,1;7,8;7,6;7,6;9,8;9,8;9,7;9,4;9,1;8,8;8,6;8,5;8,5;8,5;8,5;8,6;8,0;8,2;8,3;7,9;7,9;7,6;7,5;7,5;7,5;7,3;7,4;7,6;7,6;7,8;7,8;7,7;7,5;7,3;7,3;7,3;7,3;7,3;7,2;7,3;7,3;7,6;7,6;7,5;7,4;7,3;7,3;7,5;7,8;7,9;7,9;8,0;8,0;8,2;8,2;8,1;8,0
Powiat strzyżowski;061813519000;22,8;22,9;22,4;21,3;21,1;20,8;20,8;21,0;21,2;21,4;21,7;22,1;22,8;22,9;22,2;21,2;20,5;20,2;20,3;20,4;20,9;21,2;21,8;23,2;24,4;24,0;23,4;22,7;22,0;21,7;21,7;22,1;22,1;22,4;22,9;23,9;24,3;24,2;23,5;22,3;21,3;20,9;20,8;20,6;20,5;20,7;21,0;21,5;22,2;22,1;21,0;20,2;19,2;18,5;18,7;18,5;19,0;19,2;19,6;20,2;20,7;20,8;19,7;18,8;17,9;17,6;17,7;17,5;17,4;17,4;17,5;17,7;18,3;17,8;16,8;15,8;15,1;14,7;14,5;14,7;15,0;14,8;14,8;15,2;15,8;15,6;15,1;14,6;14,0;14,0;14,0;13,7;13,4;13,4;13,7;14,0;14,5;14,0;13,5;12,9;12,6;12,6;12,5;12,6;12,5;12,5;12,4;13,0;13,6;13,6;13,2;13,8;14,0;14,0;14,0;14,0;13,8;13,7;14,0;14,2;14,7;14,8;14,3;13,8;13,5;13,4;13,6;13,6;13,3;13,0;13,0;19,3;20,0;19,8;19,1;18,6;18,2;17,8;17,8;17,7;17,4;17,6;17,7;17,7;18,8;18,5;17,9;17,5;17,5;16,7;16,6;16,7;16,5;16,3;16,6;17,2;18,1;17,8;17,3;17,0;17,0;16,8;16,8;16,9;16,7;16,5;16,4;17,3;18,2;17,7;17,3;16,8;16,5;16,5;17,2;17,4;17,2;17,3;17,3;17,7;18,3;18,2;17,6;17,2
Powiat m. Rzeszów;061813563000;7,9;8,0;7,9;7,6;7,4;7,3;7,4;7,5;7,4;7,3;7,4;7,6;7,9;8,1;8,1;7,9;7,7;7,7;7,8;7,9;7,8;7,8;8,0;8,1;8,6;8,7;8,7;8,6;8,5;8,2;8,3;8,2;8,2;8,1;8,2;8,4;8,7;8,7;8,5;8,3;8,1;7,9;7,9;7,8;7,7;7,6;7,7;7,5;7,9;7,9;7,8;7,7;7,4;7,3;7,3;7,3;7,3;7,2;7,1;7,3;7,5;7,6;7,5;7,2;7,0;6,8;6,7;6,8;6,7;6,7;6,7;6,6;6,7;6,7;6,6;6,4;6,2;6,0;6,0;6,0;5,9;5,7;5,7;5,4;5,5;5,5;5,5;5,4;5,3;5,3;5,3;5,3;5,2;5,1;5,2;5,2;5,3;5,3;5,2;5,0;5,0;4,9;4,9;4,8;4,8;4,7;4,8;4,8;4,9;4,9;4,9;5,1;5,4;5,5;5,7;5,7;5,7;5,6;5,6;5,8;6,0;6,0;5,9;5,8;5,7;5,6;5,6;5,5;5,3;5,1;5,0;4,9;4,9;4,9;4,8;4,7;4,6;4,5;4,5;4,5;4,4;4,3;4,3;4,4;4,5;4,5;4,4;4,5;4,4;4,3;4,3;4,3;4,2;4,1;4,1;4,0;4,1;4,2;4,1;4,1;4,0;4,0;4,1;4,1;4,0;4,0;4,0;4,0;4,1;4,1;4,1;4,1;4,0;4,1;4,2;4,3;4,3;4,3;4,3;4,3;4,4;4,5;4,5;4,5
Powiat dębicki;061813603000;12,4;12,7;12,7;12,2;11,9;11,6;11,6;11,5;11,5;11,7;12,2;12,6;13,3;13,4;13,1;12,6;12,3;12,2;12,1;12,4;12,4;12,6;13,1;13,6;14,3;14,5;14,5;14,0;13,4;13,1;13,2;13,2;13,3;13,3;13,5;13,9;14,5;14,5;14,2;13,5;12,9;12,3;12,2;12,2;12,2;12,2;12,3;12,4;12,8;12,8;12,3;11,8;11,2;10,7;10,4;10,3;10,3;10,4;10,8;11,0;11,4;11,3;10,8;10,2;9,7;9,4;9,3;9,2;9,0;9,1;9,1;9,3;9,6;9,4;9,0;8,4;8,0;7,5;7,4;7,3;7,1;6,9;6,8;6,9;7,1;7,0;6,8;6,5;6,2;6,1;6,0;5,9;5,8;5,7;5,6;5,7;5,9;5,8;5,5;5,1;4,8;4,7;4,5;4,5;4,3;4,3;4,3;4,4;4,6;4,7;4,7;5,3;5,6;5,7;5,8;5,8;5,7;5,7;5,7;5,8;6,0;5,9;5,6;5,4;5,1;4,9;4,8;4,6;4,5;4,3;4,3;5,3;5,4;5,4;5,2;5,0;4,8;4,7;4,7;4,7;4,6;4,6;4,7;4,7;5,0;5,1;4,9;4,7;4,7;4,7;4,6;4,6;4,5;4,6;4,6;4,7;5,1;5,0;4,9;4,6;4,5;4,4;4,3;4,5;4,4;4,4;4,3;4,3;4,8;4,8;4,7;4,4;4,2;4,3;4,7;5,0;5,1;5,2;5,2;5,4;5,6;5,6;5,6;5,7
Powiat leżajski;061813608000;18,7;19,0;19,1;18,5;18,2;17,7;17,5;17,7;17,4;17,5;18,0;18,9;19,4;19,6;19,5;19,1;18,5;18,0;18,2;18,4;18,2;18,0;18,5;19,4;20,2;20,4;20,1;19,6;19,1;18,8;19,0;19,3;19,0;18,9;19,2;19,7;20,1;20,3;19,9;19,1;18,0;17,8;18,3;17,9;17,8;17,8;18,2;18,9;19,3;19,4;18,8;18,4;17,6;16,8;16,7;16,8;16,5;16,5;16,9;17,4;18,0;18,1;17,9;17,0;16,5;16,1;16,1;16,3;15,6;15,3;15,4;15,5;15,7;15,6;14,8;14,4;14,0;13,4;13,6;13,7;13,4;13,8;14,3;14,7;15,2;15,2;14,7;14,5;14,1;13,5;13,7;13,5;13,2;12,8;13,2;13,5;13,8;13,8;13,4;12,7;12,5;12,4;12,4;12,4;12,1;12,0;12,0;12,4;12,9;13,1;12,8;13,1;13,7;13,7;13,8;13,8;13,8;13,7;13,7;14,2;14,6;14,7;14,3;13,9;13,7;13,6;13,7;13,6;13,2;13,2;13,3;17,4;17,7;17,5;17,0;16,5;16,2;15,8;15,4;15,5;15,3;15,1;15,1;14,8;15,4;15,3;14,8;14,8;14,3;13,7;13,8;13,6;13,7;13,8;14,0;14,5;15,2;15,3;14,7;14,3;14,0;13,4;13,4;13,6;13,5;13,4;13,6;14,0;14,7;14,9;14,2;13,6;13,4;13,4;13,7;13,6;13,6;13,5;13,6;14,1;14,7;15,0;14,5;14,3
Powiat mielecki;061813611000;14,3;14,4;14,3;13,7;13,5;13,5;13,9;14,1;14,2;14,3;14,6;15,1;15,4;15,3;14,7;14,0;13,7;13,5;13,7;13,9;13,4;13,3;13,5;13,5;13,6;13,6;13,4;12,7;12,3;11,8;12,1;12,2;12,0;11,9;12,2;11,9;12,0;11,9;11,5;10,9;10,7;10,6;10,8;11,1;11,1;11,2;11,2;11,1;11,3;11,3;11,0;10,6;10,2;9,9;10,0;10,7;10,6;10,6;10,7;11,0;11,0;10,7;10,1;9,5;9,1;8,8;8,8;8,8;8,4;8,0;7,7;7,4;7,4;7,2;6,9;6,4;6,2;6,1;6,0;6,2;6,1;5,8;5,8;5,5;5,7;5,6;5,4;5,1;4,9;4,9;4,9;4,9;4,7;4,4;4,4;4,4;4,5;4,5;4,3;4,1;4,0;3,9;4,0;4,1;4,1;4,2;4,2;4,3;4,5;4,6;4,7;5,1;5,5;5,7;5,8;6,0;6,1;5,8;5,6;5,6;5,8;5,7;5,3;5,1;4,9;4,9;4,9;5,0;5,0;4,7;4,5;5,1;5,2;5,0;4,9;4,7;4,6;4,4;4,6;4,6;4,6;4,5;4,4;4,4;4,7;4,8;4,7;4,7;4,8;4,8;4,9;5,0;5,1;5,1;5,1;5,2;5,2;5,3;5,1;5,0;4,9;5,0;5,2;5,4;5,3;5,3;5,2;5,3;5,5;5,6;5,5;5,3;5,2;5,3;5,7;5,9;6,0;5,9;5,9;6,0;6,2;6,2;6,1;5,9
Powiat niżański;061813612000;24,7;25,1;25,1;24,0;23,3;23,0;23,4;23,2;23,1;23,4;23,7;24,1;24,9;24,7;24,0;23,2;22,4;22,0;22,4;22,6;22,7;23,0;23,7;25,3;26,4;26,2;26,0;25,0;24,4;23,9;24,2;24,2;24,1;24,3;25,1;25,8;26,4;26,3;25,7;24,6;24,1;23,4;23,3;22,9;22,8;22,4;22,9;23,0;23,5;23,5;23,1;22,3;21,0;19,9;19,8;19,6;19,1;19,0;19,4;19,8;20,6;20,6;20,1;18,8;18,1;17,5;17,5;18,3;18,0;18,1;18,7;19,2;19,7;19,5;18,9;18,4;17,8;17,5;17,4;17,5;17,4;17,2;17,2;17,5;18,0;17,8;17,6;17,0;16,4;16,0;16,2;16,3;15,9;15,9;16,3;16,7;17,2;17,2;16,8;16,3;15,6;15,5;15,7;15,8;15,3;15,2;15,3;15,8;16,3;16,3;15,9;16,6;16,9;16,6;16,5;16,4;16,2;16,1;16,2;16,6;17,1;17,1;16,8;16,2;15,7;15,3;15,1;15,3;15,0;14,7;14,4;18,6;19,0;18,9;18,8;18,6;18,1;17,6;17,7;17,4;17,3;17,3;17,2;16,6;17,6;17,3;16,8;16,6;16,6;16,3;16,3;16,2;16,0;15,9;16,0;16,7;17,7;17,2;16,5;16,3;16,0;15,7;15,7;16,0;16,2;15,7;15,8;16,2;17,1;17,2;16,7;16,1;15,8;15,7;16,1;16,2;16,2;16,1;16,0;16,4;17,1;17,0;17,1;16,8
Powiat stalowowolski;061813618000;15,5;15,8;15,7;15,4;14,6;14,4;14,5;14,1;14,0;14,0;14,1;14,3;14,9;15,0;14,6;14,1;13,8;13,7;13,6;13,9;13,8;13,8;14,3;15,0;15,6;15,8;15,9;15,6;15,2;14,7;14,9;14,6;14,5;14,2;14,4;14,9;15,3;15,3;14,9;14,3;13,7;13,0;12,7;12,6;12,2;12,0;12,1;12,3;12,8;12,8;12,6;11,9;11,2;10,4;10,2;10,2;9,8;9,4;9,8;9,6;10,0;10,0;9,8;9,0;8,6;8,2;8,1;8,1;8,0;7,8;7,3;7,0;7,3;7,3;6,9;6,4;6,1;5,8;5,9;6,0;5,8;5,8;5,9;6,1;6,4;6,4;6,3;6,0;5,6;5,4;5,4;5,5;5,3;5,2;5,3;5,5;5,8;5,7;5,3;4,9;4,8;4,6;4,6;4,7;4,6;4,5;4,6;4,7;5,2;5,3;5,2;5,6;5,9;6,1;6,2;6,2;6,2;6,1;6,0;6,3;6,5;6,5;6,3;6,1;5,8;5,5;5,4;5,4;5,2;5,0;5,0;5,6;5,8;5,9;5,7;5,4;5,2;4,9;5,1;5,1;4,8;4,7;4,6;4,5;5,0;5,0;4,9;4,9;4,8;4,6;4,7;4,7;4,6;4,7;4,7;4,9;5,2;5,2;5,1;5,0;4,8;4,7;4,8;5,0;4,9;5,0;5,1;5,3;5,7;5,9;5,8;5,6;5,6;5,6;5,8;5,9;6,0;6,0;6,1;6,2;6,5;6,5;6,4;6,4
Powiat tarnobrzeski;061813620000;15,6;16,1;16,0;14,9;14,0;13,7;13,5;13,7;13,7;13,9;14,4;14,6;15,6;16,1;15,9;15,1;14,8;14,6;14,3;14,5;14,3;14,8;15,2;15,6;16,5;16,9;16,6;15,9;15,4;14,4;14,4;14,1;14,3;14,0;14,4;14,5;15,3;15,7;15,2;14,3;13,7;13,3;13,4;12,9;12,6;12,5;12,7;12,5;13,2;13,5;13,6;12,6;11,8;11,1;11,0;11,1;10,7;10,8;10,9;11,1;12,0;12,4;11,7;10,9;10,3;9,8;9,9;9,9;9,8;9,8;9,9;10,1;10,3;10,4;9,9;9,3;8,9;8,5;8,5;8,4;7,9;7,5;7,6;7,8;8,1;8,1;8,0;7,7;7,3;6,7;6,6;6,6;6,3;6,3;6,5;6,5;7,1;7,2;6,8;6,6;6,4;6,2;6,1;6,0;6,0;5,8;6,1;6,3;6,6;6,7;6,7;7,1;7,4;7,5;7,5;7,2;7,1;7,1;7,2;7,4;7,9;7,9;7,7;7,4;7,2;7,1;7,1;7,2;7,1;7,0;7,1;9,0;9,2;9,4;9,0;8,6;8,2;7,9;7,4;7,4;7,2;7,1;7,2;7,5;8,0;8,1;7,7;7,6;7,3;7,2;7,3;7,4;7,4;7,4;7,4;7,4;8,0;8,0;7,7;7,3;7,1;7,2;7,4;7,5;7,2;7,0;7,3;7,4;7,9;8,0;7,5;7,3;7,3;7,3;7,6;7,8;8,1;8,2;8,2;8,4;8,8;8,7;8,6;8,4
Powiat m. Tarnobrzeg;061813664000;15,1;15,6;15,6;15,0;14,3;13,9;13,7;13,6;13,4;13,5;13,5;14,3;15,3;16,1;15,8;15,2;14,7;14,6;14,7;14,8;14,5;14,6;14,7;15,7;16,9;17,5;16,8;16,1;15,5;14,8;14,9;14,6;14,6;14,1;14,5;15,9;16,7;17,0;16,5;15,8;15,2;15,0;14,9;14,7;14,3;13,9;14,3;15,4;16,1;16,5;16,5;15,5;14,7;13,9;13,5;13,3;12,8;12,7;12,7;13,3;13,9;14,5;14,3;13,1;12,6;12,0;11,9;11,8;11,5;11,5;11,6;11,7;12,2;12,3;11,7;11,1;10,5;9,9;9,7;9,7;9,8;9,4;9,3;9,7;10,1;10,2;9,9;9,6;9,2;8,7;8,8;8,4;8,1;8,2;8,3;8,5;8,8;8,8;8,6;8,1;8,0;7,6;7,6;7,5;7,5;7,3;7,3;7,5;7,8;7,9;8,0;8,6;9,0;9,2;8,9;8,7;8,5;8,6;8,5;8,6;9,1;9,4;9,3;9,1;8,7;8,5;8,6;8,5;8,3;8,2;8,3;8,9;8,9;8,9;8,9;8,7;8,3;7,5;7,3;7,2;6,9;6,8;6,8;6,9;7,5;7,5;7,3;7,2;7,0;6,8;7,0;7,0;7,0;7,0;6,9;7,1;7,7;7,7;7,5;7,3;7,0;6,9;7,0;7,3;7,1;6,9;6,8;6,7;7,3;7,4;7,0;6,8;6,8;6,9;7,2;7,4;7,5;7,6;7,7;7,7;8,2;8,2;8,3;8,0
Powiat białostocki;062013702000;18,4;18,5;18,2;17,4;16,7;16,4;16,7;16,5;16,4;16,6;16,9;17,1;18,0;18,2;17,8;17,5;17,0;16,9;17,0;17,0;17,1;17,3;17,8;18,4;19,4;19,7;19,4;19,2;18,8;18,5;18,6;18,6;18,4;18,1;18,4;18,3;19,2;19,1;18,6;18,0;17,5;17,1;17,0;16,8;16,4;16,1;16,2;15,7;16,5;16,3;16,1;15,7;15,3;14,8;14,9;14,7;14,3;14,2;14,1;14,3;14,8;14,8;14,5;13,9;13,3;13,1;13,2;13,0;12,7;12,5;12,5;12,1;12,4;12,3;12,0;11,5;11,1;10,8;10,8;10,8;10,7;10,3;10,2;10,1;10,2;10,2;9,9;9,7;9,4;9,1;9,1;9,0;8,9;8,9;9,0;8,6;8,8;8,7;8,7;8,4;8,1;8,0;8,0;7,9;7,9;7,7;7,8;7,6;8,0;7,9;7,7;8,1;8,6;8,7;8,8;9,0;9,1;9,2;9,3;9,3;9,6;9,7;9,7;9,6;9,4;9,2;9,2;9,1;8,9;8,8;8,6;9,5;9,8;9,8;9,6;9,4;9,2;8,8;8,6;8,3;8,3;8,2;8,2;7,5;7,8;7,9;7,8;7,6;7,5;7,5;7,6;7,5;7,5;7,4;7,4;7,5;8,0;8,0;7,8;7,7;7,4;7,3;7,4;7,5;7,4;7,3;7,3;7,3;7,8;7,8;7,6;7,4;7,3;7,4;7,7;8,0;7,8;7,8;7,7;7,8;8,1;8,1;8,0;8,1
Powiat sokólski;062013711000;17,3;17,3;17,1;16,5;16,5;16,2;16,4;16,4;16,4;16,6;16,7;16,9;17,8;17,5;17,2;16,9;16,6;16,4;16,5;16,5;16,4;16,3;16,6;17,1;17,9;17,8;17,8;17,6;17,3;17,2;17,4;17,2;17,3;17,1;17,2;17,8;18,2;18,1;17,7;17,1;16,5;16,0;15,9;15,7;15,3;14,9;15,1;15,6;16,2;16,0;15,7;15,6;15,2;14,8;14,9;15,0;14,7;14,6;14,6;15,0;15,6;15,6;15,3;14,8;14,6;14,2;14,2;14,2;13,8;13,7;13,6;13,0;13,0;12,8;12,4;12,1;12,0;11,8;11,9;11,9;11,8;11,4;11,3;11,2;11,5;11,5;11,5;11,6;11,4;11,2;11,2;11,0;10,9;10,8;10,9;11,1;11,3;11,2;11,0;10,7;10,4;10,0;9,9;9,9;9,7;9,7;9,7;10,0;10,4;10,3;10,2;10,5;10,6;10,8;10,7;10,8;10,5;10,4;10,5;10,8;11,1;11,2;11,0;10,7;10,6;10,4;10,4;10,2;10,0;9,9;9,8;12,3;12,5;12,4;12,1;11,8;11,7;11,3;11,4;11,2;11,2;11,2;11,2;11,1;11,3;11,3;11,1;10,8;10,8;11,0;11,2;11,2;11,0;11,0;11,0;11,3;11,7;11,4;11,3;11,2;11,0;10,9;10,6;10,9;10,7;10,5;10,6;10,9;11,3;11,2;11,0;10,8;10,8;10,8;11,1;11,2;11,2;11,3;11,3;11,5;12,0;11,9;11,7;11,6
Powiat m. Białystok;062013761000;12,9;13,1;13,0;12,6;12,2;11,8;12,0;11,9;11,9;11,9;12,1;12,4;13,0;13,3;13,1;13,0;12,6;12,5;12,6;12,7;12,7;12,8;12,9;13,3;14,0;14,4;14,5;14,4;14,0;13,7;13,8;13,8;13,6;13,6;13,8;13,7;14,1;14,1;13,9;13,5;13,1;12,9;12,7;12,5;12,3;12,0;12,0;11,9;12,2;12,3;12,2;11,8;11,6;11,3;11,2;11,1;10,9;10,7;10,7;10,5;10,9;10,9;10,7;10,4;10,1;9,8;9,8;9,8;9,5;9,3;9,3;8,9;9,1;9,1;8,9;8,6;8,3;8,0;7,9;7,9;7,7;7,3;7,1;7,0;7,1;7,2;7,1;7,0;6,8;6,6;6,5;6,5;6,3;6,2;6,2;6,2;6,4;6,3;6,3;6,1;5,8;5,7;5,7;5,6;5,5;5,5;5,4;5,4;5,6;5,7;5,6;6,0;6,3;6,4;6,5;6,6;6,6;6,7;6,8;6,9;7,2;7,3;7,3;7,2;7,1;7,0;7,0;6,9;6,7;6,5;6,3;6,1;6,3;6,3;6,2;6,1;6,0;5,8;5,7;5,5;5,3;5,3;5,2;5,2;5,5;5,5;5,4;5,3;5,2;5,2;5,2;5,1;5,1;5,0;5,0;5,0;5,4;5,4;5,3;5,2;5,1;5,0;5,1;5,1;5,1;5,1;5,0;5,0;5,3;5,4;5,3;5,2;5,2;5,3;5,6;5,7;5,8;5,7;5,7;5,7;6,0;6,1;6,0;6,0
Powiat bielski;062013803000;10,7;10,8;10,4;10,0;9,6;9,1;8,9;8,7;8,8;8,9;9,0;9,0;9,7;9,8;9,3;9,0;8,7;9,0;8,3;8,5;8,4;8,7;8,9;9,2;10,1;10,3;10,0;9,6;9,3;9,3;9,1;9,3;9,2;9,3;9,6;10,3;11,0;10,8;10,4;9,7;9,3;9,6;8,9;8,9;8,7;8,6;8,8;8,5;9,0;9,1;8,8;8,5;8,2;8,1;7,8;7,9;7,6;7,4;7,5;7,6;8,1;8,2;7,9;7,6;7,4;7,1;7,0;7,0;6,6;6,7;6,8;6,9;7,3;7,3;7,1;6,6;6,3;6,2;6,2;6,2;6,1;5,8;6,0;6,1;6,4;6,3;6,1;5,9;5,8;5,6;5,7;5,5;5,3;5,3;5,3;5,4;5,6;5,6;5,3;5,0;4,7;4,4;4,5;4,5;4,5;4,5;4,7;4,7;5,1;4,8;4,8;5,0;5,2;5,0;5,0;5,0;5,0;4,8;5,1;5,0;5,2;5,2;4,9;4,7;4,6;4,4;4,4;4,1;3,9;3,7;3,9;4,4;4,6;4,4;4,2;4,1;4,0;3,7;3,8;4,0;4,2;4,2;4,1;4,2;4,6;4,5;4,4;4,3;4,2;4,1;4,2;4,2;4,2;4,2;4,3;4,5;4,8;4,8;4,7;4,6;4,6;4,4;4,4;4,5;4,6;4,6;4,6;4,9;5,3;5,3;5,2;5,1;4,9;5,0;5,1;5,1;5,2;5,1;5,1;5,2;5,3;5,4;5,3;5,1
Powiat hajnowski;062013805000;13,1;13,1;12,4;11,6;11,4;10,9;11,0;11,0;10,9;11,0;11,4;11,9;12,7;12,7;12,2;11,8;11,5;11,5;11,4;11,4;11,6;11,8;12,3;13,6;14,5;14,6;14,2;13,7;13,1;12,8;13,0;13,0;12,9;12,8;13,4;13,8;14,3;14,1;13,3;12,4;11,7;11,2;11,4;11,3;11,0;11,1;11,1;11,0;11,3;11,3;10,6;10,3;10,0;9,8;9,9;9,9;9,9;9,8;9,8;10,2;10,8;10,6;10,4;9,8;9,5;9,1;9,1;9,1;9,0;9,2;9,2;9,9;10,2;9,8;9,5;9,0;8,7;8,3;8,2;7,8;7,9;7,5;7,7;7,9;8,1;8,2;8,1;7,8;7,6;7,4;7,3;7,2;7,4;7,4;7,6;7,7;8,2;8,1;7,9;7,4;7,1;7,0;6,8;6,7;6,5;6,4;6,8;6,8;7,1;6,8;6,6;6,9;7,4;7,3;7,2;7,3;7,3;7,4;7,5;8,0;8,3;8,1;8,0;7,8;7,7;7,5;7,4;7,3;7,2;7,3;7,3;8,2;8,4;8,3;8,1;7,9;7,9;7,8;7,8;7,7;7,9;7,7;7,9;8,1;8,4;8,0;7,7;7,7;7,5;7,5;7,7;7,7;7,8;8,1;8,2;8,8;9,4;9,1;8,9;8,7;8,6;8,6;8,0;8,5;8,4;8,4;8,6;8,7;9,2;9,1;8,8;8,5;8,4;8,5;8,6;8,7;8,6;8,7;8,9;9,0;9,6;9,6;9,2;9,1
Powiat kolneński;062013806000;20,7;20,8;19,9;18,9;19,0;19,2;18,7;18,8;19,2;18,9;18,9;19,4;20,3;20,2;19,8;18,9;19,0;18,6;18,7;19,1;18,9;19,1;19,1;19,6;20,2;19,9;20,1;19,0;18,6;18,6;18,8;19,3;19,8;19,8;20,4;20,4;20,8;20,5;19,9;19,0;18,3;18,2;17,8;18,0;18,2;17,6;17,9;18,1;19,1;19,2;18,9;18,5;18,0;16,1;16,2;16,3;16,3;16,2;16,3;16,8;17,5;17,1;16,7;15,9;15,8;15,1;15,1;15,5;16,2;16,1;16,2;16,6;17,3;17,0;16,3;15,7;15,7;15,2;15,1;15,3;15,2;14,7;14,8;15,4;15,7;15,5;15,2;14,8;14,0;13,6;13,4;13,7;13,6;13,4;13,8;14,1;14,8;14,6;14,3;13,9;13,5;13,5;13,5;13,6;13,7;13,5;13,6;14,0;14,6;14,2;13,7;14,2;14,2;14,1;13,8;13,8;13,7;13,5;13,6;14,0;14,5;14,1;13,9;13,5;13,1;13,0;13,1;13,3;13,3;13,0;13,3;18,2;18,8;18,5;17,9;17,4;17,4;17,0;17,2;17,4;17,3;17,3;17,5;16,1;17,1;16,9;16,4;16,1;15,8;15,5;14,9;14,8;14,6;14,5;14,3;15,2;15,5;14,9;14,3;13,8;13,5;13,2;13,0;13,2;13,4;13,3;13,4;14,1;15,0;14,6;13,9;13,4;13,2;13,2;13,5;13,5;13,6;13,5;13,3;13,7;14,4;14,2;13,5;13,4
Powiat łomżyński;062013807000;12,8;13,1;12,4;11,9;11,5;11,2;11,4;11,5;11,5;11,7;12,1;12,5;13,4;13,4;13,1;12,7;12,4;12,1;12,3;12,6;12,6;12,6;12,8;13,1;14,0;13,9;13,9;13,4;12,8;12,2;12,2;12,5;12,6;12,9;13,3;13,6;14,2;14,1;13,4;12,7;12,2;11,8;11,8;12,1;12,1;11,9;12,2;12,6;13,3;13,3;12,8;12,3;11,4;10,8;10,7;10,8;10,8;10,8;11,1;11,5;12,2;12,1;11,5;10,8;10,3;10,2;10,1;10,2;10,1;10,3;10,2;10,3;11,0;10,5;10,0;9,3;9,1;8,6;8,4;8,5;8,4;8,1;8,1;8,2;8,6;8,3;8,1;7,5;6,9;6,6;6,4;6,5;6,3;6,2;6,4;6,8;7,2;7,0;6,4;6,1;5,9;5,7;5,8;5,9;5,8;5,6;5,8;6,0;6,6;6,1;5,8;6,1;6,2;6,2;6,2;6,0;5,8;5,8;5,7;5,8;6,2;6,3;5,9;5,6;5,4;5,1;4,8;4,7;4,4;4,3;4,3;5,7;6,3;5,9;5,6;5,3;4,9;4,8;5,0;5,1;5,3;5,1;5,3;5,2;5,9;5,7;5,5;5,4;5,3;5,1;5,0;5,0;4,8;4,9;4,9;5,2;5,8;5,7;5,3;5,2;4,9;4,8;4,9;5,1;4,9;4,9;4,9;5,1;5,6;5,6;5,5;5,1;5,0;5,1;5,4;5,4;5,3;5,4;5,5;5,9;6,5;6,5;6,1;6,0
Powiat siemiatycki;062013810000;10,1;10,5;10,5;10,2;9,9;9,6;9,9;9,7;9,7;9,4;9,4;9,8;10,4;10,8;10,7;10,2;10,0;9,7;9,4;9,5;9,4;9,5;9,6;10,3;11,3;11,2;11,0;10,9;10,7;10,1;10,2;10,5;10,4;10,4;10,7;11,2;11,8;11,7;11,5;10,9;10,4;10,1;10,1;10,1;10,4;10,4;10,5;10,6;11,2;11,0;10,9;10,6;10,3;9,8;9,9;9,8;9,7;9,6;9,9;10,0;10,6;10,4;10,4;9,8;9,6;9,5;9,2;9,0;9,0;8,8;9,1;9,3;9,6;9,5;9,1;8,7;8,6;8,4;8,6;8,5;8,2;8,0;8,4;8,2;8,5;8,4;8,0;7,6;7,4;7,1;7,0;7,1;6,8;6,8;7,0;7,1;7,3;7,1;6,8;6,3;6,1;5,9;5,8;5,7;5,8;5,8;6,1;6,2;6,4;6,3;6,2;6,2;6,4;6,4;6,1;6,0;5,9;5,7;5,8;6,0;6,3;6,4;6,3;6,3;6,1;5,9;5,8;5,8;5,6;5,7;5,6;6,8;6,9;7,0;6,9;6,6;6,5;6,3;6,4;6,4;6,3;6,2;6,2;6,0;6,4;6,3;6,1;6,1;6,0;6,0;6,0;6,0;5,9;6,0;6,1;6,4;6,9;6,9;6,8;6,7;6,5;6,4;6,4;6,5;6,4;6,2;6,3;6,4;6,7;6,6;6,6;6,4;6,2;6,2;6,4;6,5;6,3;6,2;6,4;6,5;7,0;7,2;7,2;7,0
Powiat wysokomazowiecki;062013813000;9,2;9,2;8,9;8,4;8,4;8,3;8,3;8,1;8,0;8,3;8,5;8,6;9,2;9,3;8,9;8,6;8,4;8,1;8,3;8,2;8,0;8,2;8,5;8,9;9,5;9,4;9,3;8,9;8,8;8,5;8,6;8,8;9,0;9,0;9,2;9,4;9,7;9,6;9,1;8,7;8,6;8,3;8,3;8,3;8,0;7,8;7,8;7,7;8,1;8,3;8,2;7,8;7,5;7,5;7,6;7,6;7,5;7,5;7,6;7,7;8,0;8,1;7,8;7,4;7,2;7,0;6,9;6,9;6,6;6,7;6,7;6,8;7,1;7,1;6,8;6,5;6,4;6,3;6,5;6,4;6,1;5,9;5,9;5,9;6,1;6,0;5,9;5,7;5,7;5,6;5,7;5,8;5,7;5,7;5,7;5,7;6,1;5,9;5,7;5,7;5,7;5,6;5,6;5,7;5,5;5,5;5,6;5,6;5,8;5,7;5,5;5,7;5,8;5,9;5,9;5,9;5,8;5,6;5,7;5,7;5,9;5,9;5,7;5,5;5,4;5,3;5,3;5,3;5,3;5,2;5,2;7,3;7,3;7,4;7,6;7,4;7,1;7,1;7,1;7,1;7,2;7,3;7,4;7,0;7,3;7,2;7,0;6,8;6,7;6,8;6,8;6,8;6,7;6,8;6,8;7,0;7,2;7,2;7,1;7,0;7,0;6,8;7,0;7,1;7,0;6,9;6,9;7,1;7,2;7,1;7,0;6,8;6,8;6,8;6,8;6,9;6,9;6,9;6,9;7,0;7,4;7,3;7,1;7,1
Powiat zambrowski;062013814000;15,5;15,4;15,2;14,4;14,5;14,5;14,6;14,7;14,5;14,5;14,9;15,5;16,7;16,9;16,6;15,9;16,0;15,6;15,6;15,8;15,7;15,5;16,2;17,3;18,4;18,6;18,3;17,9;17,5;16,8;16,7;16,1;15,9;15,7;16,0;16,3;16,7;16,4;15,7;14,5;14,0;13,8;13,6;13,7;13,8;13,5;13,7;13,4;14,0;13,9;13,9;13,2;12,7;12,2;11,9;11,6;11,4;11,3;11,8;12,0;12,5;12,4;12,1;11,7;11,3;10,7;10,8;10,8;10,3;10,1;10,0;10,5;10,8;10,7;10,5;10,0;9,8;9,4;9,5;9,8;9,4;9,0;8,9;9,0;9,4;9,3;8,9;8,3;7,7;7,5;7,6;7,5;7,4;7,1;7,2;7,5;8,0;7,6;7,2;6,7;6,5;6,1;6,3;6,4;6,2;6,1;6,3;6,3;6,6;6,2;6,0;6,4;6,6;6,6;6,6;6,4;6,1;6,0;6,2;6,5;6,8;6,9;6,7;6,4;6,3;6,2;6,2;6,2;5,8;5,7;5,9;7,3;7,6;7,4;7,2;7,2;7,0;6,8;6,8;6,9;7,0;7,1;7,1;6,7;7,2;6,9;6,6;6,5;6,1;6,1;6,1;6,0;5,8;5,9;6,0;6,3;6,7;6,4;6,2;6,0;6,0;6,3;6,4;6,6;6,4;6,3;6,4;6,5;7,0;6,8;6,5;6,3;6,2;6,3;6,6;6,9;6,8;6,9;7,1;7,3;7,7;7,7;7,7;7,4
Powiat m. Łomża;062013862000;17,0;17,2;16,5;15,8;15,4;14,9;15,0;15,3;15,2;15,3;15,8;16,4;17,2;17,2;17,3;16,9;16,4;16,0;15,8;16,2;15,8;15,7;16,2;17,0;17,9;17,8;17,7;17,2;16,6;16,2;16,3;16,6;16,3;16,7;17,0;17,0;17,5;17,5;16,9;16,2;15,5;15,0;14,8;15,1;14,9;15,0;15,2;15,6;16,5;16,3;15,7;15,1;14,1;13,4;13,1;13,0;13,0;12,7;12,9;13,4;14,3;14,3;13,7;13,2;12,9;12,8;12,2;12,3;12,2;11,9;12,2;12,0;12,5;12,3;11,8;11,2;10,7;10,3;10,4;10,2;10,0;9,6;9,4;9,7;10,2;10,1;9,9;9,4;8,8;8,5;8,4;8,4;8,4;8,1;8,2;8,6;9,2;9,0;8,5;8,1;7,6;7,3;7,4;7,5;7,3;7,3;7,4;7,6;8,4;8,2;7,9;8,3;8,6;8,5;8,5;8,6;8,1;8,0;8,0;8,4;8,9;8,7;8,3;8,0;7,7;7,3;7,1;6,9;6,7;6,4;6,5;6,8;7,2;7,0;7,0;6,8;6,5;6,3;6,4;6,4;6,2;6,2;6,3;6,9;7,7;7,5;7,2;7,0;6,8;6,9;6,8;6,9;6,7;6,6;6,6;7,0;7,6;7,3;7,1;6,7;6,6;6,5;6,4;6,6;6,5;6,4;6,5;6,7;7,4;7,4;7,3;7,1;7,0;7,0;7,3;7,5;7,5;7,2;7,3;7,7;8,3;8,3;7,9;7,8
Powiat augustowski;062013901000;19,8;20,0;19,3;18,3;17,4;17,1;16,9;17,4;17,8;18,0;18,6;18,9;19,7;19,9;19,6;18,8;18,2;17,6;17,6;17,6;17,8;18,0;18,5;19,4;20,6;20,5;20,5;19,7;18,9;18,5;18,2;18,5;18,8;18,8;19,1;20,0;20,6;20,5;19,8;18,7;17,9;17,3;17,3;17,3;17,0;16,6;17,0;17,1;17,8;17,6;17,0;16,3;15,4;15,0;14,9;14,9;14,8;14,8;15,2;15,6;16,3;16,1;15,4;14,9;14,4;13,9;14,0;14,0;13,7;13,5;13,3;12,2;12,7;11,9;11,3;10,9;10,6;10,3;10,5;10,4;10,3;10,0;9,8;10,1;10,1;10,5;10,1;9,7;9,3;9,3;9,5;9,7;9,6;9,6;9,8;9,9;10,5;10,2;9,7;9,4;9,1;8,9;9,0;9,3;9,2;9,3;9,5;9,7;10,2;9,9;9,7;10,1;10,3;10,2;10,2;10,4;10,4;10,3;10,2;10,4;10,8;10,7;10,4;10,1;10,0;9,7;9,6;9,7;9,5;9,4;9,3;10,0;10,4;10,3;9,9;9,8;9,7;9,5;9,7;9,8;10,0;9,9;10,0;10,1;10,6;10,5;10,1;10,0;9,8;9,8;9,9;9,8;10,0;10,0;10,0;10,4;11,0;10,6;9,9;9,7;9,7;9,5;9,5;9,8;9,7;9,9;10,0;10,4;10,8;10,5;10,1;9,7;9,5;9,5;9,8;10,0;10,2;10,1;10,3;10,5;10,9;11,0;10,5;10,2
Powiat grajewski;062013904000;24,4;24,3;23,1;22,3;21,5;20,9;20,9;21,5;22,3;22,0;22,4;22,9;23,8;23,6;22,9;22,1;21,6;21,7;21,7;21,9;22,0;22,2;22,1;22,8;23,9;23,8;23,5;23,1;22,4;21,7;21,8;22,1;22,5;22,5;22,3;22,7;23,7;23,4;22,6;21,8;21,0;20,5;20,6;20,5;20,4;20,1;20,3;20,4;21,5;21,5;21,0;20,3;19,3;18,6;17,9;17,9;17,8;17,8;17,9;18,1;19,0;19,0;18,3;17,5;17,2;16,6;16,6;17,0;17,0;16,9;16,7;17,3;17,9;17,7;16,7;16,0;15,6;15,0;15,3;15,4;15,1;14,4;14,3;14,7;15,1;14,7;14,2;13,9;13,5;13,2;13,1;13,3;13,4;13,2;13,4;13,7;14,0;13,6;12,9;12,5;12,2;11,7;11,6;11,6;11,4;11,5;11,8;11,9;12,7;12,5;12,2;12,7;12,6;12,4;12,2;12,0;12,1;12,1;11,9;12,2;12,7;12,8;12,4;12,1;11,8;11,6;11,4;11,3;11,1;11,2;11,1;12,8;13,3;13,5;13,0;12,7;12,4;11,9;11,8;11,9;12,1;12,1;12,2;11,6;12,2;12,1;11,5;11,3;11,1;10,9;10,6;10,5;10,6;10,6;10,8;11,3;11,8;11,7;11,2;11,0;10,7;10,6;10,6;11,0;10,9;10,8;10,9;11,4;12,0;11,9;11,7;11,4;11,0;11,1;11,2;11,4;11,3;11,1;11,0;11,1;11,8;11,6;11,3;11,0
Powiat moniecki;062013908000;12,6;12,9;12,8;12,4;12,4;12,3;12,0;12,3;12,4;12,3;12,6;12,8;13,3;13,3;13,2;12,6;12,9;12,7;12,8;13,0;12,8;12,8;13,2;13,5;14,1;14,2;14,2;13,7;13,6;13,7;13,7;13,5;13,6;13,6;13,6;13,7;14,1;13,8;13,4;12,9;12,7;12,2;12,1;12,0;11,8;11,5;11,8;12,1;12,7;12,5;12,3;11,9;11,7;11,5;11,8;11,8;11,6;11,5;11,6;12,1;12,5;12,4;12,0;11,4;11,2;10,8;10,6;10,5;10,2;10,1;9,9;9,3;9,3;9,3;8,7;8,2;7,9;7,8;7,4;7,4;7,5;7,2;7,1;7,2;7,5;8,4;8,0;7,8;7,6;7,4;7,4;7,2;7,1;6,9;7,4;7,5;7,7;7,5;7,2;7,0;6,8;6,5;6,3;6,3;6,5;6,4;6,5;6,7;7,0;6,9;6,6;6,7;7,0;7,1;6,9;6,6;6,6;6,7;6,8;7,0;7,4;7,4;7,2;7,1;6,9;6,6;6,3;6,1;6,0;6,1;6,0;8,5;9,1;9,0;9,0;8,7;8,6;8,2;8,2;8,3;8,0;7,8;8,2;7,3;7,7;7,9;7,5;7,4;7,1;7,1;7,2;7,2;7,1;7,2;7,2;7,3;7,8;7,8;7,6;7,5;7,5;7,3;7,2;7,3;7,2;6,9;6,9;7,1;7,5;7,3;7,1;6,9;6,8;6,9;7,0;7,2;7,3;7,2;7,2;7,3;7,9;7,8;7,8;7,9
Powiat sejneński;062013909000;21,7;21,6;20,7;19,9;20,2;19,7;20,0;20,7;21,4;21,4;21,7;22,4;22,7;21,2;20,3;19,5;19,9;20,2;20,5;21,2;20,7;19,9;20,1;20,4;21,5;21,2;20,4;19,1;18,8;18,6;19,3;19,4;19,7;19,5;20,9;20,8;21,1;20,6;19,6;19,8;19,0;20,0;18,7;18,4;17,8;15,1;14,8;15,4;17,0;17,9;17,0;17,8;17,6;17,6;17,3;16,6;16,6;15,9;15,9;16,7;17,9;17,1;16,0;15,6;16,2;15,1;15,2;15,5;15,2;14,7;15,3;15,7;16,1;15,2;14,5;13,8;14,1;13,5;13,5;13,7;13,4;12,8;12,8;13,4;14,0;13,9;13,5;13,3;12,9;12,3;12,4;12,5;12,4;12,1;12,3;12,7;13,0;13,1;12,7;12,3;12,4;12,5;12,3;12,6;12,5;11,6;11,9;12,2;12,7;12,3;11,8;12,5;12,9;13,1;12,9;12,9;12,8;12,4;12,5;12,7;12,9;12,8;12,2;11,6;11,9;11,3;11,2;11,6;11,5;11,2;11,1;12,3;12,6;12,0;11,4;11,1;11,5;10,8;10,7;10,9;10,9;11,0;10,8;9,8;10,2;10,2;9,9;9,8;9,8;9,9;9,9;9,9;9,8;9,5;9,8;10,7;10,6;10,1;9,4;9,1;9,4;9,6;9,5;10,2;10,4;10,3;10,3;12,9;13,3;12,9;12,5;12,2;12,1;12,0;12,1;12,6;12,4;12,0;12,1;12,2;12,5;12,3;12,6;12,6
Powiat suwalski;062013912000;10,4;10,9;10,7;10,3;9,4;8,8;8,7;8,6;8,9;8,9;9,5;9,9;10,8;11,1;10,8;10,4;9,9;9,6;9,7;9,8;9,7;9,8;10,2;10,8;11,8;12,1;11,9;11,7;11,2;10,7;10,3;10,1;10,0;10,1;10,6;11,0;11,4;11,2;11,0;10,2;9,0;8,4;8,0;7,6;7,5;7,0;7,1;7,4;8,2;8,4;8,2;7,6;7,0;6,5;6,4;6,3;6,3;6,5;6,8;7,1;7,7;7,6;7,2;6,5;6,0;5,7;5,7;5,8;5,7;5,6;5,9;6,2;6,4;6,4;5,9;5,6;5,2;4,9;4,8;4,9;4,8;4,7;4,7;4,6;4,6;4,6;4,6;4,3;4,0;3,8;3,8;3,9;4,1;4,1;4,1;4,1;4,4;4,2;4,1;4,0;4,0;4,0;3,8;3,9;3,8;3,8;3,9;3,9;4,2;4,2;4,3;4,6;5,0;5,1;4,9;4,6;4,6;4,1;4,2;4,3;4,4;4,6;4,6;4,5;4,3;4,1;4,0;4,0;3,9;3,7;3,9;5,4;5,6;5,6;5,4;5,1;5,1;4,9;4,9;5,3;5,5;5,5;5,5;5,0;5,5;5,4;5,3;5,3;5,1;5,0;5,2;5,2;5,2;5,1;5,1;5,2;5,5;5,6;5,7;5,5;5,4;5,0;5,1;5,2;5,1;5,0;5,2;5,5;6,1;6,2;6,3;6,0;6,0;5,9;6,2;6,4;6,3;6,1;5,9;5,9;6,0;6,3;6,1;6,0
Powiat m. Suwałki;062013963000;13,2;13,9;13,6;12,9;12,3;11,5;11,4;11,4;11,4;11,5;11,9;12,4;13,1;13,3;13,0;12,6;12,3;12,0;11,9;12,0;12,0;11,9;12,4;13,3;14,5;14,8;14,7;14,5;14,0;13,5;13,0;12,7;12,4;12,0;12,5;12,9;13,6;13,4;13,4;12,7;11,7;11,0;10,8;10,4;10,2;9,9;9,9;9,7;10,1;10,4;9,8;9,3;8,9;8,4;8,3;8,2;8,1;8,0;8,3;8,5;9,2;9,4;8,9;8,5;7,8;7,4;7,3;7,5;7,2;7,0;7,2;7,5;8,0;8,1;7,7;7,2;6,7;6,4;6,4;6,5;6,3;5,9;5,9;5,8;5,9;5,9;5,9;5,7;5,5;5,3;5,4;5,4;5,4;5,3;5,5;5,3;5,5;5,4;5,5;5,3;5,0;4,9;4,9;5,0;4,8;4,8;4,8;4,9;5,4;5,5;5,6;6,2;6,7;6,8;6,5;6,2;5,9;5,7;5,9;6,3;6,5;6,6;6,7;6,4;6,0;5,7;5,6;5,6;5,3;5,2;5,0;5,1;5,4;5,4;5,2;4,9;5,0;4,9;5,0;5,3;5,3;5,3;5,3;5,3;5,8;5,7;5,7;5,5;5,3;5,3;5,6;5,6;5,6;5,5;5,6;5,7;6,1;6,1;6,1;6,0;5,8;5,7;5,5;5,7;5,6;5,5;5,5;5,6;6,0;6,3;6,2;6,0;5,9;5,9;6,2;6,5;6,5;6,4;6,4;6,4;6,7;6,8;6,6;6,6
Powiat m. st. Warszawa;071412865000;3,6;3,7;3,8;3,7;3,7;3,7;3,7;3,7;3,7;3,6;3,7;3,7;3,9;3,9;4,0;4,0;4,0;4,0;4,0;4,1;4,1;4,2;4,3;4,3;4,6;4,7;4,8;4,9;4,8;4,8;4,8;4,9;4,9;4,8;4,8;4,8;4,9;4,9;4,9;4,7;4,7;4,6;4,6;4,6;4,5;4,4;4,4;4,2;4,3;4,2;4,2;4,1;4,0;3,8;3,8;3,8;3,7;3,6;3,5;3,3;3,4;3,4;3,3;3,3;3,2;3,1;3,1;3,0;3,0;2,9;2,8;2,6;2,7;2,6;2,6;2,5;2,4;2,4;2,3;2,3;2,3;2,1;2,1;2,0;2,0;2,0;1,9;1,8;1,8;1,7;1,7;1,7;1,6;1,5;1,5;1,5;1,5;1,5;1,5;1,4;1,4;1,4;1,4;1,4;1,4;1,3;1,3;1,3;1,3;1,3;1,3;1,4;1,6;1,7;1,7;1,8;1,8;1,8;1,8;1,8;1,9;1,9;2,0;2,0;2,0;2,0;1,9;1,9;1,9;1,9;1,8;1,7;1,7;1,7;1,7;1,7;1,7;1,7;1,6;1,6;1,5;1,5;1,5;1,5;1,6;1,6;1,6;1,5;1,5;1,4;1,4;1,4;1,4;1,4;1,4;1,3;1,4;1,4;1,4;1,4;1,4;1,4;1,5;1,4;1,4;1,4;1,4;1,4;1,4;1,4;1,4;1,5;1,4;1,5;1,5;1,6;1,6;1,6;1,5;1,5;1,5;1,5;1,6;1,6
Powiat legionowski;071412908000;12,3;12,6;13,3;12,9;12,7;12,5;12,4;12,7;12,6;12,3;12,6;12,9;13,7;14,1;14,3;14,1;13,7;13,4;13,5;13,8;14,0;14,3;14,6;14,7;15,8;16,2;16,4;16,2;15,9;15,8;15,9;15,7;15,8;15,8;15,9;15,8;16,5;16,5;16,1;15,6;15,2;15,1;15,1;15,3;15,0;14,8;15,1;14,3;14,8;14,7;14,3;13,8;13,5;13,3;13,1;12,7;12,5;12,3;12,3;12,4;12,9;13,1;12,9;12,7;12,3;11,9;11,9;11,9;11,7;11,4;11,2;10,9;11,1;11,2;10,8;10,2;9,9;9,5;9,0;8,3;8,3;7,8;7,9;7,7;7,9;8,1;7,8;7,4;7,1;7,2;7,2;7,5;7,5;7,2;7,2;6,9;7,2;7,3;7,3;7,1;6,9;6,7;6,7;6,8;6,7;6,5;6,4;6,5;6,8;6,8;6,9;7,2;7,4;7,6;7,8;8,0;8,0;8,2;8,2;8,2;8,5;8,5;8,6;8,4;8,2;8,0;7,9;7,9;7,7;7,5;7,4;7,4;7,7;7,8;7,4;7,1;6,5;6,1;6,1;5,9;5,9;5,9;5,9;5,5;5,8;6,0;6,0;5,7;5,7;5,8;5,8;5,9;5,9;5,9;5,8;5,7;6,0;6,2;6,1;6,0;5,9;5,8;5,9;5,9;5,9;5,7;5,7;5,5;5,8;6,1;6,1;6,0;5,9;5,9;6,2;6,5;6,6;6,6;6,6;6,5;6,8;6,9;7,0;6,9
Powiat miński;071412912000;10,4;10,8;11,2;10,7;10,4;9,8;9,5;9,6;9,6;9,4;9,6;9,6;10,3;10,6;10,9;10,6;10,5;10,4;10,2;10,3;10,7;10,8;11,0;11,2;12,1;12,6;12,7;12,7;12,5;12,5;12,3;12,4;12,5;12,2;12,3;12,4;13,1;13,3;12,8;12,4;12,0;11,7;11,4;11,4;11,5;11,0;10,9;10,5;10,9;11,1;10,6;10,2;10,0;9,4;9,2;9,2;9,2;8,9;9,1;8,7;9,1;9,7;9,3;8,5;8,3;7,9;7,7;7,9;7,7;7,3;7,2;6,8;6,7;7,1;6,8;6,3;6,3;5,9;5,9;6,0;5,9;5,4;5,4;5,4;5,7;6,0;5,8;5,7;5,5;5,2;5,3;5,4;5,3;5,2;5,3;5,2;5,4;5,4;5,3;5,2;5,0;4,9;4,9;5,0;4,9;4,7;4,7;4,8;5,0;5,1;5,0;5,3;5,7;5,9;6,1;6,1;6,2;6,2;6,5;6,5;6,7;6,8;6,5;6,4;6,2;6,0;5,4;5,2;4,9;4,7;4,6;4,9;5,0;5,1;5,0;4,9;4,7;4,6;4,5;4,6;4,6;4,7;4,7;4,4;4,8;5,0;4,8;4,7;4,5;4,6;4,7;4,8;4,8;4,6;4,5;4,5;4,8;4,9;4,6;4,4;4,3;4,3;4,3;4,4;4,3;4,2;4,2;4,2;4,6;4,6;4,5;4,3;4,2;4,3;4,6;4,9;5,0;4,8;4,7;4,7;5,0;5,0;5,0;4,9
Powiat otwocki;071412917000;8,9;9,1;9,3;8,8;8,6;8,3;8,2;8,4;8,3;8,3;8,5;8,6;9,4;9,8;10,0;9,6;9,5;9,2;9,3;9,2;9,4;9,4;9,7;9,9;10,6;10,8;10,9;10,6;10,4;9,9;9,9;10,0;9,9;9,7;9,8;9,7;10,1;10,3;9,9;9,5;9,1;8,8;8,6;8,6;8,7;8,5;8,4;8,2;8,5;8,5;8,3;8,0;7,8;7,5;7,3;7,2;7,3;7,0;7,0;6,7;6,9;7,0;6,9;6,8;6,6;6,4;6,3;6,4;6,2;6,1;6,0;5,8;6,0;6,0;5,9;5,7;5,5;5,3;5,3;5,3;5,2;5,0;4,9;4,9;5,0;4,9;4,9;4,7;4,5;4,4;4,3;4,3;4,2;4,1;4,1;4,1;4,3;4,4;4,3;4,2;4,1;4,0;4,0;3,9;3,8;3,6;3,6;3,7;4,0;4,0;4,0;4,1;4,4;4,5;4,6;4,6;4,7;4,7;4,8;4,8;5,0;5,1;5,1;5,1;4,9;4,8;4,6;4,5;4,4;4,2;4,2;4,3;4,4;4,4;4,2;4,1;4,1;4,0;3,9;3,8;3,6;3,5;3,5;3,4;3,6;3,6;3,4;3,3;3,2;3,3;3,2;3,3;3,4;3,4;3,4;3,3;3,5;3,6;3,5;3,3;3,2;3,3;3,4;3,3;3,3;3,3;3,3;3,3;3,6;3,6;3,6;3,5;3,5;3,5;3,8;3,9;4,1;4,1;4,2;4,1;4,2;4,2;4,2;4,2
Powiat wołomiński;071412934000;13,9;14,2;14,1;13,7;13,5;12,8;12,9;13,0;12,9;12,9;13,2;13,4;14,2;14,7;14,7;14,7;14,7;14,6;14,6;14,8;15,1;15,2;15,5;15,7;16,6;16,9;17,1;17,2;17,1;17,0;17,1;17,2;17,2;17,0;17,1;17,3;17,9;17,9;17,7;17,3;17,0;16,7;16,4;16,3;16,1;15,9;15,7;15,2;15,5;15,5;15,3;14,9;14,6;13,9;13,7;13,7;13,5;13,4;13,3;13,2;13,4;13,4;13,1;13,0;12,8;12,5;12,5;12,6;12,3;11,9;11,7;11,2;11,4;11,2;10,8;10,4;10,2;9,9;9,7;9,6;9,4;8,8;8,6;8,4;8,5;8,3;8,1;7,7;7,6;7,4;7,4;7,4;7,3;7,3;7,2;7,4;7,6;7,6;7,4;7,3;7,1;6,9;6,8;6,7;6,6;6,5;6,5;6,4;6,6;6,6;6,5;6,8;7,4;7,6;7,8;7,9;8,0;8,1;8,1;8,0;8,4;8,4;8,3;8,2;8,1;8,0;7,8;7,8;7,6;7,5;7,4;7,5;7,8;7,8;7,7;7,6;7,5;7,4;7,4;7,3;7,2;7,0;6,9;6,5;6,9;6,7;6,5;6,3;6,1;6,0;5,9;5,9;6,0;5,9;5,8;5,7;6,0;6,0;5,9;5,7;5,6;5,5;5,6;5,5;5,4;5,4;5,3;5,1;5,4;5,5;5,5;5,5;5,4;5,6;5,9;6,2;6,3;6,3;6,3;6,3;6,7;6,8;6,9;7,0
Powiat grodziski;071413005000;6,9;7,1;7,2;7,0;7,0;6,7;6,6;6,6;6,7;6,7;6,8;6,8;7,4;7,5;7,6;7,5;7,2;7,2;7,3;7,5;7,5;7,5;7,5;7,8;8,5;8,7;8,7;8,5;8,2;8,1;8,1;8,2;8,1;7,9;7,7;7,6;8,2;8,2;8,0;7,8;7,5;7,2;7,2;7,3;7,0;6,7;6,7;6,4;6,8;6,9;6,8;6,6;6,5;6,1;6,2;6,1;5,9;5,7;5,7;5,6;6,0;6,1;6,0;5,8;5,5;5,3;5,2;5,1;4,9;4,7;4,5;4,4;4,6;4,6;4,5;4,3;4,0;3,7;3,7;3,7;3,7;3,5;3,3;3,2;3,4;3,5;3,4;3,3;3,1;3,0;3,1;3,1;3,1;3,1;2,9;2,9;3,0;3,1;3,0;2,8;2,8;2,7;2,7;2,7;2,5;2,4;2,3;2,4;2,6;2,8;3,0;3,3;3,5;3,6;3,6;3,8;3,9;3,9;3,9;3,7;3,9;4,0;4,1;4,0;3,8;3,7;3,7;3,6;3,6;3,5;3,5;3,5;3,7;3,7;3,7;3,6;3,5;3,1;3,1;2,9;2,9;2,7;2,7;2,7;2,8;3,0;3,0;3,0;2,8;2,7;2,7;2,7;2,7;2,7;2,7;2,7;2,9;3,0;2,9;2,7;2,7;2,6;2,7;2,6;2,6;2,6;2,7;2,5;2,8;2,9;2,8;2,8;2,7;2,8;3,0;3,1;3,3;3,3;3,2;3,2;3,4;3,6;3,5;3,5
Powiat nowodworski;071413014000;12,8;13,1;13,4;13,2;13,2;13,0;12,9;12,7;12,8;12,9;13,1;13,4;14,1;14,5;14,6;14,3;14,1;13,8;13,7;13,8;13,5;13,3;13,2;13,0;13,8;14,1;14,3;14,1;14,1;13,6;13,4;13,3;13,1;12,9;13,0;12,8;13,4;13,5;13,3;13,1;12,8;12,4;12,3;12,1;12,2;12,1;12,1;12,2;12,5;12,4;12,0;11,6;11,3;10,9;10,6;10,3;10,3;10,3;10,0;9,9;10,3;10,1;9,9;9,6;9,6;9,4;9,3;9,2;9,0;8,6;8,5;8,2;8,5;8,3;8,1;7,8;7,6;7,4;7,1;6,7;6,4;6,2;6,0;6,0;6,3;6,2;6,1;5,9;5,8;5,6;5,8;5,9;5,9;5,7;5,8;6,0;6,4;6,4;6,3;6,1;6,1;6,0;6,0;5,9;5,8;5,7;5,7;5,5;5,8;5,7;5,7;6,0;6,2;6,4;6,5;6,6;6,5;6,5;6,5;6,6;7,0;7,1;6,9;6,9;6,8;6,6;6,7;6,6;6,6;6,3;6,2;6,3;6,3;6,2;6,1;6,0;6,0;6,0;6,2;6,4;6,3;6,1;6,0;5,9;6,0;6,0;5,7;5,6;5,6;5,6;5,6;5,6;5,6;5,5;5,6;5,5;5,8;5,7;5,6;5,5;5,4;5,4;5,5;5,5;5,5;5,5;5,3;5,2;5,4;5,5;5,4;5,4;5,3;5,5;5,7;5,9;6,1;6,0;6,1;6,0;6,3;6,3;6,3;6,4
Powiat piaseczyński;071413018000;7,7;8,0;8,1;8,0;7,7;7,4;7,3;7,2;7,1;7,0;7,2;7,1;7,5;7,8;7,7;7,7;7,7;7,5;7,5;7,6;7,6;7,9;8,2;8,2;8,7;9,0;9,0;8,9;8,8;8,6;8,4;8,4;8,3;8,2;8,2;8,2;8,6;8,7;8,5;8,3;8,3;8,0;8,0;8,1;8,1;7,8;7,6;7,2;7,6;7,6;7,3;7,2;7,0;6,8;6,8;6,8;6,8;6,6;6,5;6,3;6,4;6,4;6,4;6,2;6,1;6,0;5,9;5,9;5,7;5,6;5,5;5,5;5,5;5,3;5,2;5,0;5,0;4,9;4,9;4,8;4,8;4,5;4,4;4,4;4,4;4,4;4,2;4,1;4,0;4,0;4,0;4,1;4,1;3,9;3,9;3,9;3,9;3,9;3,8;3,7;3,6;3,5;3,4;3,4;3,2;3,2;3,0;3,2;3,2;3,2;3,3;3,5;3,7;3,9;4,1;4,2;4,2;3,8;3,8;4,0;4,1;4,2;4,0;4,0;3,9;3,8;3,7;3,6;3,5;3,3;3,1;3,1;3,2;3,1;3,2;3,3;3,3;3,2;3,1;3,2;3,2;3,2;3,2;3,4;3,6;3,6;3,6;3,5;3,5;3,4;3,4;3,5;3,5;3,4;3,5;3,4;3,5;3,7;3,6;3,5;3,4;3,4;3,6;3,6;3,5;3,5;3,4;3,4;3,6;3,6;3,6;3,5;3,5;3,5;3,7;3,9;3,9;3,8;3,6;3,7;3,8;3,8;3,9;3,9
Powiat pruszkowski;071413021000;7,1;7,2;7,2;7,0;6,8;6,6;6,6;6,6;6,7;6,8;6,9;7,0;7,5;7,7;7,6;7,5;7,5;7,4;7,5;7,6;7,7;7,8;8,1;8,0;8,5;8,8;9,0;9,0;8,8;8,6;8,7;8,7;8,6;8,6;8,7;8,5;8,9;8,9;8,7;8,6;8,3;8,1;8,0;7,8;7,7;7,5;7,4;7,1;7,4;7,5;7,4;7,2;7,1;6,9;6,9;6,9;6,8;6,6;6,5;6,2;6,5;6,5;6,4;6,3;6,1;6,0;5,9;5,8;5,8;5,6;5,6;5,3;5,4;5,3;5,0;5,1;4,9;4,8;4,7;4,7;4,6;4,3;4,2;3,9;4,0;4,0;3,9;3,9;3,8;3,7;3,6;3,6;3,5;3,4;3,4;3,3;3,5;3,5;3,4;3,3;3,2;3,0;3,0;3,0;2,8;2,8;2,8;2,7;2,8;2,9;2,9;3,1;3,3;3,3;3,4;3,6;3,6;3,6;3,6;3,5;3,6;3,7;3,7;3,6;3,5;3,4;3,5;3,4;3,3;3,1;3,0;2,9;2,9;2,9;2,8;2,7;2,5;2,4;2,3;2,3;2,3;2,2;2,2;2,2;2,3;2,4;2,4;2,3;2,3;2,3;2,3;2,3;2,3;2,3;2,2;2,1;2,3;2,3;2,3;2,3;2,3;2,2;2,3;2,2;2,2;2,1;2,1;2,1;2,2;2,3;2,3;2,2;2,2;2,3;2,4;2,5;2,6;2,5;2,5;2,6;2,7;2,8;2,8;2,8
Powiat warszawski zachodni;071413032000;6,1;6,3;6,3;6,1;5,9;5,8;5,8;5,8;6,0;6,1;6,3;6,2;6,5;6,6;6,6;6,5;6,6;6,2;6,2;6,2;6,4;6,3;6,3;6,6;7,2;7,4;7,4;7,3;7,2;7,1;7,0;6,9;7,0;7,1;7,1;6,8;7,0;6,9;6,7;6,5;6,3;6,2;6,1;6,1;5,9;5,8;5,8;5,6;5,8;5,7;5,6;5,5;5,4;5,2;5,2;5,1;4,9;4,8;4,6;4,3;4,5;4,4;4,2;4,0;3,7;3,6;3,5;3,4;3,4;3,4;3,3;3,1;3,2;3,1;3,0;2,9;2,8;2,8;2,8;2,8;2,7;2,4;2,4;2,3;2,3;2,3;2,2;2,1;2,0;1,9;2,0;2,0;2,0;2,0;1,9;2,0;2,1;2,1;2,0;1,9;1,8;1,7;1,7;1,7;1,6;1,6;1,6;1,6;1,7;1,7;1,8;1,9;2,1;2,1;2,2;2,2;2,2;2,2;2,3;2,2;2,3;2,4;2,4;2,3;2,3;2,2;2,2;2,2;2,1;2,0;2,0;1,8;1,9;1,9;1,9;1,8;1,7;1,7;1,7;1,7;1,6;1,6;1,5;1,6;1,7;1,8;1,8;1,6;1,6;1,5;1,5;1,6;1,6;1,6;1,5;1,6;1,7;1,7;1,7;1,7;1,6;1,6;1,6;1,7;1,6;1,6;1,6;1,6;1,7;1,8;1,8;1,7;1,6;1,6;1,8;1,8;1,9;1,8;1,8;1,9;2,0;2,0;2,0;2,0
Powiat ciechanowski;071422502000;17,2;17,7;17,9;17,2;16,9;16,7;16,4;16,5;16,5;16,2;16,6;17,4;18,4;18,6;18,3;18,0;17,8;17,3;17,1;17,1;17,1;17,0;17,3;17,3;18,5;18,8;18,8;18,8;18,3;17,8;17,9;17,9;17,5;17,1;17,4;17,4;18,1;18,6;18,2;17,2;17,0;16,6;16,6;16,4;15,8;15,3;15,6;15,9;16,5;17,0;16,4;15,9;15,4;15,1;15,0;14,9;14,8;14,5;14,8;15,2;15,9;16,1;15,7;15,1;14,5;14,2;14,3;13,9;13,3;13,1;13,3;13,1;13,6;13,5;12,7;12,0;11,3;11,0;10,9;11,2;11,0;10,4;10,5;10,9;11,4;11,4;10,9;10,4;10,2;9,7;9,8;9,8;9,6;9,4;9,7;9,9;10,3;10,4;9,7;9,2;8,9;8,8;8,6;8,5;8,4;8,4;8,6;8,9;9,5;9,5;9,1;9,4;9,6;9,6;9,8;9,6;9,3;9,0;9,0;9,4;9,8;9,9;9,8;9,6;9,1;8,6;8,6;8,7;8,4;8,0;8,2;8,8;9,3;9,2;8,7;8,5;8,3;8,2;8,2;8,2;8,0;8,1;8,5;8,3;8,9;8,9;8,5;8,3;8,2;8,0;8,1;7,9;7,7;7,6;7,7;8,0;9,0;8,9;8,4;8,4;8,3;8,1;8,1;8,3;8,2;8,1;8,1;8,3;8,9;8,9;8,8;8,5;8,4;8,4;8,5;8,5;8,5;8,3;8,2;8,3;8,7;8,8;8,6;8,4
Powiat mławski;071422513000;15,0;15,4;15,3;14,6;14,2;13,7;14,2;13,8;13,5;13,3;13,1;13,3;14,5;15,1;15,3;15,1;15,0;15,0;14,7;14,7;14,7;14,6;14,6;15,1;15,9;16,4;16,4;16,2;16,1;15,9;16,0;16,1;15,8;15,2;15,3;15,8;16,5;16,5;16,5;15,9;15,6;15,3;14,7;14,5;14,0;13,2;13,1;12,7;13,3;13,4;13,3;12,8;12,1;11,9;11,7;12,0;12,3;12,1;12,1;12,2;12,7;12,5;12,0;11,4;11,3;10,7;10,6;10,4;10,1;9,3;9,2;9,2;9,5;9,5;9,0;8,6;8,4;8,1;7,9;8,0;7,7;7,4;6,8;7,1;7,4;7,3;7,2;6,9;6,7;6,5;6,6;6,5;6,3;6,0;5,9;5,9;6,4;6,5;6,4;6,3;6,0;5,9;5,8;6,0;5,8;5,6;5,6;5,8;6,2;6,2;6,1;6,5;6,8;6,7;6,8;6,6;6,5;6,2;6,2;6,0;6,4;6,4;6,2;6,1;5,9;5,5;5,6;5,6;5,4;5,3;5,4;5,9;6,2;6,2;5,9;5,6;5,8;5,7;5,8;5,8;5,7;5,7;5,7;5,7;6,4;6,2;6,3;6,1;6,0;6,1;6,1;6,0;6,0;6,0;6,0;5,9;6,4;6,6;6,4;6,2;6,1;6,3;6,2;6,2;6,1;6,0;6,0;6,1;6,5;6,5;6,4;6,2;6,2;6,3;6,6;6,8;7,0;6,7;6,8;6,9;7,2;7,3;7,2;7,1
Powiat płoński;071422520000;17,4;17,7;18,0;17,6;17,1;16,9;16,9;16,7;16,8;16,9;16,8;17,4;18,2;18,5;18,3;18,1;18,0;17,8;17,9;17,8;18,0;17,6;17,8;18,1;19,0;19,3;19,5;19,5;19,1;18,6;18,8;18,7;18,5;18,0;18,0;17,8;18,5;18,7;18,5;17,7;17,5;17,2;17,4;17,2;16,9;16,3;16,1;16,0;16,4;16,3;16,0;15,7;15,3;14,8;14,9;14,9;14,8;14,6;14,5;14,4;14,8;14,9;14,7;14,3;14,0;13,9;13,9;13,9;13,6;13,1;12,8;12,6;12,6;12,2;12,0;11,8;11,4;10,9;11,0;10,9;10,9;10,4;10,4;10,4;10,9;10,6;10,4;10,4;10,4;10,4;10,5;10,4;10,3;10,1;10,2;10,3;10,8;10,5;10,4;10,2;9,9;9,8;9,6;9,6;9,5;9,4;9,1;9,2;9,7;9,6;9,4;9,5;9,8;10,0;10,2;10,3;10,4;10,4;10,5;10,4;10,8;11,0;11,0;10,9;10,8;10,6;10,8;10,8;10,4;10,1;9,4;9,5;9,7;9,6;9,4;9,3;9,2;9,2;9,3;9,4;9,4;9,4;9,4;10,3;10,7;10,6;10,4;10,2;10,1;10,0;9,9;9,9;9,9;9,8;9,9;10,0;10,6;10,4;10,3;10,2;10,2;10,0;9,7;9,8;9,6;9,4;9,5;9,5;10,1;9,9;9,8;9,6;9,7;9,7;10,0;10,3;10,3;10,3;10,2;10,2;10,6;10,8;10,6;10,4
Powiat pułtuski;071422524000;20,4;20,6;20,4;20,4;20,9;20,6;20,5;20,9;20,8;20,6;21,1;21,4;22,1;22,2;21,8;21,5;22,0;21,5;21,9;22,4;22,5;22,4;22,7;23,3;24,1;24,6;24,4;24,5;24,1;23,9;23,9;23,7;23,7;23,5;23,7;23,7;24,5;24,1;23,6;23,0;22,5;22,3;22,4;22,3;22,3;21,9;22,4;22,2;22,7;22,1;21,6;21,4;22,1;21,7;21,9;21,6;21,2;20,8;20,6;20,1;20,4;20,1;20,0;19,6;19,8;19,6;19,4;19,1;18,8;18,8;18,5;17,9;18,1;17,5;17,7;17,2;17,5;17,4;16,5;15,2;14,5;13,6;13,3;13,2;14,0;13,7;13,7;13,6;13,5;12,8;12,4;12,4;12,4;12,1;12,4;12,5;13,3;13,3;13,1;12,7;12,7;12,3;12,0;12,2;12,1;11,9;11,9;12,0;12,7;12,9;12,6;13,0;13,3;13,5;13,4;13,2;13,1;13,0;13,0;13,0;13,4;13,3;13,3;13,2;13,2;13,2;13,0;12,8;12,8;12,8;12,8;15,1;15,6;15,6;15,7;15,7;15,9;15,6;15,3;15,6;15,6;15,2;14,6;14,1;15,0;15,3;14,2;13,3;12,8;12,7;12,9;13,0;13,6;13,5;13,2;13,4;14,4;14,1;14,0;14,0;13,6;13,2;12,8;13,3;13,2;13,1;12,9;13,2;14,3;13,8;13,5;13,1;13,0;13,2;13,3;13,4;13,6;14,0;14,1;14,3;15,2;15,0;15,0;14,8
Powiat żuromiński;071422537000;22,3;22,7;22,5;21,4;21,4;21,4;21,8;21,5;21,7;21,8;22,2;22,8;23,7;23,6;23,4;23,2;22,6;22,3;22,4;22,8;22,6;22,6;23,1;23,3;24,3;24,0;23,9;23,9;23,6;23,0;23,0;22,6;22,6;22,5;22,7;23,8;24,4;24,2;23,4;22,7;21,9;21,4;21,4;21,1;21,0;20,6;21,1;21,5;22,5;22,0;21,9;21,5;20,6;19,5;19,3;19,3;19,2;19,0;19,4;19,7;20,3;20,0;19,6;18,5;18,3;18,1;18,1;17,8;17,4;17,0;17,3;17,3;17,9;17,4;16,8;16,2;15,6;15,3;15,3;15,5;15,4;14,8;14,9;15,3;15,9;15,8;15,3;14,8;14,3;14,0;14,2;14,2;14,2;14,1;14,3;14,9;15,5;15,2;14,7;14,2;13,9;13,7;13,8;14,1;14,1;14,0;14,4;14,5;15,0;14,9;14,6;14,7;15,0;15,1;14,8;14,7;14,2;14,1;14,1;14,2;14,6;14,5;14,1;13,9;14,0;13,7;13,9;13,8;13,3;12,8;13,4;17,1;17,7;17,5;16,7;16,4;16,1;15,8;16,0;16,0;16,1;16,0;16,8;15,0;15,8;15,4;14,8;14,2;13,8;13,6;13,9;13,7;13,5;13,4;13,9;14,0;14,8;14,3;13,8;13,4;13,2;13,1;13,0;13,5;13,3;13,1;13,2;13,6;14,4;14,3;13,9;13,4;13,6;13,8;14,4;14,5;14,4;14,4;14,8;14,6;15,1;15,0;14,7;14,3
Powiat makowski;071422611000;22,7;24,1;24,9;24,4;25,1;24,1;24,0;24,1;24,1;24,6;24,9;24,9;25,4;24,9;24,2;24,3;24,7;24,3;24,6;25,0;25,3;25,5;25,5;25,6;26,0;25,9;25,9;25,8;25,8;25,2;25,3;25,4;25,8;25,8;25,9;25,6;25,8;25,4;25,0;24,8;24,3;23,7;23,5;23,8;23,8;23,4;23,2;22,9;23,3;23,1;22,9;22,6;23,0;22,7;22,3;22,5;22,1;21,0;21,2;20,7;21,5;21,6;20,8;20,1;20,2;19,6;19,5;20,0;20,1;19,6;19,4;19,1;19,6;19,6;18,7;18,5;18,5;18,3;18,5;18,5;18,1;17,8;18,2;18,6;18,7;18,1;17,9;17,8;17,3;17,1;16,7;16,8;16,5;16,3;16,5;16,3;16,9;16,7;16,2;16,0;15,9;15,6;15,5;15,6;15,5;15,4;15,4;15,4;16,1;15,9;15,7;15,7;15,6;15,6;15,6;15,5;15,6;15,8;15,9;16,1;16,7;16,3;15,5;15,2;15,1;14,9;15,0;15,5;16,0;15,9;15,8;18,8;19,8;19,7;18,5;18,3;17,9;17,5;17,4;16,7;17,0;16,9;16,7;16,4;17,0;16,7;15,9;15,8;15,8;15,7;15,9;15,9;16,2;16,0;16,1;16,4;17,7;17,3;16,5;16,2;16,2;16,3;15,6;16,1;15,9;15,7;15,6;16,0;16,5;16,3;15,7;15,5;15,3;15,5;15,5;16,1;16,0;15,7;15,9;16,1;17,0;16,9;16,9;16,9
Powiat ostrołęcki;071422615000;18,6;19,2;19,3;19,0;18,2;17,8;17,6;17,3;17,4;17,5;18,0;18,2;18,8;19,1;19,1;18,7;18,1;17,7;17,8;18,0;18,0;18,4;18,7;18,7;19,4;19,9;19,9;19,6;18,8;18,2;18,4;18,5;18,5;18,4;18,8;18,4;19,2;19,6;19,0;18,0;17,4;16,9;17,0;17,1;17,1;17,0;17,1;17,0;17,5;17,6;17,2;16,8;16,0;14,8;14,8;14,7;14,8;14,8;14,9;15,2;16,1;16,4;15,8;15,1;14,3;13,9;14,0;14,1;14,2;14,2;14,1;14,2;14,6;14,5;14,1;13,4;12,8;12,3;12,4;12,4;12,3;12,0;11,9;11,8;12,2;12,3;11,8;11,3;10,9;10,5;10,6;10,5;10,4;10,2;10,2;10,1;10,5;10,6;10,5;9,8;9,5;9,4;9,4;9,4;9,2;9,2;9,1;9,0;9,5;9,7;9,4;9,7;10,0;9,9;9,8;9,8;9,6;9,6;9,6;9,7;9,9;10,1;9,5;9,5;9,2;9,1;9,0;9,0;9,0;9,0;9,0;11,5;11,7;11,6;11,7;11,4;11,1;10,8;10,7;10,7;10,7;10,7;10,6;9,1;9,7;9,8;9,6;9,3;9,1;9,0;9,1;9,1;9,2;9,2;9,1;9,4;10,0;10,0;9,5;9,2;9,0;8,9;8,8;8,9;9,0;8,9;8,8;8,9;9,5;9,7;9,6;9,0;8,9;8,8;9,3;9,4;9,3;9,2;9,2;9,3;9,6;9,8;9,6;9,2
Powiat ostrowski;071422616000;18,3;18,7;18,7;18,5;18,4;18,2;17,9;17,8;17,5;17,5;17,4;17,2;17,9;18,1;18,1;18,2;18,0;17,4;17,4;17,4;17,7;17,9;17,9;18,2;18,9;19,4;19,6;19,3;19,1;18,4;18,4;18,2;18,0;17,7;17,7;17,4;18,0;17,9;17,4;17,1;16,4;15,8;15,4;15,2;14,9;14,4;14,6;14,5;15,2;15,3;14,9;14,6;14,2;13,7;13,5;13,2;13,3;13,2;12,8;12,5;13,3;13,5;13,5;13,0;12,9;12,4;12,5;12,3;12,0;11,9;11,6;11,7;12,2;12,2;12,1;11,5;11,3;10,7;10,7;10,4;10,4;9,9;9,9;9,5;9,9;10,1;10,1;9,9;9,6;9,0;9,0;8,9;8,6;8,5;8,4;8,5;9,2;9,3;9,1;8,9;8,8;8,5;8,6;8,5;8,4;8,2;8,0;8,0;8,5;8,6;8,5;8,8;9,4;9,5;9,6;9,6;9,5;9,5;9,5;9,4;9,5;9,6;9,4;9,2;9,2;9,0;8,9;8,9;8,8;8,7;8,5;9,8;10,1;10,1;10,2;9,9;10,0;9,8;9,8;9,8;9,9;9,7;9,6;8,9;9,4;9,3;9,2;8,9;8,8;8,8;8,8;8,8;9,0;8,7;8,7;8,7;9,2;9,4;9,2;9,2;9,2;9,2;9,1;9,2;9,0;8,8;8,8;8,6;9,1;9,1;9,0;8,7;8,6;8,9;9,1;9,3;9,2;9,1;9,0;8,9;9,3;9,3;9,2;9,1
Powiat przasnyski;071422622000;16,0;16,2;16,2;15,8;15,2;15,2;15,3;15,4;15,1;15,0;15,3;16,1;16,8;17,0;16,8;15,9;15,7;15,4;15,3;15,6;15,6;16,0;16,3;16,8;17,7;18,0;18,1;17,7;17,3;16,8;17,1;17,1;17,1;16,9;17,2;17,5;17,9;18,0;17,6;17,0;16,4;15,9;15,7;15,4;15,1;15,1;15,4;15,5;16,2;15,9;15,4;14,8;14,3;14,1;14,0;13,9;13,6;13,2;13,5;13,8;14,2;14,1;13,8;13,1;12,7;12,3;12,4;12,4;12,1;12,0;11,8;12,0;12,2;12,2;11,8;11,2;10,9;10,4;10,4;10,3;10,0;9,5;9,5;9,8;10,2;9,9;9,7;9,5;9,2;9,2;9,3;9,7;9,4;9,1;9,2;9,6;9,8;9,5;9,1;8,7;8,4;8,3;8,2;8,3;8,1;8,0;8,3;8,5;8,9;8,9;8,8;9,2;9,6;9,6;9,6;9,6;9,4;9,2;9,2;9,5;9,5;9,4;9,2;8,9;8,7;8,6;8,6;8,5;8,3;8,3;8,1;9,4;9,5;9,5;9,1;8,9;8,8;8,7;8,9;9,1;9,1;9,1;9,1;9,0;9,3;9,4;9,0;8,9;8,7;8,7;8,8;8,9;8,9;9,0;9,0;9,4;9,8;9,6;9,3;9,1;9,1;9,0;8,8;9,1;9,1;9,0;9,0;9,2;9,8;9,7;9,5;9,2;9,1;9,1;9,4;9,8;9,7;9,8;9,7;10,0;10,3;10,2;9,9;9,7
Powiat wyszkowski;071422635000;16,2;16,5;16,8;16,4;16,5;15,0;14,9;14,8;14,8;14,8;14,9;14,9;15,5;15,5;15,3;15,3;15,5;15,2;14,9;15,0;15,0;14,9;14,9;15,1;16,5;17,2;16,8;16,6;16,5;15,8;15,6;15,3;15,3;14,9;14,7;14,0;14,9;15,0;14,4;12,9;12,6;12,2;11,6;11,3;11,2;11,1;10,7;10,6;11,6;11,6;10,8;10,8;10,6;9,5;9,3;9,2;8,9;8,5;8,5;8,3;9,0;9,1;9,4;9,3;8,8;8,0;7,8;7,5;7,4;7,5;7,1;6,9;7,2;7,2;6,7;6,6;6,1;5,7;5,8;5,8;5,4;5,4;5,4;5,3;6,1;5,8;5,3;5,1;5,1;4,3;4,3;4,1;4,1;4,0;4,2;4,3;4,6;4,5;4,1;4,2;3,6;3,2;2,9;3,0;3,1;3,3;3,3;3,2;3,8;3,5;3,4;3,8;4,3;4,8;4,9;4,8;4,9;4,9;5,0;5,1;5,2;5,4;5,0;4,8;4,2;4,1;3,8;3,8;3,5;3,4;3,2;3,8;4,2;4,2;4,1;4,0;3,7;3,5;3,5;3,6;3,4;3,5;3,5;3,6;4,0;3,9;3,7;3,6;3,4;3,4;3,5;3,4;3,5;3,3;3,5;3,4;3,6;3,7;3,5;3,3;3,2;2,9;3,0;3,0;3,2;3,3;3,2;3,4;3,7;3,9;3,6;3,3;3,1;3,4;3,7;4,2;4,4;4,4;4,4;4,4;4,8;4,7;4,9;4,9
Powiat m. Ostrołęka;071422661000;15,9;16,1;16,3;16,1;15,5;14,9;14,9;14,9;14,9;14,9;14,9;15,3;15,7;16,2;16,1;16,0;15,4;15,1;14,9;15,0;15,0;15,0;15,2;15,7;16,3;16,7;16,8;16,4;15,9;15,5;15,7;15,6;15,5;15,4;15,6;16,0;16,6;16,8;16,4;15,8;15,3;14,9;14,8;14,8;14,7;14,7;14,6;14,9;15,6;15,8;15,6;15,3;14,7;13,9;13,7;13,7;13,5;13,2;13,3;13,3;14,0;14,2;13,7;13,1;12,7;12,5;12,4;12,6;12,7;12,5;12,5;12,5;12,7;12,8;12,4;12,0;11,5;11,1;10,9;10,9;11,0;10,5;10,4;10,2;10,5;10,4;10,1;9,8;9,4;9,2;9,1;9,2;9,0;8,8;8,8;9,1;9,4;9,4;9,2;8,8;8,6;8,4;8,4;8,4;8,1;8,0;8,1;8,2;8,7;8,6;8,5;8,9;9,1;9,0;9,0;8,9;9,1;8,9;8,9;9,3;9,5;9,5;9,1;9,2;8,8;8,5;8,3;8,1;7,9;7,9;8,0;8,2;8,3;8,3;8,3;8,1;7,9;7,7;7,5;7,5;7,5;7,4;7,4;7,6;7,9;8,2;8,0;7,8;7,5;7,4;7,3;7,3;7,3;7,2;7,3;7,7;8,2;8,4;7,9;7,7;7,5;7,5;7,1;7,4;7,2;7,3;7,0;6,9;7,2;7,4;7,5;7,2;7,0;7,1;7,4;7,6;7,6;7,5;7,5;7,5;8,0;8,1;7,9;7,6
Powiat białobrzeski;071422701000;15,7;15,8;15,9;14,8;14,4;13,8;13,8;13,6;14,0;14,5;15,0;15,4;16,3;16,4;16,1;15,8;15,3;14,8;14,8;15,2;15,4;15,3;16,0;17,0;17,5;17,6;17,4;16,2;15,7;15,3;15,3;15,0;14,8;15,0;15,1;15,2;16,1;15,3;14,0;13,6;13,3;13,1;13,0;12,8;12,7;12,5;12,7;12,9;13,7;13,1;12,9;12,3;11,6;10,9;10,7;10,4;10,6;10,6;10,8;10,9;11,8;12,1;11,6;10,8;10,4;10,0;9,9;10,0;9,7;9,6;9,9;10,1;10,6;10,1;9,9;9,6;9,0;8,4;8,4;8,4;8,2;7,9;7,8;8,1;8,8;8,2;8,1;7,9;7,6;7,4;7,2;7,1;7,1;7,2;7,5;7,6;8,3;8,0;7,6;7,2;7,1;7,1;6,8;6,7;7,0;6,8;7,1;7,4;7,8;7,8;8,0;8,3;8,3;8,4;8,5;8,4;8,3;8,2;8,4;8,6;9,0;8,8;8,6;8,4;8,2;7,9;7,7;7,7;7,4;7,4;7,3;9,1;10,0;9,5;9,1;9,0;8,7;8,0;8,0;7,9;8,0;7,7;8,1;7,7;8,4;8,1;7,9;7,5;7,5;7,7;8,0;7,5;7,6;7,2;7,0;7,4;8,1;8,7;7,9;8,0;7,4;7,0;6,9;7,0;7,2;7,2;7,2;7,8;8,1;8,3;8,1;7,8;7,3;7,5;7,9;7,8;8,0;7,7;7,9;8,0;8,2;8,5;8,5;8,3
Powiat kozienicki;071422707000;18,6;19,0;19,0;18,4;18,0;17,2;17,3;16,8;17,0;17,1;17,4;18,4;18,9;19,4;19,4;18,7;17,8;17,2;17,1;17,3;17,4;17,6;18,3;19,1;20,1;20,5;20,5;19,6;19,1;18,5;18,1;17,8;18,1;18,2;18,5;19,2;20,2;20,1;19,6;18,4;17,5;16,7;16,6;16,3;16,2;15,9;16,3;16,6;17,3;17,0;16,7;16,0;15,0;14,4;14,1;13,6;13,3;13,3;13,6;13,9;14,7;14,6;14,4;13,7;13,4;13,2;12,8;12,8;12,4;12,3;12,5;12,8;13,4;13,2;12,8;12,3;11,8;11,4;11,5;11,4;11,5;10,8;10,7;11,3;11,8;11,7;11,4;10,7;10,2;10,2;10,2;10,0;9,9;9,9;10,4;10,9;11,3;11,2;10,8;10,2;9,7;9,6;9,5;9,4;9,2;9,3;9,7;10,0;10,4;10,5;10,1;10,4;10,6;10,5;10,6;10,5;10,5;10,6;10,6;10,9;11,4;11,5;11,3;10,9;10,7;10,5;10,6;10,4;10,0;9,8;9,7;11,8;12,3;12,0;12,1;11,6;11,4;10,9;10,8;10,5;10,1;10,1;10,1;10,3;10,8;11,0;10,4;10,2;9,9;9,8;9,8;9,7;9,7;9,7;9,6;9,8;10,1;10,4;10,1;9,8;9,7;9,4;9,5;9,6;9,4;9,1;9,3;9,5;10,0;10,0;9,8;9,2;9,1;9,0;9,5;9,7;9,5;9,5;9,5;9,5;10,0;9,8;9,7;9,4
Powiat lipski;071422709000;16,2;16,5;16,6;15,7;15,4;14,6;14,1;14,1;14,3;14,6;15,0;15,8;16,7;16,9;16,6;16,1;15,3;14,9;14,9;15,1;15,3;15,5;16,2;17,0;17,5;17,3;17,0;16,4;16,0;15,5;15,8;15,4;15,3;15,5;16,3;16,7;17,5;16,9;16,0;15,3;14,8;14,2;14,1;14,0;14,1;14,3;14,6;15,3;16,2;16,1;15,3;14,7;13,8;13,1;13,2;13,0;12,5;12,5;12,8;13,7;14,4;14,4;13,9;12,7;12,4;12,2;12,1;12,2;11,7;11,8;12,1;12,6;13,2;13,2;12,6;11,4;11,1;10,6;11,1;11,2;10,7;10,3;10,8;11,1;11,5;11,5;11,2;10,5;10,1;9,7;10,0;10,0;9,5;9,3;9,4;9,9;10,4;10,5;10,0;9,7;9,4;9,1;9,2;9,4;9,1;8,9;9,3;9,8;10,3;10,1;9,6;9,9;10,0;10,1;10,2;10,3;10,1;10,0;10,4;10,6;11,1;10,9;10,5;10,2;10,1;9,8;9,8;9,8;9,6;9,3;9,3;13,2;13,6;13,4;13,3;13,0;12,8;12,4;12,4;12,2;12,0;11,8;12,1;12,7;13,8;13,3;12,7;12,4;12,3;12,3;12,4;12,3;11,9;11,9;12,0;12,9;13,6;13,2;12,6;12,5;12,2;12,2;11,9;12,4;12,0;11,8;12,2;12,9;13,7;13,2;12,6;12,1;11,7;11,9;12,4;12,5;12,6;12,4;12,7;12,9;13,5;13,1;12,9;12,7
Powiat przysuski;071422723000;27,4;27,9;28,0;26,9;26,6;26,7;26,5;25,9;26,1;25,8;26,0;26,6;27,2;27,5;26,7;26,4;26,2;25,9;26,1;26,3;26,2;25,9;26,4;27,8;28,6;28,5;27,8;27,4;27,0;26,8;26,9;26,9;27,1;26,8;27,2;27,4;27,9;27,8;26,9;26,3;25,7;25,3;25,1;25,3;25,1;24,5;25,0;24,4;24,9;25,0;24,2;23,7;23,5;23,3;23,2;23,0;23,1;23,1;23,5;23,7;23,9;23,9;23,0;22,6;22,6;22,2;22,3;22,0;22,0;21,3;21,4;21,9;22,1;21,7;21,0;20,3;20,2;19,8;20,1;19,8;19,6;18,8;19,0;19,4;19,8;19,4;19,1;18,8;18,8;18,6;18,5;18,3;18,4;17,8;18,7;18,4;18,8;18,5;18,0;17,8;17,8;17,7;17,8;18,1;17,9;17,5;17,5;17,6;18,2;17,6;17,3;17,6;17,6;17,3;17,5;17,0;16,8;16,6;17,2;17,1;17,3;17,0;16,5;16,2;16,0;15,7;15,9;15,9;15,3;14,9;15,0;19,3;19,9;19,6;19,3;18,7;18,5;18,1;18,2;18,2;17,6;17,5;17,8;19,7;21,0;20,5;19,5;19,2;19,0;18,8;19,7;19,4;18,8;18,6;18,6;18,6;19,6;19,1;18,4;18,0;18,0;18,0;18,7;18,5;18,0;17,7;17,5;18,0;19,2;18,9;18,6;18,1;17,9;17,9;18,3;18,5;18,3;17,7;17,9;18,3;19,0;18,9;18,5;18,3
Powiat radomski;071422725000;31,6;31,7;31,3;30,5;29,8;29,2;28,8;28,7;29,0;28,9;29,2;29,6;30,6;30,7;30,4;29,9;29,8;29,1;29,1;29,3;29,5;29,9;30,2;30,3;31,3;31,2;31,1;30,9;30,2;29,5;29,6;29,7;29,5;29,3;29,7;30,4;31,3;31,1;30,3;29,7;29,0;28,6;28,3;28,1;27,9;27,3;27,2;27,0;27,7;27,4;26,8;26,4;25,8;25,5;25,4;25,3;25,3;24,9;25,1;25,1;25,7;25,4;24,9;24,4;23,8;23,2;22,8;22,6;22,3;22,0;22,0;22,0;22,5;22,3;21,5;20,8;20,4;20,0;19,9;19,9;19,6;19,0;18,8;18,7;19,4;19,1;18,6;18,1;17,8;17,5;17,4;17,3;17,3;17,1;17,3;17,4;17,8;17,7;17,2;16,9;16,6;16,4;16,2;16,3;16,2;15,9;16,0;16,5;17,1;17,1;16,9;17,4;18,0;18,2;18,2;18,1;17,9;17,5;17,5;17,6;18,0;18,0;17,5;17,2;16,8;16,6;16,4;16,2;15,7;15,4;15,2;19,0;19,4;19,2;18,9;18,5;18,1;17,5;17,5;17,4;17,3;17,0;17,0;16,4;17,1;17,0;16,6;16,5;16,3;16,2;16,3;16,2;16,2;16,4;16,3;16,3;17,0;17,0;16,6;16,3;16,1;15,9;16,1;16,1;16,2;16,0;15,9;16,1;16,8;16,8;16,6;16,4;16,2;16,3;16,8;17,1;16,8;16,8;16,7;16,8;17,4;17,4;17,3;17,0
Powiat szydłowiecki;071422730000;36,8;37,5;37,8;36,4;35,2;34,8;35,1;35,3;35,4;35,6;36,3;37,1;37,8;38,2;37,6;36,7;36,0;35,4;35,6;35,8;36,2;36,1;36,9;38,0;39,0;39,3;39,1;38,4;37,7;37,3;37,5;37,7;37,9;38,1;38,6;38,7;39,3;39,2;38,5;37,5;36,3;35,8;35,6;35,3;35,3;34,7;34,5;34,4;34,9;34,8;34,1;33,7;32,5;31,8;31,5;31,7;31,5;30,9;31,2;30,8;31,2;31,2;30,5;29,4;28,9;28,0;27,8;27,5;27,5;27,3;27,9;28,5;28,9;28,5;27,8;26,9;26,4;25,6;25,5;25,6;25,9;25,6;25,6;25,7;26,5;26,3;25,8;24,7;23,9;23,3;23,4;23,7;23,3;23,1;23,7;24,3;25,1;24,8;24,3;23,3;23,2;22,4;22,6;22,9;22,2;22,0;22,4;23,3;24,2;24,2;24,0;24,1;24,1;24,6;24,8;24,6;24,1;24,0;24,0;23,7;24,8;24,6;23,9;23,3;23,1;22,8;22,8;22,8;22,6;22,1;22,2;26,3;26,8;26,5;26,0;25,6;25,4;25,0;25,1;25,3;24,9;25,0;24,8;24,6;25,7;25,7;24,6;24,4;24,1;24,0;24,2;24,5;24,4;24,1;24,0;24,1;25,3;25,1;24,2;23,6;23,2;22,9;23,3;23,5;23,3;23,1;23,1;23,5;24,5;23,9;23,0;22,3;22,0;21,9;22,3;22,7;22,0;21,9;21,8;22,1;23,2;23,2;22,7;22,5
Powiat zwoleński;071422736000;21,6;21,9;21,6;20,3;19,1;18,7;18,7;18,4;18,3;18,8;19,7;20,3;21,5;21,9;22,1;21,3;20,3;20,0;20,0;19,9;20,1;20,3;21,2;21,9;22,6;22,6;22,2;21,6;21,2;20,7;20,8;20,7;20,9;21,1;21,5;22,7;23,2;22,5;21,4;20,9;20,1;19,4;19,1;18,9;18,9;19,1;19,3;20,5;21,4;21,4;20,6;19,7;18,8;18,1;17,9;17,7;17,9;17,8;18,2;18,8;19,2;18,9;18,2;17,0;16,3;15,5;15,6;15,1;14,8;14,6;14,9;15,2;15,2;14,8;14,0;13,1;12,2;11,8;11,6;11,7;11,7;11,3;11,2;11,9;12,5;12,4;12,0;11,5;10,8;10,3;10,0;9,8;10,0;10,0;10,4;10,8;11,3;11,1;10,6;9,8;9,5;9,2;9,1;9,1;9,1;9,1;9,3;9,7;10,9;10,5;10,1;10,5;10,7;10,8;11,0;11,1;11,1;11,1;11,3;11,9;12,4;12,2;11,8;11,3;11,2;11,1;11,0;10,9;10,6;10,5;10,6;13,9;14,5;14,0;13,4;13,2;12,5;12,3;12,2;12,3;12,6;12,4;12,7;13,0;13,1;12,5;12,1;11,9;11,6;11,6;11,3;11,0;11,0;11,0;11,4;12,4;13,1;12,7;12,0;11,4;11,0;10,9;10,8;11,3;11,6;11,6;11,8;12,8;13,6;13,2;12,6;11,7;11,3;11,3;11,7;12,1;12,3;12,3;12,2;12,8;13,8;13,6;13,2;13,2
Powiat m. Radom;071422763000;22,9;23,0;22,9;22,2;21,6;21,3;20,8;20,7;20,7;20,5;20,7;21,7;22,4;22,6;22,3;22,2;22,2;21,6;21,8;21,9;21,8;22,0;22,2;22,6;23,4;23,6;23,7;23,7;23,2;22,7;22,6;22,6;22,2;22,2;22,5;22,8;23,2;23,2;22,7;22,3;21,9;21,6;21,4;21,2;20,9;20,3;20,2;20,2;20,6;20,5;20,1;19,8;19,3;19,2;18,8;19,1;18,8;18,6;18,6;18,4;18,7;18,6;18,4;18,1;17,9;17,3;17,0;16,7;16,4;16,1;16,0;15,9;16,1;16,0;15,7;15,2;14,9;14,6;14,4;14,3;13,9;13,2;13,2;13,2;13,6;13,3;13,0;12,8;12,5;12,3;12,2;12,1;12,1;11,8;11,9;12,1;12,3;12,1;12,0;11,7;11,5;11,4;11,2;11,2;11,0;10,8;11,0;11,3;11,7;11,4;11,3;11,8;12,3;12,6;12,7;12,8;12,5;12,3;12,2;12,5;12,8;12,6;12,3;12,2;11,8;11,6;11,4;11,0;10,6;10,4;10,3;10,5;10,7;10,7;10,4;10,2;9,9;9,6;9,4;9,4;9,3;9,0;9,1;9,4;9,9;9,8;9,6;9,5;9,3;9,3;9,3;9,3;9,4;9,4;9,3;9,4;9,9;9,8;9,7;9,6;9,5;9,4;9,5;9,7;9,5;9,4;9,4;9,6;10,0;9,9;9,8;9,7;9,7;9,6;10,0;10,3;10,1;10,0;10,0;10,2;10,5;10,7;10,8;10,8
Powiat gostyniński;071427004000;21,8;22,3;22,3;21,8;20,1;19,2;19,0;18,9;18,9;18,8;19,7;20,5;21,9;22,7;22,8;22,1;21,4;20,8;20,9;21,0;21,0;21,1;21,9;23,2;24,4;24,9;24,7;23,9;23,1;22,4;22,4;22,7;22,5;22,3;22,8;23,9;24,7;24,4;23,7;23,2;22,2;21,3;21,1;21,1;21,4;20,7;21,0;21,6;22,3;22,6;21,7;20,6;19,2;18,5;18,2;18,2;18,0;17,8;18,4;18,7;19,5;19,8;19,4;18,5;18,0;17,8;17,4;17,5;17,2;17,1;17,7;18,5;19,3;19,1;18,4;17,3;16,7;16,2;16,0;16,2;15,8;15,4;15,9;16,4;16,7;16,6;16,2;15,2;14,5;13,9;13,8;13,9;13,6;13,3;13,8;14,5;14,9;14,9;14,3;13,6;12,7;11,7;11,3;11,0;11,0;10,8;11,1;12,0;12,9;12,8;12,6;12,8;12,9;12,7;12,8;13,0;13,0;13,2;13,4;13,7;14,3;14,3;13,8;13,2;12,9;12,7;12,3;12,0;11,8;11,4;11,5;13,2;14,0;13,7;13,0;12,0;11,6;11,1;10,8;10,9;11,1;11,2;11,1;11,8;12,6;12,5;11,8;11,4;11,4;11,2;11,0;11,2;11,2;11,2;11,3;11,8;12,6;12,9;11,7;11,0;10,8;10,7;10,7;11,1;11,2;10,8;10,8;11,2;11,8;12,0;11,0;10,4;10,3;10,4;10,8;11,0;11,2;11,3;11,6;12,2;12,7;12,7;12,7;12,6
Powiat płocki;071427019000;21,7;22,1;22,5;21,7;21,2;20,5;20,4;19,9;19,7;19,7;20,1;20,6;21,7;22,2;21,8;21,1;20,3;19,7;19,5;19,7;19,7;19,8;20,5;21,1;22,9;23,5;23,2;22,1;21,7;21,2;21,1;20,8;20,9;21,1;21,4;21,8;23,1;23,3;22,6;21,4;20,7;20,4;20,1;19,5;19,0;18,6;19,0;19,4;20,6;20,7;19,8;19,0;18,3;17,6;17,3;17,3;17,4;17,1;17,2;16,9;17,7;18,0;17,4;16,6;16,2;15,8;15,3;15,2;15,0;14,7;14,8;15,1;16,1;16,0;15,2;14,2;13,7;13,2;12,9;12,9;12,7;12,6;12,8;12,9;13,5;13,6;13,0;12,3;11,9;11,7;11,7;11,5;11,2;11,1;11,3;11,6;12,3;12,5;12,3;11,6;11,2;10,8;10,6;10,3;10,2;9,9;10,0;10,2;10,9;10,9;10,7;11,1;11,5;11,5;11,3;11,1;11,1;11,1;11,1;11,4;11,9;12,2;11,8;11,2;11,0;10,7;10,6;10,5;10,4;10,4;10,4;13,0;13,5;13,6;12,9;12,6;12,3;12,1;11,9;11,7;11,5;11,4;11,3;10,6;11,1;11,3;10,6;10,3;9,8;9,7;9,8;9,7;9,7;9,6;9,5;9,6;10,4;10,6;10,2;9,7;9,6;9,4;9,7;9,8;10,0;9,9;9,9;9,7;10,5;10,7;10,3;9,6;9,4;9,5;10,0;10,1;10,0;10,2;10,0;10,3;10,5;10,8;10,6;10,5
Powiat sierpecki;071427027000;22,2;22,6;22,6;22,1;21,9;21,8;22,0;22,0;22,2;22,0;22,5;23,2;24,2;24,7;24,2;24,0;23,4;22,8;23,0;23,4;23,2;23,7;24,3;25,0;26,1;26,4;26,4;25,5;24,7;24,0;24,3;24,2;24,2;24,4;24,8;24,7;25,5;25,4;25,0;23,8;23,0;22,5;22,7;22,8;22,8;22,5;22,6;22,8;23,6;23,7;23,3;22,4;22,0;21,0;21,0;20,9;20,7;20,8;20,6;20,6;21,5;21,9;21,6;20,9;20,4;19,9;20,0;20,1;19,9;20,0;20,0;19,4;19,9;20,1;19,5;18,8;18,0;17,3;17,4;17,6;17,2;16,8;17,0;17,4;17,9;18,1;17,7;17,4;16,5;16,2;16,3;15,9;16,0;15,7;16,2;16,6;17,2;16,9;16,4;16,0;15,3;14,8;14,7;14,7;14,4;14,5;14,8;15,0;15,4;15,2;14,8;15,2;15,6;15,1;15,1;15,4;14,8;15,0;15,0;15,3;15,4;15,2;14,9;14,5;14,1;13,0;12,7;12,4;12,2;12,0;12,4;14,7;15,0;14,4;13,9;13,1;13,0;12,4;12,2;12,4;12,0;11,6;11,9;11,5;12,0;12,1;11,6;11,2;11,2;10,6;10,7;10,8;10,6;10,7;11,0;11,6;12,4;12,4;12,0;11,1;10,8;10,6;10,9;11,1;11,0;10,9;11,3;11,8;12,4;12,7;12,3;11,5;11,5;11,4;11,6;11,7;11,7;12,1;12,1;12,5;12,7;12,8;12,6;12,5
Powiat m. Płock;071427062000;12,1;12,7;13,0;13,0;12,6;11,9;11,7;11,6;11,4;11,3;11,4;11,8;12,7;13,1;13,1;12,7;12,5;12,0;11,9;11,9;12,1;12,0;12,3;12,8;13,9;14,2;13,9;13,8;13,5;13,3;13,1;13,0;13,0;12,9;12,9;13,0;13,9;14,2;13,5;13,0;12,2;12,0;11,9;11,8;11,7;11,6;11,6;12,0;12,8;13,1;12,6;12,3;11,6;11,0;10,7;10,6;10,4;10,2;10,2;10,3;10,8;10,9;10,5;10,2;9,7;9,2;9,0;9,0;8,8;8,6;8,5;8,6;9,0;9,0;8,6;8,2;8,0;7,8;7,8;7,8;7,6;7,3;7,2;7,3;7,6;7,5;7,4;7,1;6,9;6,7;6,8;6,9;6,7;6,7;6,7;6,8;7,3;7,2;6,9;6,6;6,3;6,1;6,1;6,1;6,0;5,9;6,0;6,1;6,6;6,6;6,4;6,8;7,1;7,1;7,1;7,1;7,1;6,9;6,9;6,9;7,3;7,3;7,0;6,8;6,7;6,6;6,5;6,4;6,3;6,2;6,0;6,1;6,4;6,5;6,2;6,2;6,1;6,1;6,0;6,0;5,9;5,8;5,8;6,0;6,4;6,5;6,2;6,1;5,9;5,8;5,8;5,7;5,7;5,7;5,5;5,4;5,7;5,6;5,4;5,3;5,2;5,1;5,4;5,4;5,2;5,1;5,1;5,0;5,3;5,4;5,2;5,0;5,0;5,1;5,4;5,6;5,5;5,3;5,3;5,3;5,5;5,6;5,5;5,4
Powiat garwoliński;071427103000;12,7;13,0;13,2;12,6;12,0;11,7;11,7;11,6;11,9;12,0;12,0;12,5;13,3;13,7;14,0;13,5;13,3;13,0;13,1;13,4;13,5;13,9;13,9;14,5;15,4;15,9;15,6;15,3;15,1;14,8;15,0;14,9;15,2;15,1;15,2;15,5;16,2;16,2;15,6;15,2;14,9;14,7;14,5;14,4;14,6;14,6;14,3;14,5;15,1;15,1;14,8;14,3;14,1;13,7;13,4;13,2;13,3;13,1;13,2;13,3;13,7;13,8;13,4;13,1;12,7;12,5;12,0;11,8;11,7;11,5;11,4;11,3;11,6;11,2;10,8;10,4;10,2;10,0;10,1;10,0;10,0;9,7;9,8;9,9;10,3;10,3;9,9;9,5;9,3;9,1;8,9;8,8;8,8;8,8;8,8;9,1;9,5;9,2;8,9;8,7;8,6;8,3;8,3;8,3;8,3;8,2;8,2;8,4;8,8;8,6;8,5;8,8;9,1;9,3;9,1;9,3;9,2;9,3;9,3;9,4;9,6;9,7;9,6;9,5;9,3;9,1;9,2;9,2;9,3;9,0;9,0;10,5;10,7;10,5;10,6;10,4;10,2;10,0;10,0;10,2;10,3;10,2;10,2;9,9;10,2;9,9;9,6;9,5;9,3;9,2;9,1;9,2;9,2;9,2;8,9;9,0;9,5;9,2;9,1;8,9;8,9;8,5;8,6;8,8;8,9;8,6;8,5;8,6;9,0;9,1;8,8;8,6;8,3;8,2;8,5;8,8;9,2;9,0;9,0;9,1;9,5;9,5;9,5;9,1
Powiat łosicki;071427110000;12,2;12,6;12,8;12,4;11,6;11,0;11,1;11,1;11,2;11,2;11,8;11,8;12,6;12,8;12,6;11,9;11,3;11,1;10,9;11,1;10,8;11,4;11,8;12,4;13,4;13,5;12,9;12,3;12,3;12,0;11,7;11,6;11,6;11,6;11,8;12,0;12,4;12,0;11,6;10,5;9,9;10,0;10,1;10,2;10,2;10,1;10,8;11,3;12,0;11,6;11,6;10,8;9,9;9,3;9,3;9,4;9,3;9,4;9,7;10,1;10,5;10,6;10,4;9,5;8,7;8,3;8,2;8,4;8,0;7,6;7,9;8,2;8,5;8,5;8,0;7,2;6,7;6,4;6,6;6,5;6,1;6,1;6,3;6,3;6,6;6,6;6,3;5,8;5,5;5,1;5,2;5,2;5,0;5,3;5,5;5,6;6,0;5,9;5,7;5,2;4,9;4,5;4,6;4,3;4,0;3,9;4,2;4,2;4,4;4,5;4,4;4,6;4,7;4,6;4,6;4,5;4,7;4,7;4,8;5,0;5,2;5,4;5,4;5,1;5,0;4,9;5,0;4,9;4,8;4,7;4,9;6,6;6,6;6,7;6,7;6,2;6,0;5,7;5,5;5,3;5,3;5,3;5,3;5,2;5,6;5,7;5,6;5,3;5,2;4,9;4,9;4,7;4,8;4,8;4,8;4,9;5,4;5,5;5,4;5,0;4,8;4,9;4,9;5,0;4,8;4,8;4,8;5,0;5,5;5,6;5,7;5,4;4,9;4,9;5,4;5,5;5,7;5,6;5,3;5,5;5,9;6,1;6,0;5,8
Powiat siedlecki;071427126000;11,7;11,9;12,1;11,8;10,9;10,4;10,2;10,1;10,3;10,4;10,7;10,6;11,3;11,6;11,5;11,1;10,7;10,4;10,4;10,6;10,8;11,2;11,5;11,9;12,8;13,3;13,2;13,0;12,5;12,2;12,4;12,6;12,7;12,5;12,7;12,8;13,2;13,4;12,9;12,3;11,7;11,4;11,5;11,2;11,1;10,5;10,3;10,1;10,6;10,7;10,4;9,8;9,4;8,8;8,7;8,8;8,6;8,5;8,7;8,7;9,1;9,2;9,0;8,4;8,0;7,6;7,7;7,6;7,4;7,3;7,3;7,4;7,7;7,8;7,6;7,2;6,9;6,8;6,6;6,6;6,6;6,2;6,2;6,1;6,4;6,5;6,4;5,7;5,5;5,3;5,2;5,2;5,0;5,0;5,1;5,5;5,6;5,6;5,4;5,0;4,7;4,6;4,6;4,5;4,5;4,3;4,3;4,3;4,6;4,6;4,4;4,6;4,7;4,8;4,8;4,8;4,8;4,8;4,8;4,8;5,1;5,4;5,2;5,0;4,8;4,7;4,6;4,6;4,6;4,5;4,5;5,1;5,4;5,4;5,4;5,1;4,9;4,8;4,8;4,9;4,8;5,0;4,7;5,0;5,3;5,4;5,3;5,2;5,0;4,9;5,0;5,0;4,8;4,8;4,7;4,8;5,2;5,4;5,2;4,9;4,8;4,8;4,9;5,0;4,9;4,7;4,7;4,9;5,3;5,5;5,3;5,1;5,1;5,1;5,2;5,4;5,5;5,4;5,4;5,5;5,8;5,9;5,9;5,7
Powiat sokołowski;071427129000;10,3;10,4;10,2;9,8;9,4;9,1;9,0;9,2;9,4;9,6;10,2;10,6;11,2;11,3;11,0;10,4;9,9;9,7;9,9;10,0;10,2;10,1;10,7;11,6;12,2;11,6;11,6;11,2;10,7;10,7;10,8;11,1;11,2;11,3;11,6;12,1;12,5;12,2;11,7;11,2;10,8;10,7;10,8;10,8;10,8;10,9;10,9;11,0;11,5;11,1;10,4;9,9;9,6;9,5;9,5;9,5;9,3;9,1;9,1;9,4;9,8;9,7;9,4;8,8;8,6;8,1;8,2;8,2;8,1;8,0;7,9;8,0;8,6;8,3;7,8;7,1;6,8;6,5;6,6;6,4;6,2;6,0;6,0;6,5;6,9;6,7;6,6;6,2;5,9;5,6;5,5;5,5;5,2;5,0;5,3;5,6;6,0;5,8;5,5;5,1;5,0;4,8;4,9;5,0;4,9;5,0;5,3;5,4;6,0;6,1;5,8;6,1;6,3;6,3;6,2;6,2;6,1;5,9;5,9;6,0;6,3;6,3;5,9;5,6;5,5;5,4;5,4;5,4;5,2;5,1;5,0;6,1;6,6;6,4;6,2;6,1;5,8;5,7;5,8;5,7;5,7;5,5;5,6;5,6;5,9;5,7;5,3;5,1;5,0;4,9;4,9;4,9;5,0;4,9;4,9;5,1;5,5;5,4;5,2;5,2;5,1;5,1;5,2;5,3;5,4;5,2;5,1;5,3;5,6;5,5;5,4;5,2;5,0;5,1;5,4;5,5;5,5;5,3;5,4;5,5;5,8;5,8;5,8;5,8
Powiat węgrowski;071427133000;15,6;15,7;15,5;15,2;15,7;15,0;14,8;14,7;14,4;14,3;14,2;14,3;14,7;14,9;14,8;14,6;14,7;14,7;14,9;15,3;14,9;15,0;15,3;15,7;16,6;17,0;17,0;16,5;16,3;15,8;15,9;16,0;15,8;15,7;15,7;15,7;16,4;16,6;16,4;15,7;15,5;14,7;14,8;14,6;14,0;13,8;13,8;13,8;14,4;14,5;14,1;13,5;13,2;12,5;12,5;12,3;11,9;11,3;11,4;11,3;11,9;12,2;11,5;11,1;11,0;10,5;10,5;10,4;10,0;9,9;9,7;9,7;10,3;10,4;10,0;9,6;9,2;8,8;8,9;8,7;8,1;7,3;7,2;7,2;7,5;7,7;7,4;6,9;6,6;6,4;6,4;6,5;6,3;6,2;6,2;6,3;6,7;6,8;6,7;6,2;5,9;5,8;5,7;5,7;5,5;5,6;5,6;5,6;6,0;6,2;6,1;6,4;6,8;7,1;7,2;7,3;7,1;7,0;6,9;7,0;7,2;7,3;7,0;6,8;6,6;6,4;6,2;6,1;5,8;5,7;5,7;7,1;7,5;7,6;7,2;6,7;6,3;5,9;5,6;5,6;5,6;5,6;5,9;5,7;6,2;6,4;5,9;5,7;5,6;5,4;5,4;5,4;5,4;5,4;5,3;5,2;5,7;6,0;5,6;5,4;5,4;5,3;5,4;5,4;5,2;5,1;5,0;5,0;5,3;5,5;5,4;5,3;5,2;5,2;5,4;5,5;5,7;5,5;5,5;5,5;5,8;6,0;6,0;5,8
Powiat m. Siedlce;071427164000;10,0;10,1;10,3;10,1;9,3;9,1;9,1;9,2;9,4;9,4;9,7;10,1;10,6;10,8;10,8;10,6;10,3;10,1;10,1;10,2;10,4;10,6;10,8;11,5;12,0;12,3;12,3;12,0;11,5;11,4;11,6;11,7;11,8;11,6;11,5;11,8;12,2;12,3;11,8;11,4;10,9;10,6;10,8;10,5;10,2;9,7;9,4;9,2;9,5;9,6;9,3;9,0;8,4;8,2;8,2;7,9;7,6;7,5;7,5;7,9;8,3;8,5;8,4;8,2;7,8;7,5;7,5;7,5;7,2;7,2;7,0;6,8;7,2;7,3;7,1;6,7;6,2;6,1;6,0;6,0;6,0;5,6;5,6;5,5;5,8;5,8;5,8;5,5;5,3;5,2;5,3;5,2;5,0;5,1;5,0;4,8;5,1;5,1;4,9;4,7;4,3;4,2;4,2;4,3;4,1;4,0;3,9;3,9;4,1;4,1;4,0;4,3;4,4;4,5;4,6;4,7;4,7;4,7;4,6;4,6;4,8;5,0;4,8;4,7;4,5;4,4;4,3;4,4;4,3;4,2;4,2;4,3;4,4;4,4;4,5;4,4;4,3;4,1;4,1;4,2;4,2;4,1;4,0;4,0;4,1;4,2;4,3;4,3;4,0;3,9;4,0;4,0;3,9;3,7;3,6;3,5;3,9;4,0;3,9;3,8;3,7;3,6;3,6;3,6;3,6;3,5;3,5;3,6;3,8;4,0;4,0;3,8;3,7;3,8;4,1;4,3;4,5;4,3;4,3;4,3;4,6;4,8;4,7;4,6
Powiat grójecki;071427306000;8,2;8,3;8,5;8,3;7,9;7,8;7,8;7,7;7,6;7,6;7,9;8,1;8,4;8,6;8,6;8,4;8,3;8,0;8,0;8,2;8,0;8,2;8,6;8,6;9,1;9,4;9,2;9,0;8,7;8,5;8,2;8,2;8,2;8,0;8,1;8,2;8,6;8,4;7,9;7,8;7,3;7,2;7,2;6,9;6,8;6,5;6,2;6,1;6,5;6,5;6,4;6,1;5,8;5,3;5,1;5,1;4,8;4,5;4,6;4,5;5,0;5,1;4,7;4,6;4,5;4,4;4,2;4,2;3,9;3,6;3,4;3,3;3,5;3,5;3,4;3,0;2,8;2,6;2,5;2,4;2,4;2,2;2,2;2,4;2,6;2,6;2,5;2,4;2,3;2,2;2,2;2,2;2,1;1,9;1,9;2,1;2,3;2,3;2,2;2,1;2,0;1,9;1,9;1,9;1,9;2,0;2,0;1,9;2,2;2,2;2,2;2,4;2,6;2,7;2,8;2,7;2,7;2,6;2,6;2,7;2,8;2,9;2,9;2,8;2,7;2,6;2,5;2,4;2,4;2,2;2,1;2,3;2,4;2,4;2,6;2,5;2,5;2,3;2,2;2,3;2,3;2,3;2,3;2,4;2,6;2,5;2,6;2,7;2,8;2,6;2,6;2,7;2,6;2,6;2,6;2,7;2,8;2,9;3,0;3,0;2,9;2,8;2,8;2,8;2,6;2,6;2,7;2,6;2,8;3,0;3,0;2,9;2,6;2,8;2,9;3,0;3,3;3,2;3,2;3,2;3,4;3,5;3,5;3,6
Powiat sochaczewski;071427328000;11,2;11,1;11,2;11,0;11,2;10,8;10,8;11,0;10,6;10,4;10,6;10,9;11,8;12,1;12,0;11,6;11,5;11,2;10,9;11,2;11,2;11,0;11,2;11,5;12,5;13,1;13,1;13,0;12,8;12,4;12,2;12,2;11,8;11,5;11,4;11,5;12,0;12,0;11,8;11,6;11,3;11,0;10,8;10,9;10,7;10,4;10,4;10,5;10,8;10,8;10,4;10,2;9,8;9,5;9,3;9,0;8,8;8,8;8,7;8,7;9,1;9,1;8,9;8,7;8,6;8,4;8,3;8,1;8,2;8,1;8,0;8,1;8,1;8,1;8,0;7,6;7,4;7,1;7,1;7,1;6,9;6,7;6,7;7,0;7,3;7,2;6,7;6,5;6,3;6,3;6,3;6,4;6,1;6,0;6,1;5,9;6,2;6,1;6,0;5,7;5,6;5,5;5,3;5,2;4,9;4,7;4,7;4,6;4,8;5,0;4,9;5,1;5,4;5,5;5,5;5,4;5,3;5,0;4,8;4,7;5,0;5,0;4,8;4,9;4,9;4,8;4,9;4,8;4,4;3,7;3,8;4,2;4,5;4,4;4,2;3,8;3,6;3,3;3,1;3,1;3,1;3,1;3,1;3,0;3,3;3,2;3,0;2,7;2,7;2,5;2,5;2,5;2,6;2,5;2,4;2,4;2,9;2,9;2,7;2,7;2,7;2,7;2,7;2,8;2,7;2,6;2,7;2,7;3,1;3,1;3,0;2,8;2,7;2,9;3,2;3,4;3,4;3,4;3,4;3,4;3,7;3,8;3,8;3,7
Powiat żyrardowski;071427338000;14,6;14,9;14,8;14,6;14,8;14,4;14,0;13,8;13,7;13,6;13,5;13,7;14,8;14,9;14,8;14,6;14,4;14,4;14,5;14,9;14,7;14,6;14,9;15,3;16,4;16,8;17,0;16,8;16,5;16,4;16,6;16,3;16,3;16,1;16,2;16,4;17,0;17,1;17,0;16,4;16,1;16,1;15,8;15,8;15,7;15,6;15,6;15,4;16,1;15,9;15,5;15,2;14,9;14,7;14,5;14,5;14,3;13,9;13,7;13,9;14,5;14,3;14,2;14,1;14,0;13,5;13,4;13,5;13,1;13,0;13,0;13,0;13,2;12,9;12,6;12,3;12,1;11,7;11,9;11,8;11,7;11,2;11,0;11,1;11,4;11,4;11,1;10,9;10,7;10,4;10,4;10,5;10,3;10,3;10,2;10,4;10,6;10,5;10,2;10,0;9,8;9,6;9,8;9,8;9,7;9,7;9,6;9,5;9,7;9,5;9,5;9,8;10,1;10,2;10,4;10,5;10,5;10,6;10,8;10,6;10,9;10,9;10,9;10,7;10,7;10,4;10,1;10,0;9,6;9,4;9,2;9,8;9,7;9,7;9,8;9,8;9,5;9,2;9,2;9,2;9,1;8,9;8,8;8,5;8,9;8,9;8,7;8,6;8,4;8,4;8,4;8,4;8,6;8,6;8,4;8,4;8,8;8,9;8,7;8,5;8,5;8,7;8,7;8,8;8,9;8,6;8,6;8,6;8,9;8,9;8,7;8,6;8,2;8,4;8,7;8,8;8,9;8,9;8,8;8,9;9,3;9,3;9,4;9,2
